Distance,0,1,2,3,4,5,6,7,8,9,10,11,12,13,14,15,16,17,18,19,20,21,22,23,24,25,26,27,28,29,30,31,32,33,34,35,36,37,38,39,40,41,42,43,44,45,46,47,48,49,50,51,52,53,54,55,56,57,58,59,60,61,62,63,64,65,66,67,68,69,70,71,72,73,74,75,76,77,78,79,80,81,82,83,84,85,86,87,88,89,90,91,92,93,94,95,96,97,98,99,100,101,102,103,104,105,106,107,108,109,110,111,112,113,114,115,116,117,118,119,120,121,122,123,124,125,126,127,128,129,130,131,132,133,134,135,136,137,138,139
0.0,-48.7448,-48.7441,-48.7441,-48.7441,-48.7362,-48.7362,-48.7134,-48.7134,-48.7134,-48.6702,-48.6702,-48.6702,-39.9738,-39.9738,-39.9738,-39.9706,-39.9706,-39.9706,-15.1349,-13.8831,-13.5131,-13.5131,-13.5131,-13.4727,-13.4727,-13.4727,-2.657,-2.1,-2.1,-2.1,-1.4599,-1.2244,-1.2244,-0.1723,-0.1723,0.5266,0.5266,0.5266,0.7092,0.7092,0.7092,0.8905,0.8905,0.8905,1.5201,1.5201,1.5201,2.2195,2.2195,2.2195,4.9412,4.9412,5.9664,5.9664,5.9664,6.0092,6.4199,6.4199,6.4199,6.5021,6.5021,6.5021,7.1813,7.1813,7.1813,7.37,7.37,7.6973,7.6973,7.6973,7.8373,8.7107,8.7107,8.7107,8.9924,8.9924,9.49,9.49,9.8953,9.8953,9.8953,12.0356,12.0356,12.0356,13.4303,13.662,13.662,13.662,15.8436,16.7928,16.7928,16.7928,17.0122,17.0122,18.54,18.6346,18.6346,20.1776,21.0472,21.0472,21.0472,21.2434,21.2434,21.2434,22.7308,22.7308,22.7308,22.8038,22.8038,23.6659,23.6659,23.6659,24.4667,24.8254,24.8254,24.8254,26.119,26.119,26.119,29.9067,29.9067,29.9067,30.0577,30.0577,30.0577,30.083,30.083,30.0831,30.2622,31.9773,31.9773,32.7654,32.7655,32.902,32.9026,32.9069,33.7246,33.8903,34.1935,34.2559
0.03250294228321044,-48.7447,-48.7441,-48.744,-48.744,-48.7362,-48.7362,-48.7134,-48.7134,-48.7134,-48.6703,-48.6703,-48.6703,-39.9738,-39.9737,-39.9737,-39.9706,-39.9706,-39.9706,-15.1333,-13.8843,-13.5144,-13.5144,-13.5135,-13.4731,-13.4713,-13.4713,-2.6538,-2.0973,-2.0969,-2.0969,-1.4591,-1.2244,-1.2226,-0.1747,-0.1721,0.5245,0.5245,0.5264,0.7073,0.7073,0.71,0.8878,0.8896,0.8896,1.5152,1.5213,1.5213,2.2122,2.2181,2.2181,4.944,4.946,5.9657,5.9675,5.9675,6.01,6.4196,6.4196,6.4198,6.5016,6.5022,6.5022,7.1806,7.1806,7.1806,7.3663,7.3703,7.695,7.695,7.6957,7.8469,8.7069,8.7112,8.7112,8.9936,8.9941,9.4871,9.489,9.8962,9.8965,9.8965,12.0411,12.0411,12.044,13.42,13.667,13.667,13.6765,15.846,16.7842,16.7928,16.7928,17.0123,17.0183,18.5425,18.6253,18.626,20.1742,21.0338,21.0338,21.0534,21.2425,21.2425,21.2433,22.7258,22.7258,22.746,22.7814,22.8069,23.6575,23.6575,23.6787,24.3593,24.8275,24.8275,24.9422,26.1339,26.1339,26.1446,29.8835,29.8835,29.9036,29.9745,30.0183,30.0183,30.037,30.1417,30.1418,30.2893,31.9789,31.9845,32.7136,32.7243,32.9196,32.927,33.0284,33.7087,33.9059,34.1798,34.2062
0.06500588456642088,-48.7445,-48.744,-48.7439,-48.7439,-48.7362,-48.7361,-48.7135,-48.7135,-48.7135,-48.6706,-48.6703,-48.6703,-39.9738,-39.9737,-39.9737,-39.9706,-39.9706,-39.9706,-15.1286,-13.8879,-13.5179,-13.5179,-13.5148,-13.4744,-13.4678,-13.4678,-2.6444,-2.0891,-2.0876,-2.0876,-1.4567,-1.2245,-1.2174,-0.1822,-0.1715,0.5182,0.5182,0.5257,0.702,0.702,0.7121,0.8797,0.8869,0.8869,1.5004,1.5247,1.5247,2.1904,2.2141,2.2141,4.9523,4.9601,5.9637,5.9708,5.9708,6.0122,6.4187,6.4187,6.4194,6.5003,6.5026,6.5026,7.1782,7.1784,7.1784,7.3547,7.371,7.6881,7.6881,7.691,7.8761,8.696,8.713,8.713,8.9972,8.9987,9.4787,9.486,9.8984,9.8999,9.8999,12.0573,12.0573,12.0691,13.394,13.6821,13.6821,13.7148,15.8532,16.76,16.7927,16.7927,17.0124,17.0342,18.5495,18.5977,18.6007,20.1644,20.9896,20.9896,21.0718,21.2423,21.2447,21.2447,22.7096,22.7097,22.7158,22.7911,22.8161,23.6329,23.6329,23.7166,24.1713,24.8314,24.8314,25.1581,26.1798,26.1798,26.2196,29.7122,29.8247,29.8247,29.8937,29.9754,29.9764,29.9764,30.2303,30.2303,30.3389,31.9558,31.9834,32.6079,32.7406,32.9703,32.9713,33.2348,33.6449,33.8537,34.1503,34.2348
0.09750882684963133,-48.7441,-48.744,-48.7437,-48.7437,-48.7362,-48.736,-48.7137,-48.7136,-48.7136,-48.671,-48.6704,-48.6704,-39.9738,-39.9738,-39.9737,-39.9707,-39.9706,-39.9706,-15.1209,-13.894,-13.5229,-13.5229,-13.5171,-13.4768,-13.463,-13.463,-2.6289,-2.0756,-2.0723,-2.0723,-1.4527,-1.2246,-1.2088,-0.1946,-0.1705,0.5072,0.5072,0.5246,0.694,0.694,0.7157,0.8664,0.8825,0.8825,1.4763,1.5296,1.5296,2.155,2.2076,2.2076,4.9658,4.9832,5.9602,5.9762,5.9762,6.016,6.4172,6.4172,6.4188,6.4979,6.5032,6.5032,7.174,7.1748,7.1748,7.3342,7.3723,7.6764,7.6764,7.6831,7.9255,8.6798,8.7163,8.7163,9.003,9.0055,9.4653,9.4811,9.9015,9.9053,9.9053,12.0838,12.0838,12.1103,13.3595,13.7075,13.7075,13.7689,15.8653,16.7236,16.7925,16.7925,17.0125,17.0573,18.5525,18.5601,18.5612,20.15,20.9102,20.9102,21.1019,21.2386,21.2576,21.2576,22.6125,22.6816,22.6816,22.8311,22.8649,23.5932,23.5932,23.7796,23.9744,24.8311,24.8311,25.4003,26.26,26.2601,26.3388,29.3585,29.7454,29.7454,29.877,29.8778,29.9293,29.9293,30.3387,30.3387,30.4056,31.8553,31.9896,32.4357,32.8792,33.0493,33.0507,33.4661,33.5811,33.8639,34.1085,34.2366
0.13001176913284176,-48.7439,-48.7436,-48.7434,-48.7434,-48.7362,-48.7358,-48.7138,-48.7138,-48.7138,-48.6716,-48.6705,-48.6705,-39.9738,-39.9738,-39.9737,-39.9707,-39.9706,-39.9706,-15.1103,-13.9027,-13.5289,-13.5289,-13.5202,-13.48,-13.4576,-13.4576,-2.6073,-2.0568,-2.051,-2.051,-1.4472,-1.2246,-1.1967,-0.212,-0.1692,0.4911,0.4911,0.523,0.6844,0.6844,0.7208,0.8479,0.8763,0.8763,1.4433,1.5355,1.5355,2.1074,2.1991,2.1991,4.9841,5.0146,5.9553,5.9835,5.9835,6.0212,6.4152,6.4152,6.4178,6.4943,6.5041,6.5041,7.1672,7.1697,7.1697,7.3044,7.3739,7.6599,7.6599,7.6725,7.9956,8.6604,8.7217,8.7217,9.0108,9.0136,9.4477,9.4743,9.9046,9.9121,9.9121,12.1199,12.1199,12.1665,13.3201,13.7433,13.7433,13.8339,15.8827,16.6779,16.7925,16.7925,17.0125,17.0857,18.4909,18.5063,18.5776,20.133,20.798,20.798,21.1431,21.2302,21.283,21.283,22.4783,22.6401,22.6401,22.8519,22.9657,23.5414,23.5414,23.7801,23.8661,24.8203,24.8203,25.6565,26.3775,26.3775,26.4961,28.9516,29.6527,29.6527,29.7473,29.8566,29.8727,29.8727,30.4676,30.4676,30.493,31.7151,31.991,32.2324,33.0671,33.1497,33.1521,33.4831,33.6974,33.9365,34.0648,34.1451
0.16251471141605223,-48.7439,-48.7431,-48.7431,-48.7429,-48.7362,-48.7356,-48.7141,-48.714,-48.714,-48.6724,-48.6707,-48.6707,-39.9738,-39.9738,-39.9736,-39.9707,-39.9706,-39.9706,-15.0966,-13.9138,-13.5352,-13.5352,-13.5241,-13.484,-13.4518,-13.4518,-2.58,-2.0329,-2.0239,-2.0239,-1.4403,-1.2242,-1.1812,-0.2343,-0.1678,0.4697,0.4697,0.521,0.6742,0.6742,0.7272,0.8243,0.8686,0.8686,1.4025,1.5415,1.5415,2.0492,2.1891,2.1891,5.0068,5.0536,5.9489,5.9925,5.9925,6.028,6.4126,6.4126,6.4164,6.4894,6.5053,6.5053,7.1573,7.1633,7.1633,7.2655,7.376,7.6389,7.6389,7.6594,8.0856,8.6403,8.7298,8.7298,9.0204,9.0223,9.4269,9.4658,9.9069,9.9201,9.9201,12.1648,12.1648,12.2365,13.2772,13.7899,13.7899,13.9068,15.9059,16.625,16.7932,16.7932,17.0129,17.1189,18.4147,18.4417,18.599,20.1153,20.6591,20.6592,21.1947,21.2153,21.3196,21.3196,22.3198,22.5838,22.5838,22.8783,23.0917,23.481,23.481,23.5908,23.9753,24.7949,24.7949,25.9225,26.5325,26.5325,26.6849,28.5145,29.551,29.551,29.5924,29.8061,29.8061,29.8315,30.6017,30.6172,30.6172,31.5621,31.9195,32.0811,33.2578,33.2638,33.2679,33.3949,33.9446,34.0065,34.0299,34.2408
0.19501765369926266,-48.7438,-48.7427,-48.7427,-48.7421,-48.7362,-48.7353,-48.7144,-48.7142,-48.7142,-48.6733,-48.6709,-48.6709,-39.9738,-39.9738,-39.9736,-39.9708,-39.9705,-39.9705,-15.08,-13.9274,-13.5417,-13.5417,-13.5286,-13.4888,-13.4459,-13.4459,-2.547,-2.004,-1.9912,-1.9912,-1.4322,-1.2234,-1.1624,-0.2617,-0.1663,0.4431,0.4431,0.5186,0.6637,0.6637,0.7352,0.7957,0.8596,0.8596,1.3546,1.5466,1.5466,1.9825,2.1784,2.1784,5.0331,5.0994,5.9409,6.0031,6.0031,6.0362,6.4097,6.4097,6.4145,6.483,6.5067,6.5067,7.1434,7.1555,7.1555,7.2184,7.3784,7.6135,7.6135,7.6441,8.194,8.622,8.741,8.741,9.0311,9.0314,9.4038,9.4558,9.9076,9.9284,9.9284,12.2173,12.2173,12.3187,13.2307,13.8476,13.8476,13.9854,15.9353,16.5667,16.795,16.795,17.0134,17.1569,18.326,18.3688,18.6255,20.0982,20.4996,20.4997,21.193,21.256,21.3654,21.3654,22.143,22.5106,22.5106,22.9098,23.2403,23.4073,23.4159,23.4159,24.1053,24.7541,24.7542,26.1959,26.7219,26.7219,26.8996,28.0605,29.4182,29.4438,29.4438,29.7299,29.7299,29.8041,30.7309,30.7867,30.7868,31.4079,31.6962,32.0708,33.3042,33.3825,33.3848,33.4277,33.9522,33.9621,34.1503,34.2323
0.2275205959824731,-48.7437,-48.7422,-48.7422,-48.7413,-48.736,-48.7349,-48.7147,-48.7145,-48.7145,-48.6744,-48.6711,-48.6711,-39.9739,-39.9739,-39.9735,-39.9708,-39.9705,-39.9705,-15.0606,-13.9434,-13.5483,-13.5483,-13.5336,-13.4941,-13.4399,-13.4399,-2.5089,-1.9704,-1.9532,-1.9532,-1.423,-1.222,-1.1402,-0.2939,-0.1648,0.4121,0.4121,0.5158,0.6526,0.6526,0.7445,0.762,0.8495,0.8495,1.3008,1.5501,1.5501,1.9092,2.1675,2.1675,5.0627,5.1508,5.9314,6.015,6.015,6.0459,6.4065,6.4065,6.412,6.4749,6.5083,6.5083,7.1249,7.1464,7.1464,7.1645,7.381,7.5843,7.5843,7.6271,8.3188,8.6079,8.7556,8.7556,9.0397,9.0437,9.3796,9.4443,9.906,9.9368,9.9368,12.2762,12.2763,12.4114,13.1802,13.9167,13.9167,14.0676,15.9716,16.5047,16.7983,16.7983,17.0143,17.2002,18.2273,18.2899,18.6579,20.0821,20.3246,20.3246,21.1633,21.3264,21.4188,21.4188,21.9523,22.4192,22.4192,22.9459,23.2297,23.3503,23.3503,23.4091,24.254,24.6999,24.6999,26.4746,26.9406,26.9406,27.1358,27.5979,29.2298,29.3348,29.3348,29.6451,29.6451,29.776,30.8789,30.9748,30.9748,31.2579,31.4396,32.0901,33.2121,33.4984,33.5162,33.5717,33.9324,33.9692,34.3255,34.3673
0.26002353826568353,-48.7436,-48.7416,-48.7416,-48.7404,-48.7358,-48.7346,-48.7151,-48.7148,-48.7148,-48.6756,-48.6713,-48.6713,-39.9739,-39.9739,-39.9735,-39.9709,-39.9705,-39.9705,-15.0386,-13.962,-13.5549,-13.5549,-13.539,-13.5002,-13.4341,-13.4341,-2.4659,-1.9325,-1.9102,-1.9102,-1.4128,-1.2196,-1.1148,-0.3308,-0.1637,0.3777,0.3777,0.5127,0.6402,0.6402,0.7232,0.7553,0.839,0.839,1.2421,1.5514,1.5514,1.8318,2.157,2.157,5.0948,5.2071,5.9202,6.0277,6.0277,6.057,6.403,6.403,6.4087,6.4651,6.5101,6.5101,7.1012,7.1051,7.1359,7.1359,7.3838,7.5518,7.5518,7.6088,8.4575,8.5996,8.7735,8.7735,9.048,9.0568,9.3556,9.4316,9.9016,9.9445,9.9445,12.3403,12.3403,12.5126,13.1251,13.9975,13.9975,14.1507,16.0154,16.441,16.8034,16.8034,17.0154,17.2493,18.121,18.2073,18.6967,20.0665,20.1381,20.1381,21.127,21.4054,21.4778,21.4778,21.7511,22.3092,22.3092,22.9862,23.0583,23.287,23.287,23.5958,24.4188,24.635,24.635,26.7557,27.1323,27.1816,27.1816,27.3899,29.0315,29.2274,29.2274,29.5533,29.5533,29.7488,31.0391,31.1186,31.1764,31.1792,31.1792,32.1174,33.1135,33.5979,33.6043,33.6731,33.9058,33.949,34.3277,34.5495
0.29252648054889396,-48.7434,-48.741,-48.741,-48.7397,-48.7353,-48.7341,-48.7155,-48.7152,-48.7152,-48.677,-48.6715,-48.6715,-39.9739,-39.9739,-39.9734,-39.971,-39.9705,-39.9705,-15.0139,-13.9829,-13.5614,-13.5614,-13.5447,-13.5069,-13.4285,-13.4285,-2.4184,-1.8905,-1.8626,-1.8626,-1.4017,-1.216,-1.0861,-0.3722,-0.1631,0.3409,0.3409,0.5092,0.6252,0.6252,0.679,0.7675,0.8288,0.8288,1.1798,1.5502,1.5502,1.7522,2.1477,2.1477,5.1291,5.2671,5.9075,6.0412,6.0412,6.0696,6.3994,6.3994,6.4045,6.4533,6.5121,6.5121,7.0416,7.0719,7.1242,7.1242,7.3866,7.517,7.517,7.5896,8.5988,8.6068,8.7946,8.7946,9.0561,9.0704,9.3337,9.4179,9.8941,9.9514,9.9514,12.4081,12.4081,12.6205,13.0647,14.0901,14.0901,14.2319,16.0675,16.3779,16.811,16.811,17.0173,17.3047,18.0095,18.1227,18.7426,19.9435,19.9435,20.0504,21.0858,21.4926,21.539,21.539,21.542,22.1836,22.1836,22.893,23.0298,23.228,23.228,23.7983,24.5627,24.5627,24.5969,26.6683,27.0359,27.4366,27.4366,27.659,28.8274,29.1258,29.1258,29.4579,29.4579,29.7251,30.9133,30.9713,31.2295,31.3975,31.3975,32.1501,33.0117,33.6711,33.7307,33.7523,33.9112,33.9684,34.272,34.3613
0.32502942283210445,-48.7433,-48.7404,-48.7404,-48.7391,-48.7345,-48.7337,-48.716,-48.7156,-48.7156,-48.6785,-48.6718,-48.6718,-39.974,-39.974,-39.9734,-39.971,-39.9704,-39.9704,-14.9867,-14.0063,-13.5677,-13.5677,-13.5504,-13.5137,-13.423,-13.423,-2.3669,-1.8449,-1.8108,-1.8108,-1.3902,-1.2105,-1.0544,-0.4179,-0.1634,0.303,0.303,0.5054,0.6066,0.6066,0.6289,0.781,0.8195,0.8195,1.1148,1.5465,1.5465,1.6727,2.1397,2.1397,5.165,5.33,5.8932,6.0549,6.0549,6.0837,6.3959,6.3959,6.399,6.4396,6.5143,6.5143,6.9754,7.0373,7.1112,7.1112,7.3894,7.4808,7.4808,7.5699,8.6062,8.7619,8.8184,8.8184,9.064,9.0843,9.3172,9.4035,9.8833,9.957,9.957,12.4783,12.4783,12.733,12.9986,14.1945,14.1945,14.3081,16.1285,16.3181,16.8214,16.8214,17.02,17.3669,17.8953,18.0378,18.7971,19.7436,19.7436,20.0321,21.0425,21.327,21.5875,21.595,21.595,22.051,22.051,22.7341,23.0759,23.1743,23.1743,24.0142,24.4862,24.4862,24.7836,26.2111,27.3108,27.6943,27.6943,27.9409,28.6211,29.0346,29.0346,29.365,29.365,29.707,30.6541,30.8421,31.4223,31.627,31.627,32.1876,32.9041,33.7113,33.726,33.8122,33.9281,33.9601,34.1911,34.2943
0.3575323651153149,-48.7431,-48.7396,-48.7396,-48.7388,-48.7333,-48.7332,-48.7165,-48.716,-48.716,-48.6802,-48.6721,-48.6721,-39.974,-39.974,-39.9733,-39.9711,-39.9704,-39.9704,-14.9571,-14.032,-13.5737,-13.5737,-13.5562,-13.5208,-13.4177,-13.4177,-2.312,-1.7965,-1.7555,-1.7555,-1.3789,-1.2023,-1.0196,-0.4673,-0.1649,0.2648,0.2648,0.5014,0.5724,0.5831,0.5831,0.796,0.812,0.812,1.0485,1.5405,1.5405,1.5953,2.1333,2.1333,5.2021,5.3949,5.8774,6.0685,6.0685,6.0992,6.3922,6.3925,6.3925,6.424,6.5167,6.5167,6.9078,6.9979,7.0971,7.0971,7.3921,7.4444,7.4444,7.5501,8.6218,8.8443,8.8443,8.9128,9.0721,9.0982,9.3149,9.3886,9.869,9.9613,9.9613,12.5496,12.5496,12.8484,12.926,14.3104,14.3104,14.3756,16.1988,16.2644,16.8345,16.8345,17.0238,17.4362,17.7805,17.9538,18.8609,19.5408,19.5408,20.0093,21.0001,21.1078,21.62,21.62,21.6895,21.9386,21.9386,22.5816,23.1232,23.1255,23.1255,24.2417,24.4081,24.4081,24.9658,25.7739,27.5743,27.9358,27.9358,28.2333,28.4154,28.9597,28.9597,29.2868,29.2868,29.6978,30.4018,30.7198,31.6258,31.8641,31.8641,32.2296,32.7929,33.4507,33.7311,33.7547,33.8184,34.0023,34.0578,34.2532
0.3900353223498791,-48.7429,-48.7389,-48.7389,-48.7387,-48.7326,-48.7318,-48.7171,-48.7165,-48.7165,-48.682,-48.6724,-48.6724,-39.9741,-39.974,-39.9733,-39.9712,-39.9704,-39.9703,-14.9253,-14.06,-13.5796,-13.5796,-13.5618,-13.5281,-13.4128,-13.4128,-2.2541,-1.7458,-1.6971,-1.6971,-1.369,-1.1899,-0.982,-0.5201,-0.1681,0.2273,0.2273,0.4973,0.5093,0.5543,0.5543,0.8065,0.8065,0.8122,0.9818,1.5217,1.5325,1.5325,2.1286,2.1286,5.2399,5.461,5.8603,6.0818,6.0818,6.1161,6.3837,6.3895,6.3895,6.4067,6.5191,6.5191,6.84,6.9547,7.0819,7.0819,7.3946,7.4087,7.4087,7.5307,8.6452,8.8715,8.8715,9.0342,9.0806,9.1118,9.3503,9.3734,9.8516,9.964,9.964,12.6208,12.6208,12.8462,12.9648,14.4309,14.4375,14.4375,16.2197,16.2786,16.85,16.8501,17.0284,17.5124,17.6673,17.8716,18.9357,19.3374,19.3374,19.9796,20.8856,20.962,21.5554,21.5554,21.7981,21.9074,21.9074,22.4354,23.0808,23.0808,23.1703,24.3305,24.3305,24.478,25.0476,25.4523,27.8186,28.1284,28.1284,28.2129,28.5342,28.9031,28.9031,29.2534,29.2534,29.701,30.1589,30.6054,31.836,32.1042,32.1043,32.2759,32.6824,33.0306,33.7385,33.763,33.8252,34.067,34.1266,34.2026
0.4225382646330895,-48.7428,-48.7387,-48.7381,-48.7381,-48.732,-48.73,-48.7176,-48.717,-48.717,-48.6839,-48.6726,-48.6726,-39.9741,-39.9741,-39.9732,-39.9712,-39.9703,-39.9703,-14.8914,-14.0902,-13.5851,-13.5851,-13.5672,-13.5354,-13.4082,-13.4082,-2.1938,-1.6938,-1.6365,-1.6365,-1.3618,-1.1713,-0.9416,-0.5757,-0.1734,0.1913,0.1913,0.4392,0.4932,0.5201,0.5201,0.8031,0.8031,0.8297,0.916,1.4532,1.5232,1.5232,2.1253,2.1253,5.2781,5.5276,5.8419,6.0942,6.0942,6.1342,6.3733,6.3869,6.3869,6.388,6.5217,6.5217,6.7732,6.9087,7.0658,7.0658,7.3746,7.3746,7.3968,7.5121,8.6754,8.8994,8.8994,9.09,9.093,9.1251,9.3581,9.4542,9.8321,9.9653,9.9653,12.6905,12.6905,12.7587,13.0808,14.4709,14.5751,14.5751,16.1869,16.3676,16.8677,16.8677,17.0345,17.5578,17.5953,17.7922,19.0233,19.1356,19.1356,19.9407,20.662,20.9316,21.4097,21.4097,21.9126,21.9518,21.9518,22.2957,23.0395,23.0395,23.2156,24.2555,24.2555,24.7214,24.7572,25.5183,28.0169,28.0338,28.2342,28.2342,28.8406,28.8487,28.8487,29.3194,29.3194,29.7219,29.9284,30.4991,32.0493,32.3268,32.3421,32.3422,32.5797,32.621,33.7512,33.7638,33.8119,34.1356,34.1745,34.1969
0.45504120691629996,-48.7426,-48.7388,-48.7373,-48.7373,-48.7314,-48.7282,-48.7183,-48.7176,-48.7176,-48.6859,-48.6729,-48.6729,-39.9741,-39.9741,-39.9731,-39.9713,-39.9703,-39.9703,-14.8556,-14.1225,-13.5902,-13.5902,-13.5721,-13.5426,-13.4039,-13.4039,-2.1317,-1.6413,-1.5745,-1.5745,-1.3588,-1.1445,-0.8987,-0.6335,-0.1815,0.1575,0.1575,0.3621,0.481,0.481,0.4891,0.8015,0.8015,0.8484,0.8522,1.3907,1.5131,1.5131,2.1234,2.1234,5.3164,5.594,5.8225,6.1055,6.1055,6.1533,6.3606,6.3681,6.3849,6.3849,6.5242,6.5242,6.7087,6.8611,7.0489,7.049,7.343,7.343,7.3987,7.4944,8.7108,8.9271,8.9271,9.1009,9.1038,9.138,9.343,9.6051,9.8162,9.9652,9.9652,12.6629,12.7576,12.7576,13.195,14.493,14.7224,14.7224,16.1679,16.4643,16.8858,16.8858,17.0421,17.455,17.6838,17.716,18.938,18.938,19.1255,19.8911,20.4386,20.9115,21.2349,21.2349,22.0224,22.0224,22.0322,22.1624,23.0008,23.0008,23.2572,24.1846,24.1846,24.3449,24.9693,25.7211,27.8296,28.2094,28.2515,28.2515,28.7794,28.7794,29.1468,29.503,29.503,29.7131,29.7663,30.4011,32.2193,32.2618,32.3822,32.4944,32.5704,32.5705,33.7201,33.764,33.8085,34.0434,34.1968,34.237
0.4875441491995104,-48.7424,-48.7389,-48.7365,-48.7364,-48.7308,-48.7262,-48.7189,-48.7182,-48.7182,-48.688,-48.6731,-48.6731,-39.9742,-39.9741,-39.973,-39.9714,-39.9702,-39.9702,-14.8181,-14.1568,-13.5948,-13.5948,-13.5766,-13.5495,-13.4,-13.4,-2.0685,-1.5893,-1.5121,-1.5121,-1.361,-1.1081,-0.8534,-0.693,-0.1929,0.1266,0.1266,0.2785,0.4378,0.4378,0.4854,0.7914,0.8013,0.8013,0.8681,1.3344,1.5027,1.5027,2.1224,2.1224,5.3543,5.6597,5.8022,6.1155,6.1155,6.1732,6.3454,6.3476,6.3837,6.3837,6.5268,6.5268,6.6476,6.813,7.0318,7.0318,7.3144,7.3144,7.4003,7.4782,8.7496,8.9541,8.9541,9.0962,9.1143,9.1502,9.3282,9.7188,9.8572,9.964,9.964,12.5583,12.821,12.821,13.3065,14.4964,14.8784,14.8784,16.1636,16.5655,16.9022,16.9022,17.0516,17.3632,17.6438,17.776,18.7477,18.7477,19.2445,19.8304,20.2172,20.9035,21.0521,21.0521,22.0354,22.1007,22.1007,22.1559,22.9638,22.9638,23.2929,23.9247,24.1192,24.1192,25.2189,25.9466,27.6537,28.2155,28.2155,28.3363,28.7021,28.7021,29.4371,29.5168,29.7622,29.7622,29.8466,30.3115,31.8268,32.4391,32.4422,32.4689,32.7805,32.7811,33.6541,33.776,33.7965,33.9721,34.2396,34.2988
0.5200470914827209,-48.7422,-48.7391,-48.7356,-48.7356,-48.7301,-48.724,-48.7196,-48.7188,-48.7188,-48.6902,-48.6734,-48.6734,-39.9742,-39.9742,-39.9729,-39.9715,-39.9702,-39.9702,-14.7791,-14.1928,-13.599,-13.599,-13.5806,-13.5563,-13.3965,-13.3965,-2.0048,-1.5388,-1.4505,-1.4505,-1.3683,-1.0615,-0.806,-0.7536,-0.2082,0.0993,0.0993,0.1891,0.3917,0.3917,0.4822,0.7349,0.8021,0.8021,0.8887,1.2843,1.4927,1.4927,2.1222,2.1222,5.3916,5.724,5.7812,6.124,6.124,6.1934,6.3271,6.3275,6.3832,6.3832,6.5293,6.5293,6.5915,6.7654,7.0148,7.0148,7.2892,7.2892,7.4015,7.4635,8.7895,8.9796,8.9796,9.0826,9.1312,9.1619,9.314,9.7145,9.9619,9.9619,10.0223,12.4443,12.8796,12.8796,13.4145,14.4816,15.0418,15.0418,16.1738,16.6627,16.9131,16.9131,17.0631,17.2907,17.5756,17.8691,18.5687,18.5687,19.3816,19.7588,20.0004,20.8703,20.8703,20.908,21.9149,22.1808,22.1808,22.2824,22.9278,22.9278,23.3201,23.5106,24.0603,24.0603,25.4667,26.18,27.4914,28.1555,28.1555,28.4106,28.6265,28.6265,29.3435,29.6634,30.0016,30.0567,30.0567,30.2302,31.4449,32.4261,32.5066,32.6652,32.963,32.9638,33.5649,33.7762,33.7952,33.8548,34.2814,34.3619
0.5525500337659314,-48.7419,-48.7393,-48.7348,-48.7348,-48.7294,-48.7218,-48.7203,-48.7194,-48.7194,-48.6925,-48.6736,-48.6736,-39.9742,-39.9742,-39.9728,-39.9716,-39.9702,-39.9702,-14.7388,-14.2306,-13.6028,-13.6028,-13.584,-13.5626,-13.3934,-13.3934,-1.9413,-1.4919,-1.3913,-1.3913,-1.3789,-1.0049,-0.8146,-0.7568,-0.2282,0.0761,0.0761,0.0949,0.344,0.344,0.4796,0.6833,0.8036,0.8036,0.9101,1.2399,1.4834,1.4834,2.1224,2.1224,5.428,5.7596,5.7867,6.1309,6.1309,6.213,6.3064,6.3074,6.3834,6.3834,6.5317,6.5317,6.5421,6.7191,6.9984,6.9984,7.2676,7.2676,7.4024,7.4505,8.8285,9.003,9.003,9.0671,9.153,9.1729,9.3003,9.6825,9.9592,9.9592,10.2159,12.3208,12.9325,12.9325,13.5185,14.4506,15.211,15.211,16.1969,16.7386,16.9131,16.9131,17.0769,17.255,17.5117,17.9588,18.4064,18.4064,19.5382,19.6784,19.7927,20.6955,20.6955,20.9245,21.8007,22.2597,22.2597,22.4106,22.892,22.892,23.1065,23.3363,24.0087,24.0087,25.7085,26.417,27.3445,28.0872,28.0872,28.4338,28.558,28.558,29.1987,29.7848,30.1575,30.259,30.3641,30.3641,31.0754,32.4652,32.5755,32.8434,33.1109,33.1139,33.4414,33.7279,33.7758,33.8282,34.3204,34.489
0.5850529760491417,-48.7417,-48.7395,-48.734,-48.734,-48.7287,-48.721,-48.72,-48.72,-48.7195,-48.6949,-48.6738,-48.6738,-39.9742,-39.9742,-39.9727,-39.9717,-39.9702,-39.9702,-14.6973,-14.2698,-13.606,-13.606,-13.5865,-13.5683,-13.3907,-13.3907,-1.8785,-1.4567,-1.3841,-1.3359,-1.3359,-0.939,-0.8756,-0.7062,-0.2531,-0.003,0.0576,0.0576,0.2964,0.2964,0.4782,0.6377,0.8053,0.8053,0.9321,1.2005,1.4751,1.4751,2.123,2.123,5.4634,5.7376,5.8472,6.1362,6.1362,6.2307,6.2821,6.2893,6.3841,6.3841,6.5014,6.5338,6.5338,6.6746,6.9834,6.9834,7.2495,7.2495,7.403,7.4393,8.8644,9.0237,9.0237,9.0515,9.1807,9.1835,9.2873,9.6433,9.9562,9.9562,10.4149,12.1875,12.9788,12.9788,13.6186,14.4059,15.384,15.384,16.231,16.7679,16.8957,16.8957,17.0933,17.2803,17.4524,18.0393,18.2668,18.2668,19.5915,19.5916,19.7241,20.5332,20.5333,20.952,21.6929,22.3359,22.3359,22.5387,22.7147,22.8561,22.8561,23.3391,23.9651,23.9651,25.9389,26.6551,27.2142,28.0192,28.0192,28.4106,28.4991,28.4991,29.089,29.8446,30.0935,30.5646,30.6706,30.6706,30.7205,32.5591,32.649,32.9875,33.2207,33.222,33.3091,33.6136,33.7679,33.8296,34.341,34.3564
0.6175559183323522,-48.7415,-48.7397,-48.7333,-48.7333,-48.7279,-48.7218,-48.7206,-48.7206,-48.7171,-48.6973,-48.6739,-48.6739,-39.9743,-39.9743,-39.9726,-39.9718,-39.9702,-39.9701,-14.655,-14.3103,-13.6087,-13.6087,-13.5883,-13.5735,-13.3885,-13.3885,-1.8172,-1.4552,-1.3615,-1.2863,-1.2863,-0.9361,-0.8648,-0.6545,-0.2831,-0.1033,0.0442,0.0442,0.2508,0.2508,0.4782,0.5983,0.8071,0.8071,0.9547,1.1652,1.4681,1.4681,2.1236,2.1236,5.4973,5.7151,5.9053,6.1401,6.1401,6.2446,6.2544,6.2736,6.3853,6.3853,6.4723,6.5357,6.5357,6.6323,6.9702,6.9702,7.235,7.235,7.4036,7.4299,8.8956,9.0361,9.0414,9.0414,9.1936,9.215,9.275,9.5999,9.9532,9.9532,10.6146,12.0445,13.0177,13.0177,13.7146,14.3504,15.5583,15.5583,16.2738,16.7464,16.8544,16.8544,17.1125,17.3692,17.3976,18.1012,18.156,18.156,19.422,19.5014,19.9234,20.3889,20.3889,20.989,21.5914,22.337,22.408,22.408,22.6648,22.8191,22.8191,23.3264,23.9296,23.9296,26.1518,26.8916,27.1006,27.9569,27.9569,28.3461,28.4508,28.4508,29.0222,29.874,30.0383,30.3831,30.8828,30.9645,30.9645,32.7003,32.727,33.0138,33.2463,33.2926,33.2974,33.5005,33.7433,33.765,34.2825,34.2925
0.6500588606155626,-48.7413,-48.7399,-48.7327,-48.7327,-48.7272,-48.7225,-48.7211,-48.7211,-48.7147,-48.6997,-48.674,-48.674,-39.9743,-39.9743,-39.9725,-39.9719,-39.9701,-39.9701,-14.6119,-14.3519,-13.6108,-13.6108,-13.5894,-13.5781,-13.3868,-13.3868,-1.758,-1.4791,-1.3186,-1.2446,-1.2446,-0.9957,-0.7834,-0.6024,-0.3183,-0.2051,0.0361,0.0361,0.2094,0.2094,0.48,0.5655,0.8086,0.8086,0.9778,1.1332,1.4625,1.4625,2.1243,2.1243,5.5298,5.6921,5.9606,6.1428,6.1428,6.2232,6.2524,6.2613,6.3865,6.3865,6.4574,6.5373,6.5373,6.5925,6.9593,6.9593,7.2238,7.2238,7.4043,7.4224,8.9219,9.0214,9.0556,9.0556,9.2033,9.2556,9.2634,9.5532,9.9505,9.9505,10.8127,11.8921,13.0487,13.0487,13.8069,14.2866,15.7295,15.7295,16.3235,16.6955,16.7861,16.7861,17.1348,17.3473,17.4976,18.077,18.077,18.1313,19.2857,19.4109,20.1479,20.2682,20.2682,21.0334,21.4967,21.9757,22.4753,22.4753,22.7804,22.7804,22.7868,23.2966,23.9022,23.9022,26.3408,27.0016,27.1241,27.9045,27.9045,28.2451,28.4132,28.4132,29.0062,29.8865,29.9922,30.0673,31.2016,31.2326,31.2326,32.8097,32.8558,32.8716,33.301,33.3266,33.3287,33.392,33.7074,33.7136,34.2203,34.3845
0.6825618028987731,-48.741,-48.7401,-48.7322,-48.7322,-48.7264,-48.7233,-48.7215,-48.7215,-48.7122,-48.7022,-48.6741,-48.6741,-39.9743,-39.9743,-39.9724,-39.972,-39.9701,-39.9701,-14.5684,-14.3943,-13.6122,-13.6122,-13.5896,-13.5821,-13.3856,-13.3856,-1.7014,-1.5131,-1.27,-1.2129,-1.2129,-1.054,-0.6959,-0.5503,-0.3582,-0.307,0.0329,0.0329,0.1751,0.1751,0.4843,0.5389,0.8099,0.8099,1.0014,1.1039,1.4584,1.4584,2.1248,2.1248,5.5606,5.6682,6.0128,6.1446,6.1446,6.1883,6.2529,6.2539,6.3876,6.3876,6.4577,6.5384,6.5384,6.5557,6.9512,6.9513,7.216,7.216,7.4052,7.4164,8.9436,9.007,9.0659,9.0659,9.2129,9.2525,9.3013,9.504,9.9485,9.9485,11.0077,11.7305,13.0711,13.0711,13.8956,14.2166,15.89,15.89,16.3788,16.6328,16.6965,16.6965,17.1606,17.3016,17.6439,18.0277,18.0277,18.1151,19.1998,19.3245,20.1766,20.1766,20.3945,21.0808,21.4093,21.6357,22.5376,22.5376,22.7394,22.7394,22.9024,23.2492,23.8829,23.8829,26.5012,26.9133,27.3499,27.8648,27.8648,28.1121,28.3866,28.3866,29.0481,29.7785,29.8921,29.9555,31.4568,31.4568,31.5154,32.6348,32.8966,33.0492,33.2862,33.324,33.3292,33.3611,33.6736,33.6978,34.1781,34.2284
0.7150647451819835,-48.7408,-48.7403,-48.7318,-48.7318,-48.7256,-48.724,-48.7218,-48.7218,-48.7097,-48.7047,-48.6742,-48.6742,-39.9743,-39.9743,-39.9723,-39.9721,-39.9701,-39.9701,-14.5246,-14.4374,-13.6131,-13.6131,-13.5889,-13.5851,-13.3848,-13.3848,-1.648,-1.5532,-1.2189,-1.1929,-1.1929,-1.1107,-0.6035,-0.499,-0.408,-0.4021,0.0331,0.0331,0.1514,0.1514,0.4916,0.5182,0.8107,0.8107,1.0256,1.0765,1.4559,1.4559,2.1251,2.1251,5.5898,5.6434,6.0619,6.1455,6.1455,6.1497,6.2489,6.2514,6.3884,6.3884,6.471,6.5224,6.5391,6.5391,6.9463,6.9463,7.2113,7.2113,7.4066,7.412,8.9619,8.9927,9.0722,9.0722,9.2224,9.2421,9.3506,9.4532,9.9471,9.9471,11.1981,11.5604,13.0848,13.0848,13.981,14.1418,16.0213,16.0213,16.4385,16.567,16.6058,16.6058,17.1899,17.2602,17.7936,18.0023,18.0023,18.046,19.1717,19.249,20.1194,20.1194,20.6602,21.1035,21.3313,21.3453,22.5949,22.5949,22.6952,22.6952,23.0089,23.1844,23.8716,23.8716,26.6322,26.8286,27.5657,27.8402,27.8402,27.9513,28.3707,28.3707,29.1507,29.5238,29.8981,29.9279,31.6115,31.6115,31.8197,32.3839,32.988,33.1835,33.2035,33.2992,33.3072,33.3619,33.6508,33.686,34.1566,34.6395
0.747567687465194,-48.7406,-48.7406,-48.7317,-48.7317,-48.7248,-48.7248,-48.7218,-48.7218,-48.7072,-48.7072,-48.6742,-48.6742,-39.9743,-39.9743,-39.9722,-39.9722,-39.9701,-39.9701,-14.4809,-14.4809,-13.6134,-13.6134,-13.5874,-13.5874,-13.3845,-13.3845,-1.5984,-1.5984,-1.1861,-1.1861,-1.1657,-1.1657,-0.5072,-0.5072,-0.4494,-0.4493,0.0338,0.0338,0.1427,0.1427,0.5027,0.5027,0.811,0.811,1.0505,1.0505,1.4551,1.4551,2.1252,2.1252,5.6173,5.6173,6.1076,6.1076,6.1458,6.1458,6.2489,6.2489,6.3886,6.3886,6.4935,6.4935,6.5394,6.5394,6.9447,6.9447,7.2097,7.2097,7.4088,7.4088,8.978,8.978,9.0743,9.0743,9.2321,9.2321,9.4017,9.4017,9.9467,9.9467,11.3827,11.3827,13.0893,13.0893,14.0631,14.0631,16.0785,16.0785,16.5016,16.5016,16.5618,16.5618,17.2231,17.2231,17.933,17.933,17.9946,17.9946,19.1934,19.1934,20.0998,20.0998,20.9334,20.9334,21.2734,21.2734,22.6458,22.6458,22.6486,22.6486,23.1037,23.1037,23.8678,23.8678,26.7384,26.7384,27.7676,27.7676,27.8318,27.8318,28.3654,28.3654,29.3116,29.3116,29.9092,29.9092,31.668,31.6681,32.1106,32.1106,33.0834,33.0837,33.2843,33.2871,33.311,33.3157,33.6416,33.6577,34.1589,34.2559
0.747567687465194,-48.7406,-48.7406,-48.7317,-48.7317,-48.7248,-48.7248,-48.7218,-48.7218,-48.7072,-48.7072,-48.6742,-48.6742,-39.9743,-39.9743,-39.9722,-39.9722,-39.9701,-39.9701,-14.4809,-14.4809,-13.6134,-13.6134,-13.5874,-13.5874,-13.3845,-13.3845,-1.5984,-1.5984,-1.1861,-1.1861,-1.1657,-1.1657,-0.5072,-0.5072,-0.4494,-0.4493,0.0338,0.0338,0.1427,0.1427,0.5027,0.5027,0.811,0.811,1.0505,1.0505,1.4551,1.4551,2.1252,2.1252,5.6173,5.6173,6.1076,6.1076,6.1458,6.1458,6.2489,6.2489,6.3886,6.3886,6.4935,6.4935,6.5394,6.5394,6.9447,6.9447,7.2097,7.2097,7.4088,7.4088,8.978,8.978,9.0743,9.0743,9.2321,9.2321,9.4017,9.4017,9.9467,9.9467,11.3827,11.3827,13.0893,13.0893,14.0631,14.0631,16.0785,16.0785,16.5016,16.5016,16.5618,16.5618,17.2231,17.2231,17.933,17.933,17.9946,17.9946,19.1934,19.1934,20.0998,20.0998,20.9334,20.9334,21.2734,21.2734,22.6458,22.6458,22.6486,22.6486,23.1037,23.1037,23.8678,23.8678,26.7384,26.7384,27.7676,27.7676,27.8318,27.8318,28.3654,28.3654,29.3116,29.3116,29.9092,29.9092,31.668,31.668,32.1106,32.1106,33.0834,33.0835,33.2847,33.2854,33.3112,33.314,33.6433,33.6557,34.1408,34.2013
0.7787163361257925,-48.7405,-48.7405,-48.7318,-48.7318,-48.7249,-48.7249,-48.7218,-48.7218,-48.7072,-48.7072,-48.6742,-48.6742,-39.9743,-39.9743,-39.9722,-39.9722,-39.9701,-39.9701,-14.4807,-14.4807,-13.6205,-13.6205,-13.5801,-13.5801,-13.3849,-13.3849,-1.5976,-1.5976,-1.1865,-1.1865,-1.1632,-1.1632,-0.5095,-0.5095,-0.4534,-0.4534,0.0335,0.0335,0.1454,0.1454,0.5009,0.5009,0.8118,0.8118,1.0538,1.0538,1.4561,1.4561,2.1217,2.1217,5.6199,5.6199,6.1063,6.1063,6.1468,6.1468,6.2493,6.2493,6.3883,6.3884,6.4949,6.4949,6.5389,6.5389,6.9456,6.9456,7.2089,7.2089,7.4076,7.4076,8.9783,8.9783,9.0745,9.0745,9.2317,9.2317,9.4013,9.4013,9.9447,9.9447,11.3857,11.3857,13.0747,13.0747,14.0816,14.0816,16.0717,16.0717,16.5054,16.5054,16.5632,16.5632,17.2163,17.2163,17.8912,17.8913,18.0351,18.0351,19.1862,19.1862,20.1216,20.1216,20.924,20.924,21.2608,21.2608,22.6407,22.6407,22.6664,22.6664,23.1076,23.1076,23.8767,23.8767,26.7318,26.7318,27.7428,27.7428,27.8238,27.8238,28.3814,28.3814,29.309,29.309,29.918,29.918,31.6543,31.6543,32.1392,32.1392,33.0535,33.0537,33.2211,33.2215,33.3644,33.3647,33.6598,33.669,34.1389,34.1557
0.8098649997377447,-48.7404,-48.7404,-48.7318,-48.7318,-48.7251,-48.7251,-48.7217,-48.7217,-48.7071,-48.7071,-48.6742,-48.6742,-39.9743,-39.9743,-39.9722,-39.9722,-39.9701,-39.9701,-14.4803,-14.4803,-13.6335,-13.6335,-13.5666,-13.5666,-13.386,-13.386,-1.5951,-1.5951,-1.187,-1.187,-1.1562,-1.1562,-0.5164,-0.5164,-0.4651,-0.4651,0.0325,0.0325,0.1532,0.1532,0.4956,0.4956,0.8142,0.8142,1.0634,1.0634,1.4592,1.4592,2.1113,2.1113,5.6277,5.6277,6.1023,6.1023,6.1496,6.1496,6.2503,6.2503,6.3877,6.3877,6.4991,6.4991,6.5377,6.5377,6.9485,6.9485,7.2064,7.2064,7.404,7.404,8.9791,8.9791,9.0749,9.0749,9.2306,9.2306,9.4003,9.4003,9.9388,9.9388,11.3945,11.3945,13.0338,13.0339,14.1341,14.1341,16.0521,16.0521,16.516,16.516,16.5674,16.5674,17.1964,17.1964,17.8284,17.8284,18.0947,18.0947,19.167,19.167,20.1839,20.1839,20.8965,20.8965,21.2256,21.2256,22.6246,22.6246,22.7172,22.7173,23.1192,23.1192,23.9038,23.9038,26.7114,26.7114,27.6793,27.6793,27.7984,27.7984,28.422,28.422,29.3021,29.3021,29.9447,29.9447,31.624,31.624,32.2105,32.2105,32.9764,32.9764,33.1372,33.1379,33.4199,33.4238,33.7028,33.7092,34.132,34.1804
0.8410136483983432,-48.7403,-48.7403,-48.732,-48.732,-48.7253,-48.7253,-48.7216,-48.7215,-48.707,-48.707,-48.6742,-48.6742,-39.9743,-39.9743,-39.9722,-39.9722,-39.9701,-39.9701,-14.4796,-14.4796,-13.6471,-13.6471,-13.5519,-13.5519,-13.3877,-13.3877,-1.5911,-1.5911,-1.1871,-1.1871,-1.1454,-1.1454,-0.528,-0.528,-0.4829,-0.4829,0.0309,0.0309,0.1651,0.1651,0.4875,0.4875,0.8183,0.8183,1.078,1.078,1.4648,1.4648,2.0943,2.0943,5.6404,5.6404,6.0958,6.0958,6.1539,6.1539,6.2517,6.2517,6.3873,6.3873,6.5057,6.5057,6.536,6.536,6.9532,6.9532,7.2024,7.2024,7.3981,7.3981,8.9805,8.9805,9.0757,9.0757,9.2286,9.2286,9.3988,9.3988,9.9296,9.9296,11.4089,11.4089,12.9745,12.9745,14.2131,14.2131,16.0215,16.0215,16.5309,16.5309,16.5745,16.5745,17.1638,17.1638,17.7645,17.7645,18.1554,18.1554,19.1411,19.1411,20.2791,20.2791,20.8536,20.8536,21.1742,21.1742,22.597,22.597,22.7918,22.7918,23.1377,23.1378,23.95,23.95,26.6751,26.6751,27.5946,27.5947,27.7577,27.7577,28.4733,28.4733,29.2911,29.2911,29.989,29.989,31.5938,31.5938,32.2951,32.2951,32.872,32.8721,33.0515,33.052,33.4666,33.4727,33.7515,33.7633,34.1284,34.1845
0.8721622970589418,-48.7401,-48.7401,-48.7322,-48.7322,-48.7256,-48.7256,-48.7214,-48.7214,-48.7068,-48.7068,-48.6743,-48.6743,-39.9743,-39.9743,-39.9722,-39.9722,-39.9701,-39.9701,-14.4786,-14.4786,-13.6603,-13.6603,-13.5371,-13.5371,-13.3902,-13.3902,-1.5858,-1.5858,-1.1867,-1.1867,-1.1314,-1.1314,-0.5443,-0.5443,-0.5046,-0.5046,0.029,0.029,0.1797,0.1797,0.4772,0.4772,0.8238,0.8238,1.0959,1.0959,1.4737,1.4737,2.071,2.071,5.6576,5.6576,6.0863,6.0863,6.1589,6.1589,6.2532,6.2532,6.3877,6.3877,6.513,6.513,6.5351,6.5351,6.9593,6.9593,7.1972,7.1972,7.3901,7.3901,8.9822,8.9822,9.0768,9.0768,9.2258,9.2258,9.3968,9.3968,9.9178,9.9178,11.4282,11.4282,12.9042,12.9042,14.3109,14.3109,15.9816,15.9816,16.5474,16.5474,16.5847,16.5847,17.1194,17.1194,17.7034,17.7034,18.2158,18.2158,19.1132,19.1132,20.3989,20.3989,20.7991,20.7991,21.1134,21.1134,22.5569,22.5569,22.8786,22.8786,23.1626,23.1626,24.0168,24.0168,26.6194,26.6194,27.5026,27.5026,27.7069,27.7069,28.5244,28.5244,29.2772,29.2772,30.0498,30.0498,31.5735,31.5735,32.3553,32.3553,32.7572,32.7572,32.9857,32.9858,33.5055,33.5075,33.7904,33.7956,34.1585,34.1803
0.903310960670894,-48.7398,-48.7398,-48.7325,-48.7325,-48.7259,-48.7259,-48.7212,-48.7212,-48.7067,-48.7067,-48.6743,-48.6743,-39.9743,-39.9743,-39.9722,-39.9722,-39.9701,-39.9701,-14.4775,-14.4775,-13.6728,-13.6728,-13.5226,-13.5226,-13.3935,-13.3935,-1.5794,-1.5794,-1.1857,-1.1857,-1.1147,-1.1147,-0.5651,-0.5651,-0.5281,-0.5281,0.0269,0.0269,0.1957,0.1957,0.4655,0.4655,0.8305,0.8305,1.1152,1.1152,1.4868,1.4868,2.0419,2.0419,5.679,5.679,6.0738,6.0738,6.1643,6.1643,6.2547,6.2547,6.3893,6.3893,6.5166,6.5166,6.5394,6.5394,6.9667,6.9667,7.191,7.191,7.3801,7.3801,8.9843,8.9843,9.0785,9.0785,9.2222,9.2222,9.3946,9.3946,9.9041,9.9041,11.4514,11.4514,12.8292,12.8292,14.4215,14.4215,15.9334,15.9334,16.5633,16.5633,16.5973,16.5973,17.0653,17.0653,17.6475,17.6475,18.2756,18.2756,19.0863,19.0863,20.5357,20.5357,20.738,20.738,21.0489,21.0489,22.5037,22.5037,22.9661,22.9661,23.1935,23.1935,24.1053,24.1053,26.5404,26.5404,27.4138,27.4138,27.6517,27.6517,28.5691,28.5691,29.2623,29.2623,30.125,30.125,31.5666,31.5666,32.3444,32.3444,32.6474,32.6475,32.9703,32.9705,33.5383,33.5416,33.8083,33.8218,34.188,34.2244
0.9344596093314925,-48.7395,-48.7395,-48.7328,-48.7328,-48.7262,-48.7262,-48.7211,-48.7211,-48.7065,-48.7065,-48.6744,-48.6744,-39.9743,-39.9743,-39.9722,-39.9722,-39.9701,-39.9701,-14.4763,-14.4763,-13.6841,-13.6841,-13.5086,-13.5086,-13.3974,-13.3974,-1.5724,-1.5724,-1.1843,-1.1843,-1.0958,-1.0958,-0.5893,-0.5893,-0.5519,-0.5519,0.0248,0.0248,0.212,0.212,0.4532,0.4532,0.838,0.838,1.1339,1.1339,1.505,1.505,2.0077,2.0077,5.7041,5.7041,6.0578,6.0578,6.1693,6.1693,6.2563,6.2563,6.3924,6.3924,6.514,6.514,6.5509,6.5509,6.9748,6.9748,7.1843,7.1843,7.3685,7.3685,8.9865,8.9865,9.0806,9.0806,9.2179,9.2179,9.3922,9.3922,9.8896,9.8896,11.4775,11.4775,12.7543,12.7543,14.5405,14.5405,15.8773,15.8773,16.5777,16.5777,16.6116,16.6116,17.0049,17.0049,17.5983,17.5983,18.3338,18.3338,19.062,19.062,20.6687,20.6687,20.6895,20.6895,20.9852,20.9852,22.4371,22.4371,23.044,23.0441,23.231,23.231,24.2159,24.2159,26.4354,26.4354,27.336,27.336,27.5971,27.5971,28.6046,28.6046,29.2485,29.2485,30.2116,30.2116,31.5744,31.5744,32.2511,32.2511,32.5441,32.5441,33.0156,33.0159,33.5649,33.5663,33.8107,33.8285,34.2531,34.3114
0.965608257992091,-48.7392,-48.7392,-48.7332,-48.7332,-48.7264,-48.7264,-48.721,-48.7209,-48.7063,-48.7063,-48.6744,-48.6744,-39.9743,-39.9743,-39.9722,-39.9722,-39.9701,-39.9701,-14.475,-14.475,-13.6941,-13.6941,-13.495,-13.495,-13.4021,-13.4021,-1.5651,-1.5651,-1.1825,-1.1825,-1.0755,-1.0755,-0.6148,-0.6148,-0.5753,-0.5753,0.0229,0.0229,0.2276,0.2276,0.441,0.441,0.8457,0.8457,1.1506,1.1506,1.529,1.529,1.9692,1.9692,5.7322,5.7322,6.0382,6.0382,6.1735,6.1735,6.2582,6.2582,6.3967,6.3967,6.5085,6.5085,6.5659,6.5659,6.983,6.983,7.1777,7.1778,7.3559,7.3559,8.9886,8.9886,9.0832,9.0833,9.213,9.213,9.39,9.39,9.8753,9.8753,11.5051,11.5051,12.683,12.683,14.6645,14.6645,15.8132,15.8132,16.5905,16.5905,16.6257,16.6257,16.9429,16.9429,17.5569,17.5569,18.3894,18.3894,19.0407,19.0407,20.6134,20.6134,20.8331,20.8332,20.9307,20.9307,22.3573,22.3573,23.1049,23.1049,23.2751,23.2751,24.3476,24.3476,26.3049,26.3049,27.2734,27.2734,27.547,27.547,28.6303,28.6303,29.2373,29.2373,30.3064,30.3064,31.5966,31.5966,32.1142,32.1142,32.4389,32.4389,33.0919,33.0921,33.5851,33.5857,33.8058,33.8121,34.3368,34.4493
0.9967569216040433,-48.7388,-48.7388,-48.7336,-48.7336,-48.7266,-48.7266,-48.7208,-48.7208,-48.7061,-48.7061,-48.6745,-48.6745,-39.9743,-39.9743,-39.9722,-39.9722,-39.9701,-39.9701,-14.4739,-14.4739,-13.7026,-13.7026,-13.4822,-13.4822,-13.4077,-13.4077,-1.5581,-1.5581,-1.1807,-1.1807,-1.055,-1.055,-0.6395,-0.6395,-0.5976,-0.5976,0.0213,0.0213,0.2418,0.2418,0.4295,0.4295,0.853,0.853,1.1641,1.1641,1.5588,1.5588,1.9271,1.9271,5.7627,5.7627,6.0152,6.0152,6.1767,6.1767,6.2606,6.2606,6.402,6.402,6.5018,6.5018,6.5816,6.5816,6.9907,6.9907,7.1719,7.1719,7.343,7.343,8.9906,8.9906,9.0863,9.0863,9.2079,9.2079,9.388,9.388,9.8622,9.8622,11.5325,11.5325,12.6184,12.6184,14.7905,14.7905,15.7407,15.7407,16.6019,16.6019,16.6381,16.6381,16.8841,16.8841,17.5232,17.5232,18.4403,18.4403,19.0221,19.0221,20.5592,20.5592,20.8595,20.8595,21.0065,21.0065,22.2655,22.2655,23.1476,23.1476,23.3219,23.3219,24.4968,24.4968,26.1532,26.1532,27.2263,27.2263,27.5038,27.5038,28.6468,28.6468,29.2293,29.2293,30.4049,30.4049,31.6317,31.6317,31.9658,31.9658,32.3315,32.3315,33.17,33.1701,33.5978,33.6002,33.8054,33.8073,34.4305,34.4503
1.0279055702646418,-48.7384,-48.7384,-48.734,-48.734,-48.7268,-48.7268,-48.7208,-48.7208,-48.706,-48.706,-48.6745,-48.6745,-39.9743,-39.9743,-39.9722,-39.9722,-39.9701,-39.9701,-14.4729,-14.4729,-13.7094,-13.7094,-13.47,-13.47,-13.414,-13.414,-1.5519,-1.5519,-1.1788,-1.1788,-1.0357,-1.0357,-0.6613,-0.6613,-0.6177,-0.6177,0.02,0.0201,0.254,0.254,0.4193,0.4193,0.8595,0.8595,1.1742,1.1742,1.5938,1.5938,1.8827,1.8827,5.7951,5.7951,5.989,5.989,6.1787,6.1788,6.2632,6.2632,6.4077,6.4077,6.4947,6.4947,6.5963,6.5964,6.9972,6.9972,7.1673,7.1673,7.3309,7.3309,8.9922,8.9922,9.0894,9.0894,9.2029,9.2029,9.3864,9.3864,9.851,9.851,11.5577,11.5577,12.5636,12.5636,14.9153,14.9153,15.6605,15.6605,16.6116,16.6116,16.6478,16.6478,16.8335,16.8335,17.4972,17.4972,18.4845,18.4845,19.0065,19.0065,20.5142,20.5142,20.8168,20.8168,21.1575,21.1575,22.1644,22.1644,23.1761,23.1761,23.3648,23.3648,24.6576,24.6576,25.9884,25.9884,27.1931,27.1931,27.4692,27.4692,28.6563,28.6563,29.2244,29.2245,30.5021,30.5021,31.6765,31.6765,31.8264,31.8264,32.2254,32.2254,33.2363,33.2363,33.6036,33.6044,33.8058,33.8123,34.5239,34.5495
1.0590542189252403,-48.738,-48.738,-48.7344,-48.7344,-48.7269,-48.7269,-48.7207,-48.7207,-48.7059,-48.7059,-48.6745,-48.6745,-39.9743,-39.9743,-39.9722,-39.9722,-39.9701,-39.9701,-14.4722,-14.4722,-13.7143,-13.7143,-13.4587,-13.4587,-13.4211,-13.4211,-1.5471,-1.5471,-1.1773,-1.1773,-1.0195,-1.0195,-0.6786,-0.6786,-0.634,-0.634,0.0192,0.0192,0.2634,0.2634,0.4112,0.4112,0.8645,0.8645,1.181,1.181,1.6326,1.6326,1.8376,1.8376,5.8285,5.8285,5.96,5.96,6.18,6.18,6.2656,6.2656,6.4131,6.4131,6.4883,6.4883,6.6084,6.6084,7.002,7.0021,7.1642,7.1642,7.3208,7.3208,8.9934,8.9934,9.0923,9.0923,9.1986,9.1986,9.3851,9.3851,9.8425,9.8425,11.5783,11.5783,12.5215,12.5215,15.0341,15.0341,15.5749,15.5749,16.619,16.619,16.6545,16.6545,16.795,16.795,17.4786,17.4786,18.5193,18.5193,18.9944,18.9944,20.4805,20.4805,20.7826,20.7826,21.3002,21.3002,22.0603,22.0603,23.1944,23.1944,23.3981,23.3981,24.8194,24.8194,25.8226,25.8226,27.1714,27.1714,27.4441,27.4441,28.6608,28.6609,29.2219,29.2219,30.5893,30.5893,31.6793,31.6793,31.7592,31.7593,32.1245,32.1245,33.2846,33.2873,33.6046,33.6104,33.8158,33.822,34.6371,34.7912
1.0902028825371928,-48.7378,-48.7378,-48.7347,-48.7347,-48.7269,-48.7269,-48.7207,-48.7207,-48.7058,-48.7058,-48.6745,-48.6745,-39.9743,-39.9743,-39.9722,-39.9722,-39.9701,-39.9701,-14.4717,-14.4717,-13.7173,-13.7173,-13.4484,-13.4484,-13.4289,-13.4289,-1.544,-1.544,-1.1763,-1.1763,-1.0086,-1.0086,-0.6897,-0.6897,-0.6447,-0.6447,0.0186,0.0186,0.2695,0.2695,0.4059,0.4059,0.8677,0.8677,1.1849,1.1849,1.6711,1.6711,1.7952,1.7953,5.8624,5.8624,5.9288,5.9288,6.1806,6.1806,6.2672,6.2673,6.4172,6.4172,6.4835,6.4835,6.6164,6.6164,7.005,7.005,7.1626,7.1626,7.3139,7.3139,8.9942,8.9942,9.0943,9.0943,9.1956,9.1956,9.3844,9.3844,9.8372,9.8372,11.5919,11.5919,12.4949,12.4949,15.1356,15.1356,15.494,15.494,16.6237,16.6237,16.6582,16.6582,16.7713,16.7713,17.4675,17.4675,18.5416,18.5416,18.9865,18.9865,20.4597,20.4597,20.761,20.761,21.4155,21.4155,21.9685,21.9685,23.2047,23.2047,23.4191,23.4191,24.959,24.959,25.6802,25.6802,27.1592,27.1592,27.4288,27.4288,28.6627,28.6627,29.2207,29.2207,30.6535,30.6535,31.6033,31.6033,31.8116,31.8116,32.0357,32.0357,33.3138,33.3148,33.6038,33.6083,33.8189,33.8209,34.6919,34.9977
1.1213515311977913,-48.7377,-48.7377,-48.7348,-48.7348,-48.727,-48.727,-48.7207,-48.7207,-48.7058,-48.7058,-48.6745,-48.6745,-39.9743,-39.9743,-39.9722,-39.9722,-39.9701,-39.9701,-14.4715,-14.4715,-13.7183,-13.7183,-13.4412,-13.4412,-13.4352,-13.4352,-1.5429,-1.5429,-1.1759,-1.1759,-1.0047,-1.0047,-0.6936,-0.6936,-0.6485,-0.6485,0.0185,0.0185,0.2716,0.2716,0.4041,0.4041,0.8688,0.8688,1.1861,1.1861,1.6931,1.6931,1.772,1.772,5.8951,5.8951,5.897,5.897,6.1808,6.1808,6.2678,6.2678,6.4188,6.4188,6.4816,6.4816,6.6192,6.6192,7.0059,7.0059,7.1622,7.1622,7.3115,7.3115,8.9944,8.9944,9.0951,9.0951,9.1946,9.1946,9.3842,9.3842,9.8354,9.8354,11.5966,11.5966,12.4858,12.4858,15.1835,15.1835,15.453,15.453,16.6253,16.6253,16.6593,16.6593,16.7633,16.7633,17.4638,17.4638,18.5494,18.5494,18.9837,18.9837,20.4527,20.4527,20.7537,20.7537,21.4649,21.4649,21.9271,21.9271,23.208,23.2081,23.4262,23.4262,25.0219,25.0219,25.6163,25.6163,27.1553,27.1553,27.4236,27.4236,28.6631,28.6631,29.2205,29.2205,30.6778,30.6778,31.5725,31.5725,31.8489,31.8489,31.9888,31.9888,33.3233,33.3235,33.6029,33.6038,33.819,33.8229,34.6918,34.7481
1.1213515311977913,-48.7377,-48.7377,-48.7348,-48.7348,-48.727,-48.727,-48.7207,-48.7207,-48.7058,-48.7058,-48.6745,-48.6745,-39.9743,-39.9743,-39.9722,-39.9722,-39.9701,-39.9701,-14.4715,-14.4715,-13.7183,-13.7183,-13.4412,-13.4412,-13.4352,-13.4352,-1.5429,-1.5429,-1.1759,-1.1759,-1.0047,-1.0047,-0.6936,-0.6936,-0.6485,-0.6485,0.0185,0.0185,0.2716,0.2716,0.4041,0.4041,0.8688,0.8688,1.1861,1.1861,1.6931,1.6931,1.772,1.772,5.8951,5.8951,5.897,5.897,6.1808,6.1808,6.2678,6.2678,6.4188,6.4188,6.4816,6.4816,6.6192,6.6192,7.0059,7.0059,7.1622,7.1622,7.3115,7.3115,8.9944,8.9944,9.0951,9.0951,9.1946,9.1946,9.3842,9.3842,9.8354,9.8354,11.5966,11.5966,12.4858,12.4858,15.1835,15.1835,15.453,15.453,16.6253,16.6253,16.6593,16.6593,16.7633,16.7633,17.4638,17.4638,18.5494,18.5494,18.9837,18.9837,20.4527,20.4527,20.7537,20.7537,21.4649,21.4649,21.9271,21.9271,23.208,23.2081,23.4262,23.4262,25.0219,25.0219,25.6163,25.6163,27.1553,27.1553,27.4236,27.4236,28.6631,28.6631,29.2205,29.2205,30.6778,30.6778,31.5725,31.5725,31.8489,31.8489,31.9888,31.9888,33.3233,33.3244,33.6029,33.605,33.8197,33.8288,34.6973,35.0606
1.1543896675229528,-48.7379,-48.7376,-48.7349,-48.7344,-48.7274,-48.7266,-48.7211,-48.7202,-48.7067,-48.7048,-48.6746,-48.6744,-39.9743,-39.9743,-39.9723,-39.9721,-39.9701,-39.9701,-14.4904,-14.453,-13.7258,-13.7089,-13.4505,-13.4419,-13.4334,-13.4283,-1.561,-1.5283,-1.1885,-1.1637,-1.0357,-0.9792,-0.7058,-0.6788,-0.6675,-0.6246,-0.0004,0.041,0.2673,0.2743,0.3971,0.4152,0.8415,0.8958,1.1516,1.2199,1.6664,1.6889,1.7528,1.8223,5.8419,5.8992,5.907,5.9345,6.1668,6.1932,6.2593,6.275,6.4159,6.4202,6.4792,6.4865,6.6164,6.6226,7.0007,7.0113,7.1605,7.1626,7.3008,7.3269,8.9891,8.9992,9.0881,9.0999,9.1934,9.1966,9.3638,9.4028,9.8237,9.8507,11.5357,11.6455,12.4149,12.5731,15.1079,15.1889,15.4768,15.4873,16.5555,16.5735,16.6559,16.6813,16.7808,16.8587,17.4239,17.5061,18.4815,18.5984,18.9163,19.0516,20.4233,20.4886,20.7015,20.8372,21.4239,21.452,21.9314,21.9781,23.145,23.2578,23.3406,23.509,24.9379,25.0439,25.6101,25.6993,27.0579,27.2444,27.3274,27.5016,28.565,28.7863,29.1295,29.3254,30.602,30.7127,31.558,31.5599,31.6988,31.9466,32.0065,32.0622,33.3077,33.335,33.5495,33.6639,33.7773,33.8736,34.6632,34.7526
1.1874278038481143,-48.7384,-48.7376,-48.7347,-48.7341,-48.7278,-48.7262,-48.7215,-48.7198,-48.7076,-48.704,-48.6747,-48.6743,-39.9743,-39.9743,-39.9723,-39.9721,-39.9701,-39.9701,-14.5071,-14.4375,-13.7325,-13.6964,-13.4639,-13.4441,-13.4298,-13.4207,-1.5777,-1.5217,-1.1977,-1.1563,-1.069,-0.9569,-0.7158,-0.6759,-0.6676,-0.6,-0.0171,0.0676,0.262,0.2735,0.3941,0.4312,0.8127,0.9233,1.1166,1.2537,1.6213,1.6787,1.7411,1.888,5.7897,5.9013,5.9175,5.9701,6.1526,6.203,6.2495,6.2812,6.4119,6.4211,6.4779,6.4938,6.613,6.6274,6.9966,7.0155,7.1592,7.1616,7.2907,7.3492,8.9827,9.0042,9.0799,9.1022,9.194,9.1984,9.3458,9.4156,9.8127,9.8718,11.4802,11.67,12.3485,12.6856,14.9664,15.1865,15.5207,15.5565,16.4586,16.5125,16.611,16.7153,16.8228,17.0113,17.383,17.555,18.4175,18.6045,18.8516,19.1145,20.432,20.5147,20.669,20.9465,21.3306,21.4147,21.9622,22.0822,23.0605,23.2423,23.306,23.5958,24.8095,25.03,25.653,25.8426,26.9542,27.2071,27.3204,27.5697,28.5079,28.915,29.0476,29.4473,30.4717,30.7376,31.3428,31.596,31.7348,31.9124,32.1097,32.1627,33.2934,33.3285,33.5024,33.7207,33.7325,33.9435,34.6368,34.7795
1.2204659401732758,-48.739,-48.7376,-48.7344,-48.7337,-48.7283,-48.7259,-48.7218,-48.7194,-48.7084,-48.7034,-48.6748,-48.6741,-39.9743,-39.9743,-39.9724,-39.972,-39.9702,-39.9701,-14.5214,-14.4248,-13.7383,-13.6813,-13.4791,-13.4462,-13.4265,-13.4139,-1.5924,-1.521,-1.2074,-1.1526,-1.0959,-0.9379,-0.7275,-0.6756,-0.66,-0.5747,-0.0312,0.0962,0.2564,0.2682,0.396,0.4509,0.783,0.9484,1.0852,1.2865,1.5736,1.6641,1.7358,1.9514,5.741,5.9029,5.9278,6.0021,6.1388,6.2097,6.2396,6.2861,6.4081,6.4216,6.4775,6.502,6.6091,6.6326,6.9935,7.018,7.1539,7.1654,7.2812,7.3748,8.9761,9.0092,9.071,9.1025,9.1963,9.2003,9.3298,9.4235,9.8027,9.8966,11.4309,11.6783,12.2882,12.8142,14.8105,15.1791,15.5526,15.6454,16.3703,16.4447,16.5736,16.7363,16.8758,17.1669,17.3437,17.6096,18.361,18.5655,18.7921,19.1698,20.4791,20.5365,20.6514,21.0683,21.2209,21.3636,22.0121,22.2024,22.9591,23.1357,23.3509,23.6837,24.664,25.0099,25.7212,26.0092,26.8414,27.0783,27.3801,27.6275,28.4808,28.9781,29.0473,29.5787,30.322,30.7466,31.1078,31.661,31.8045,31.8712,32.1317,32.3115,33.2816,33.2963,33.4662,33.667,33.8108,34.0506,34.6239,34.8362
1.2535040764984373,-48.7396,-48.7376,-48.734,-48.7334,-48.7288,-48.7257,-48.7221,-48.719,-48.709,-48.7029,-48.6749,-48.6739,-39.9743,-39.9742,-39.9725,-39.972,-39.9702,-39.9701,-14.5333,-14.4149,-13.7432,-13.6641,-13.4958,-13.448,-13.4238,-13.4081,-1.6049,-1.5241,-1.222,-1.1513,-1.1106,-0.9223,-0.7389,-0.6719,-0.6553,-0.5504,-0.0426,0.1244,0.2509,0.2593,0.4019,0.4732,0.7531,0.9648,1.0649,1.3167,1.5269,1.6482,1.7339,2.0081,5.6978,5.904,5.9373,6.0298,6.126,6.213,6.2307,6.2898,6.4056,6.4217,6.4778,6.5097,6.605,6.6376,6.9913,7.0189,7.1482,7.1718,7.2721,7.4005,8.9696,9.0139,9.0624,9.1013,9.2003,9.202,9.3156,9.4276,9.7941,9.922,11.3887,11.6777,12.2359,12.9499,14.6549,15.1692,15.5824,15.7336,16.2938,16.3728,16.545,16.7509,16.9274,17.3084,17.3176,17.6691,18.3138,18.4899,18.7374,19.2175,20.5426,20.5553,20.6573,21.111,21.1938,21.3091,22.0722,22.3189,22.8435,23.0305,23.3909,23.7693,24.5185,24.9947,25.8011,26.1769,26.7184,26.9586,27.4203,27.677,28.47,28.9236,29.1781,29.7118,30.1775,30.7265,30.9031,31.7345,31.8253,31.8812,32.1318,32.4469,33.2362,33.2718,33.4409,33.6173,33.8897,34.1472,34.5065,34.7479
1.2865422128235988,-48.7401,-48.7376,-48.7336,-48.733,-48.7293,-48.7256,-48.7223,-48.7187,-48.7095,-48.7025,-48.675,-48.6738,-39.9743,-39.9742,-39.9725,-39.9719,-39.9702,-39.9701,-14.5425,-14.4074,-13.747,-13.6453,-13.5135,-13.4494,-13.4217,-13.4035,-1.6149,-1.5285,-1.2401,-1.1515,-1.1143,-0.9102,-0.7485,-0.6679,-0.6526,-0.5287,-0.0513,0.1502,0.2461,0.249,0.4096,0.4966,0.724,0.9644,1.0645,1.3429,1.4838,1.6333,1.7333,2.055,5.6618,5.9049,5.9458,6.0526,6.1148,6.2129,6.2242,6.2925,6.4045,6.4216,6.4785,6.5163,6.601,6.6419,6.9898,7.0185,7.1431,7.1797,7.2635,7.4236,8.964,9.0181,9.0545,9.0992,9.2035,9.2055,9.303,9.4296,9.787,9.9454,11.3547,11.6731,12.1932,13.0832,14.5079,15.1591,15.609,15.8188,16.2309,16.2994,16.5237,16.7618,16.9706,17.2798,17.4567,17.7334,18.2766,18.391,18.6874,19.2577,20.5709,20.5741,20.7164,21.0157,21.2597,21.3077,22.1359,22.4198,22.7209,22.9361,23.4249,23.8491,24.3844,24.9859,25.8854,26.331,26.5916,26.8585,27.4401,27.7196,28.4656,28.885,29.299,29.8388,30.0536,30.635,30.783,31.7838,31.8075,31.9559,32.1152,32.5623,33.1568,33.265,33.4251,33.5851,33.9851,34.3529,34.4537,34.6737
1.3195803491487605,-48.7404,-48.7376,-48.7333,-48.7327,-48.7296,-48.7255,-48.7224,-48.7185,-48.7098,-48.7023,-48.675,-48.6736,-39.9743,-39.9742,-39.9725,-39.9719,-39.9702,-39.9701,-14.5492,-14.4023,-13.7497,-13.626,-13.5319,-13.4504,-13.4201,-13.4002,-1.6223,-1.5327,-1.2568,-1.1522,-1.1128,-0.9016,-0.7556,-0.6648,-0.6512,-0.5116,-0.0573,0.1711,0.2395,0.2424,0.4167,0.5192,0.6974,0.9526,1.0783,1.3637,1.4476,1.6211,1.7333,2.0902,5.6348,5.9056,5.9526,6.0695,6.1059,6.2109,6.2201,6.2943,6.4043,6.4214,6.4793,6.5213,6.5976,6.6453,6.9888,7.0177,7.1391,7.1879,7.2556,7.4417,8.9596,9.0216,9.048,9.0971,9.2047,9.2112,9.2924,9.4303,9.7819,9.964,11.3297,11.6679,12.1616,13.2025,14.3797,15.1505,15.6306,15.9003,16.1834,16.2258,16.509,16.7698,17.0017,17.2594,17.5728,17.8053,18.2498,18.2804,18.6449,19.2888,20.5777,20.5827,20.8028,20.9399,21.2212,21.4016,22.1963,22.4969,22.6062,22.8589,23.4513,23.92,24.2699,24.9817,25.9681,26.4578,26.4735,26.7817,27.4435,27.754,28.4626,28.861,29.3992,29.9502,29.9594,30.5048,30.7303,31.7492,31.8756,32.0239,32.0858,32.6509,33.0765,33.2589,33.4134,33.5697,34.078,34.3414,34.4469,34.576
1.352618485473922,-48.7407,-48.7375,-48.7331,-48.7324,-48.7299,-48.7255,-48.7225,-48.7183,-48.71,-48.7021,-48.675,-48.6736,-39.9743,-39.9742,-39.9726,-39.9719,-39.9702,-39.9701,-14.5533,-14.3992,-13.7514,-13.6081,-13.5491,-13.451,-13.4192,-13.3982,-1.6267,-1.5355,-1.268,-1.1529,-1.1103,-0.8964,-0.76,-0.6629,-0.6505,-0.5006,-0.0609,0.185,0.2326,0.24,0.4217,0.5375,0.6769,0.9418,1.0924,1.3771,1.4225,1.6129,1.7334,2.112,5.618,5.906,5.9571,6.08,6.1002,6.2095,6.2171,6.2953,6.4046,6.4213,6.4798,6.5243,6.5953,6.6473,6.9882,7.0169,7.1366,7.1946,7.2496,7.4532,8.9569,9.0241,9.0435,9.0956,9.2054,9.216,9.2848,9.4304,9.7787,9.9761,11.3143,11.6641,12.1421,13.2902,14.2871,15.1448,15.6451,15.9759,16.1536,16.1547,16.5003,16.7748,17.0197,17.2478,17.649,17.8879,18.1705,18.2336,18.6156,19.309,20.5765,20.5902,20.8711,20.8909,21.1972,21.464,22.2446,22.5198,22.5449,22.8059,23.4685,23.9782,24.1832,24.9802,26.0391,26.3801,26.5428,26.732,27.439,27.7766,28.4601,28.8486,29.4668,29.9008,30.0317,30.411,30.693,31.7262,31.9364,32.0474,32.074,32.7068,33.0154,33.2556,33.4069,33.5605,34.1893,34.3793,34.4524,34.7723
1.3856566217990836,-48.7407,-48.7375,-48.733,-48.7323,-48.7301,-48.7255,-48.7225,-48.7183,-48.7101,-48.7021,-48.675,-48.6735,-39.9744,-39.9742,-39.9726,-39.9719,-39.9702,-39.9701,-14.5546,-14.3983,-13.752,-13.5988,-13.5583,-13.4512,-13.419,-13.3975,-1.6282,-1.5365,-1.272,-1.1532,-1.1093,-0.8947,-0.7615,-0.6623,-0.6503,-0.4968,-0.0621,0.19,0.23,0.2392,0.4235,0.5451,0.6686,0.9376,1.0982,1.3818,1.4134,1.61,1.7334,2.1194,5.6123,5.9061,5.9587,6.0835,6.0982,6.2092,6.2158,6.2956,6.4047,6.4212,6.48,6.5254,6.5945,6.648,6.9881,7.0165,7.1357,7.1972,7.2471,7.4572,8.9559,9.0251,9.0417,9.095,9.2057,9.218,9.2819,9.4304,9.7776,9.9803,11.3091,11.6627,12.1355,13.3236,14.2521,15.1428,15.6502,16.0227,16.1094,16.1434,16.4974,16.7765,17.0255,17.2442,17.6745,17.9447,18.1048,18.2282,18.605,19.3161,20.5758,20.5928,20.8739,20.8967,21.1891,21.4858,22.2649,22.4858,22.5611,22.7865,23.4745,24.007,24.1444,24.9797,26.0719,26.3398,26.5731,26.7146,27.4359,27.7844,28.4591,28.8448,29.491,29.8809,30.0628,30.377,30.6775,31.7182,31.9763,32.0149,32.0928,32.7258,32.9923,33.2556,33.4046,33.5589,34.2579,34.3555,34.4466,34.5817
1.3856566217990836,-48.7407,-48.7375,-48.733,-48.7323,-48.7301,-48.7255,-48.7225,-48.7183,-48.7101,-48.7021,-48.675,-48.6735,-39.9744,-39.9742,-39.9726,-39.9719,-39.9702,-39.9701,-14.5546,-14.3983,-13.752,-13.5988,-13.5583,-13.4512,-13.419,-13.3975,-1.6282,-1.5365,-1.272,-1.1532,-1.1093,-0.8947,-0.7615,-0.6623,-0.6503,-0.4968,-0.0621,0.19,0.23,0.2392,0.4235,0.5451,0.6686,0.9376,1.0982,1.3818,1.4134,1.61,1.7334,2.1194,5.6123,5.9061,5.9587,6.0835,6.0982,6.2092,6.2158,6.2956,6.4047,6.4212,6.48,6.5254,6.5945,6.648,6.9881,7.0165,7.1357,7.1972,7.2471,7.4572,8.9559,9.0251,9.0417,9.095,9.2057,9.218,9.2819,9.4304,9.7776,9.9803,11.3091,11.6627,12.1355,13.3236,14.2521,15.1428,15.6502,16.0227,16.1094,16.1434,16.4974,16.7765,17.0255,17.2442,17.6745,17.9447,18.1048,18.2282,18.605,19.3161,20.5758,20.5928,20.8739,20.8967,21.1891,21.4858,22.2649,22.4858,22.5611,22.7865,23.4745,24.007,24.1444,24.9797,26.0719,26.3398,26.5731,26.7146,27.4359,27.7844,28.4591,28.8448,29.491,29.8809,30.0628,30.377,30.6775,31.7182,31.9763,32.0149,32.0928,32.726,32.9922,33.2543,33.4038,33.5641,34.2993,34.3612,34.436,34.5188
1.418694758124245,-48.7408,-48.7374,-48.7333,-48.7318,-48.7309,-48.7263,-48.722,-48.7178,-48.7111,-48.7008,-48.6751,-48.6734,-39.9743,-39.9742,-39.9726,-39.9718,-39.9702,-39.9701,-14.5763,-14.3773,-13.7592,-13.5951,-13.5512,-13.4404,-13.4272,-13.4007,-1.6562,-1.5233,-1.2996,-1.1358,-1.1009,-0.8704,-0.812,-0.7132,-0.6285,-0.5002,-0.0561,0.2185,0.2426,0.2496,0.4226,0.5658,0.647,0.9133,1.1507,1.4111,1.4282,1.6351,1.6632,2.1195,5.6098,5.9208,5.9587,6.0757,6.0776,6.2041,6.2229,6.3001,6.4079,6.4345,6.4663,6.5252,6.6275,6.6895,6.9974,7.0263,7.1227,7.1965,7.2295,7.4669,8.9513,9.0112,9.0514,9.0951,9.2026,9.2143,9.236,9.4432,9.7694,9.9864,11.2249,11.7206,12.0628,13.3682,14.2853,15.2618,15.6248,15.906,15.9287,16.1284,16.4775,16.8315,17.1113,17.1706,17.7783,17.9322,18.1572,18.1636,18.474,19.3575,20.5614,20.6276,20.8818,20.9995,21.3624,21.5763,22.1814,22.4614,22.5682,22.7474,23.4067,24.1748,24.3843,25.1835,25.9271,26.1017,26.5198,26.5329,27.3692,27.809,28.3403,28.9133,29.735,29.8244,30.1847,30.186,30.7579,31.5608,31.8227,31.8854,31.9501,32.7055,33.0561,33.4199,33.4772,33.5532,34.3467,34.4103,34.5221,34.5927
1.4517328944494066,-48.7408,-48.7375,-48.7335,-48.7318,-48.731,-48.7272,-48.7215,-48.7174,-48.7122,-48.6995,-48.6751,-48.6732,-39.9743,-39.9742,-39.9727,-39.9717,-39.9702,-39.9701,-14.6009,-14.3545,-13.7628,-13.5912,-13.5436,-13.4361,-13.4316,-13.4042,-1.692,-1.5101,-1.3323,-1.125,-1.0952,-0.8626,-0.8594,-0.7692,-0.5723,-0.5012,-0.0429,0.2447,0.2455,0.2704,0.4277,0.5878,0.6263,0.8899,1.2026,1.411,1.45,1.6165,1.6576,2.1204,5.6057,5.8792,6.0084,6.0522,6.0708,6.1915,6.2372,6.3013,6.4111,6.4484,6.4521,6.5245,6.667,6.7342,7.0074,7.0306,7.1106,7.1967,7.2225,7.4767,8.945,8.9955,9.0571,9.0956,9.1859,9.2007,9.2102,9.4581,9.7687,9.9921,11.108,11.7799,12.0236,13.4113,14.3121,15.2977,15.6773,15.7082,15.7884,16.1523,16.4531,16.8924,17.0976,17.1915,17.8618,17.945,18.0875,18.1989,18.36,19.4022,20.5802,20.6745,20.8651,21.1165,21.5292,21.6885,22.1032,22.4471,22.5783,22.7107,23.3268,24.3608,24.6029,25.3864,25.776,25.8682,26.3748,26.4588,27.3065,27.8464,28.2386,28.9784,29.7573,29.9726,29.9888,30.3012,30.7059,31.5509,31.6108,31.7978,31.8299,32.6805,33.1103,33.4369,33.5534,33.685,34.3169,34.5024,34.5855,34.8129
1.484771030774568,-48.7409,-48.7378,-48.7338,-48.7326,-48.73,-48.728,-48.721,-48.717,-48.7135,-48.698,-48.675,-48.673,-39.9743,-39.9741,-39.9728,-39.9716,-39.9703,-39.9701,-14.6283,-14.33,-13.763,-13.587,-13.5356,-13.4454,-13.4247,-13.4079,-1.7347,-1.4974,-1.3699,-1.1312,-1.0941,-0.9032,-0.8505,-0.8274,-0.4996,-0.4936,-0.0232,0.2493,0.2672,0.2921,0.4398,0.6069,0.6096,0.8691,1.253,1.413,1.4199,1.6219,1.6768,2.1222,5.5992,5.8343,6.0289,6.0533,6.0633,6.1794,6.252,6.2993,6.4141,6.4378,6.4622,6.5234,6.7124,6.7807,7.0181,7.0284,7.0998,7.1983,7.2278,7.4865,8.9366,8.9782,9.0515,9.0973,9.1407,9.2004,9.2054,9.4742,9.7741,9.9973,10.966,11.84,12.0106,13.4519,14.3277,15.2569,15.4839,15.6762,15.7993,16.181,16.4233,16.959,17.0271,17.2545,17.8621,18.0376,18.0453,18.1128,18.3635,19.449,20.6293,20.7264,20.8482,21.2225,21.6863,21.8236,22.0342,22.4452,22.5894,22.6758,23.2397,24.5612,24.7783,25.5869,25.6203,25.6448,26.2603,26.3909,27.2509,27.8954,28.1583,29.0371,29.682,29.7903,30.1744,30.4193,30.5322,31.3918,31.6795,31.7174,31.7423,32.6509,33.1502,33.4496,33.5468,33.8554,34.2192,34.4196,34.537,34.7354
1.5178091670997296,-48.741,-48.7381,-48.734,-48.7335,-48.7289,-48.7289,-48.7204,-48.7166,-48.715,-48.6965,-48.6749,-48.6729,-39.9743,-39.9741,-39.9729,-39.9715,-39.9703,-39.9701,-14.6578,-14.3039,-13.7597,-13.5825,-13.5273,-13.455,-13.4195,-13.4118,-1.7829,-1.486,-1.4119,-1.1596,-1.1005,-0.943,-0.8839,-0.8209,-0.4954,-0.4021,0.0022,0.2547,0.2852,0.3147,0.4593,0.5893,0.6305,0.8522,1.3008,1.3576,1.4174,1.6606,1.6921,2.1254,5.5897,5.7864,6.0071,6.0551,6.0891,6.1721,6.2671,6.2943,6.4169,6.424,6.4753,6.5223,6.7624,6.8275,7.0219,7.0299,7.0908,7.2016,7.2441,7.4961,8.9255,8.9594,9.0196,9.1012,9.1175,9.2,9.2018,9.4905,9.7842,10.0018,10.8084,11.9001,12.0149,13.4891,14.3264,15.1838,15.2574,15.5754,15.9441,16.214,16.3871,16.9569,17.031,17.2922,17.8361,17.9654,18.0265,18.1755,18.4281,19.4972,20.7034,20.7781,20.8347,21.3156,21.8312,21.9773,21.9812,22.4568,22.5998,22.6426,23.1484,24.7731,24.8756,25.4394,25.4625,25.7845,26.2193,26.3173,27.2043,27.9545,28.1028,29.0849,29.5879,29.6006,30.2927,30.3139,30.5651,31.1788,31.6461,31.7005,31.8716,32.6179,33.1689,33.4658,33.5534,33.9825,34.1287,34.4118,34.5042,34.8519
1.550847303424891,-48.7411,-48.7386,-48.7344,-48.7342,-48.7297,-48.7277,-48.7199,-48.7166,-48.7163,-48.6949,-48.6747,-48.6727,-39.9743,-39.9741,-39.9729,-39.9715,-39.9703,-39.9701,-14.6894,-14.2765,-13.7534,-13.5779,-13.519,-13.4649,-13.4161,-13.4159,-1.8357,-1.4765,-1.4576,-1.206,-1.1192,-0.9788,-0.933,-0.7749,-0.4884,-0.3032,0.0324,0.2625,0.2993,0.3376,0.4852,0.5741,0.6498,0.8411,1.2886,1.3451,1.4242,1.7031,1.708,2.1299,5.5762,5.7359,5.9878,6.0464,6.1059,6.1795,6.2823,6.2867,6.4112,6.4195,6.4869,6.5211,6.8157,6.8733,7.0142,7.0432,7.0839,7.207,7.2682,7.5057,8.9119,8.9394,8.9663,9.1072,9.1129,9.1938,9.2053,9.5055,9.7978,10.0053,10.6432,11.9596,12.0291,13.5223,14.3027,15.0297,15.097,15.491,16.089,16.2506,16.3442,16.8872,17.108,17.302,17.8025,17.815,18.0648,18.3163,18.4984,19.5464,20.7818,20.8268,20.8435,21.394,21.9345,21.9622,22.1589,22.4814,22.6066,22.611,23.0561,24.8632,24.99,25.2611,25.3093,25.9789,26.2387,26.2757,27.1677,28.0216,28.0744,29.1167,29.3791,29.511,30.094,30.3304,30.7047,30.9867,31.5847,31.7234,32.0863,32.5821,33.1603,33.4871,33.5612,34.0295,34.0649,34.3948,34.461,34.8757
1.5838854397500526,-48.7412,-48.739,-48.7352,-48.7344,-48.7306,-48.7265,-48.7194,-48.7183,-48.716,-48.6932,-48.6745,-48.6725,-39.9743,-39.9741,-39.973,-39.9714,-39.9703,-39.9701,-14.7223,-14.2479,-13.7442,-13.5731,-13.5107,-13.4746,-13.42,-13.4142,-1.8919,-1.5062,-1.47,-1.2639,-1.1539,-1.0109,-0.9696,-0.7182,-0.4786,-0.1999,0.0664,0.2726,0.3106,0.3606,0.5161,0.5618,0.6671,0.8375,1.2208,1.3851,1.4335,1.7096,1.757,2.1359,5.5581,5.6831,5.9719,6.0375,6.1022,6.2037,6.2769,6.2976,6.3998,6.4219,6.4967,6.52,6.8704,6.9166,7.0079,7.0586,7.0795,7.2153,7.2975,7.515,8.8958,8.9069,8.9185,9.1132,9.1149,9.1868,9.2109,9.5171,9.8137,10.0078,10.4775,12.0177,12.0482,13.5513,14.2536,14.8023,15.0023,15.4238,16.2213,16.2901,16.2959,16.8209,17.1897,17.2952,17.6745,17.7635,18.1483,18.4655,18.5646,19.5963,20.7989,20.8716,20.9393,21.4567,21.9072,22.0793,22.3531,22.5174,22.5815,22.6058,22.9676,24.7531,25.0927,25.1085,25.2805,26.1562,26.1706,26.4205,27.1401,28.0746,28.0945,29.1291,29.1621,29.4072,29.8922,30.3219,30.7747,30.8325,31.5336,31.8293,32.3045,32.5439,33.1184,33.5191,33.5836,33.9402,34.1108,34.3408,34.3811,34.8797
1.616923576075214,-48.7413,-48.7395,-48.736,-48.7346,-48.7314,-48.7252,-48.7202,-48.7188,-48.7157,-48.6915,-48.6742,-48.6723,-39.9743,-39.974,-39.9731,-39.9713,-39.9703,-39.9702,-14.7563,-14.2186,-13.7327,-13.5683,-13.5027,-13.4841,-13.4243,-13.4137,-1.9505,-1.5565,-1.468,-1.3283,-1.202,-1.0398,-0.9943,-0.6558,-0.4661,-0.0947,0.1034,0.2852,0.3206,0.3833,0.55,0.553,0.6822,0.8429,1.1572,1.4202,1.4455,1.7116,1.8052,2.1434,5.5349,5.6286,5.9598,6.0286,6.0904,6.2326,6.2651,6.3128,6.3903,6.4242,6.5045,6.5191,6.9245,6.9559,7.0045,7.0767,7.0777,7.2272,7.33,7.5241,8.8478,8.8778,8.8968,9.1137,9.123,9.1789,9.2187,9.522,9.8308,10.0091,10.3179,12.0689,12.0737,13.5761,14.1799,14.5759,14.9023,15.369,16.2461,16.3261,16.3314,16.7665,17.2758,17.2901,17.5497,17.7198,18.2656,18.6222,18.6223,19.6468,20.8027,20.9122,21.0732,21.5024,21.8957,22.1837,22.5541,22.5598,22.5618,22.5898,22.8913,24.5929,24.9542,24.9665,25.5041,26.0706,26.3605,26.6215,27.1188,28.1036,28.17,28.9367,29.1227,29.2798,29.7188,30.2863,30.7313,30.7517,31.4932,32.0139,32.5035,32.5096,33.0445,33.5637,33.6146,33.8445,34.1505,34.2479,34.3876,34.6599
1.6499617124003756,-48.7414,-48.7399,-48.7368,-48.7348,-48.7322,-48.724,-48.7221,-48.7183,-48.7154,-48.6897,-48.674,-48.6721,-39.9742,-39.974,-39.9732,-39.9712,-39.9704,-39.9702,-14.7908,-14.1887,-13.7192,-13.5634,-13.4976,-13.4907,-13.4286,-13.4145,-2.0108,-1.6077,-1.4734,-1.3964,-1.2553,-1.0657,-1.0123,-0.591,-0.4512,0.0103,0.1425,0.3001,0.3303,0.4056,0.5479,0.5855,0.6951,0.8589,1.0992,1.45,1.4607,1.7091,1.8515,2.152,5.5066,5.5726,5.9517,6.0198,6.0765,6.2514,6.2607,6.3278,6.3831,6.4263,6.5102,6.5184,6.9757,6.99,7.0047,7.079,7.0983,7.2438,7.3643,7.5332,8.7916,8.8583,8.8748,9.1131,9.1294,9.1701,9.2288,9.5154,9.8481,10.0091,10.1732,12.0888,12.1265,13.5967,14.0864,14.3517,14.7982,15.3161,16.2019,16.3737,16.3814,16.74,17.3028,17.3658,17.4434,17.6719,18.4066,18.6687,18.7858,19.6978,20.8136,20.949,21.2241,21.5309,21.9,22.2775,22.5293,22.5483,22.6114,22.7744,22.8385,24.4174,24.7974,24.8279,25.7584,25.9825,26.549,26.851,27.0992,28.1607,28.2446,28.7064,29.1035,29.1228,29.5789,30.2348,30.6495,30.6892,31.4635,32.251,32.4607,32.6617,32.9691,33.6209,33.6541,33.7248,34.1126,34.1292,34.2181,34.4627
1.682999848725537,-48.7416,-48.7404,-48.7376,-48.735,-48.7329,-48.724,-48.7228,-48.7178,-48.7151,-48.6879,-48.6736,-48.6719,-39.9742,-39.974,-39.9732,-39.9712,-39.9704,-39.9702,-14.8253,-14.1586,-13.7041,-13.5585,-13.5041,-13.4857,-13.4329,-13.4164,-2.0717,-1.6588,-1.4906,-1.4661,-1.3039,-1.089,-1.0279,-0.5267,-0.4338,0.1129,0.1829,0.3169,0.3403,0.4275,0.5469,0.6216,0.7057,0.8865,1.0473,1.4746,1.4794,1.7027,1.8957,2.1616,5.4735,5.5158,5.9472,6.0116,6.0625,6.2361,6.2865,6.3423,6.3784,6.4285,6.514,6.5179,7.0085,7.0185,7.0217,7.0835,7.1234,7.2663,7.3994,7.5421,8.7401,8.8376,8.8529,9.1108,9.1294,9.1604,9.2411,9.4919,9.865,10.0079,10.0541,12.1061,12.1752,13.6135,13.9798,14.1304,14.6914,15.2525,16.1725,16.3762,16.4161,16.7475,17.3438,17.356,17.4594,17.6206,18.5651,18.7026,18.9559,19.7489,20.8337,20.9824,21.3882,21.5423,21.919,22.3623,22.4782,22.5078,22.6647,22.8133,22.9917,24.2419,24.6423,24.6938,25.8927,26.0246,26.7348,27.0756,27.0905,28.2439,28.3128,28.4779,28.9402,29.0799,29.4743,30.1716,30.4948,30.7006,31.4439,32.4148,32.5156,32.638,33.0101,33.5529,33.6826,33.7134,34.0077,34.133,34.3104,34.636
1.7160379850506986,-48.7418,-48.7408,-48.7384,-48.7351,-48.7337,-48.7259,-48.7216,-48.7173,-48.7149,-48.6861,-48.6733,-48.6717,-39.9742,-39.9739,-39.9733,-39.9711,-39.9704,-39.9702,-14.8594,-14.1285,-13.6877,-13.5536,-13.5122,-13.4788,-13.4372,-13.4193,-2.1327,-1.7091,-1.5358,-1.5244,-1.3402,-1.1098,-1.0434,-0.4652,-0.4144,0.2113,0.2236,0.3354,0.351,0.4495,0.55,0.6574,0.714,0.9259,1.0022,1.4939,1.5024,1.6926,1.9372,2.1715,5.4362,5.4587,5.9458,6.004,6.0489,6.2194,6.3096,6.3564,6.3761,6.4308,6.516,6.5177,7.0158,7.0421,7.0605,7.0917,7.151,7.2956,7.4345,7.551,8.6948,8.8158,8.8314,9.1069,9.1144,9.1497,9.2555,9.4514,9.8808,9.9704,10.0053,12.12,12.2183,13.627,13.8671,13.9132,14.5832,15.1689,16.1651,16.332,16.4578,16.7678,17.2857,17.4166,17.5559,17.5669,18.7238,18.737,19.1319,19.8005,20.8628,21.0127,21.5375,21.5636,21.9515,22.3881,22.4374,22.4902,22.7225,22.8076,23.2053,24.074,24.4928,24.5679,25.802,26.3005,26.911,27.0436,27.3246,28.263,28.3508,28.3662,28.7463,29.0597,29.4049,30.0888,30.3258,30.7534,31.4346,32.364,32.4736,32.7906,33.1313,33.343,33.7334,33.7639,33.9353,34.0758,34.2615,34.4958
1.74907612137586,-48.742,-48.7412,-48.7391,-48.7353,-48.7344,-48.7277,-48.7205,-48.7168,-48.7147,-48.6843,-48.673,-48.6715,-39.9741,-39.9739,-39.9734,-39.971,-39.9705,-39.9703,-14.8928,-14.0988,-13.6706,-13.5488,-13.5199,-13.4725,-13.4414,-13.4228,-2.1931,-1.7579,-1.6044,-1.5738,-1.3631,-1.1285,-1.0597,-0.4084,-0.3933,0.2639,0.3038,0.355,0.3625,0.4721,0.557,0.6923,0.7202,0.9638,0.9763,1.5085,1.5307,1.6796,1.9761,2.1813,5.3955,5.4018,5.9468,5.9971,6.0363,6.2013,6.3299,6.3695,6.3763,6.4335,6.5167,6.5176,7.0262,7.062,7.0914,7.1036,7.1794,7.3311,7.4689,7.56,8.6568,8.792,8.8108,9.0709,9.1014,9.138,9.2719,9.4089,9.8949,9.9221,10.0013,12.1296,12.2544,13.6374,13.7009,13.7548,14.475,15.0629,16.1813,16.273,16.4981,16.7832,17.2301,17.5114,17.5153,17.6547,18.7329,18.9194,19.3129,19.8525,20.8995,21.0402,21.5183,21.7486,21.9955,22.2874,22.477,22.5006,22.7879,22.8119,23.4033,23.9224,24.3514,24.4542,25.7111,26.5849,26.9842,27.074,27.5305,28.0836,28.3916,28.4782,28.5668,29.0492,29.369,29.9606,30.1979,30.8354,31.4351,32.2651,32.3046,33.0602,33.1023,33.2406,33.7657,33.8213,33.8902,34.0156,34.308,34.4569
1.7821142577010216,-48.7422,-48.7416,-48.7398,-48.7354,-48.7352,-48.7295,-48.7195,-48.7163,-48.7145,-48.6826,-48.6726,-48.6714,-39.9741,-39.9739,-39.9734,-39.971,-39.9705,-39.9703,-14.9251,-14.0698,-13.653,-13.5442,-13.5265,-13.4669,-13.4455,-13.427,-2.252,-1.8047,-1.671,-1.6322,-1.3777,-1.1452,-1.0768,-0.3709,-0.3578,0.3029,0.375,0.3752,0.3896,0.4957,0.5674,0.7244,0.7254,0.9323,1.0353,1.5189,1.5655,1.6643,2.0122,2.1904,5.3456,5.352,5.9495,5.9911,6.0247,6.1821,6.3474,6.3784,6.3815,6.437,6.5163,6.5176,7.039,7.0794,7.1151,7.1195,7.2073,7.3712,7.5019,7.5693,8.627,8.7638,8.7914,8.993,9.0943,9.1255,9.29,9.3837,9.8993,9.9068,9.9959,12.1348,12.2816,13.4947,13.6454,13.6485,14.3685,14.9383,16.2114,16.2179,16.5366,16.791,17.1862,17.4552,17.6304,17.7554,18.7318,19.1095,19.4979,19.9052,20.9415,21.0648,21.487,21.942,22.0489,22.1816,22.4692,22.5506,22.8201,22.8637,23.5444,23.8206,24.2205,24.3591,25.6208,26.877,26.9181,27.1577,27.6578,27.9857,28.369,28.4547,28.6227,29.0535,29.3635,29.8058,30.1256,30.9364,31.4454,32.038,32.2282,32.8574,33.3064,33.3291,33.8053,33.8102,33.8294,33.998,34.3658,34.5189
1.8151523940261831,-48.7424,-48.742,-48.7404,-48.7359,-48.7356,-48.7311,-48.7186,-48.7159,-48.7143,-48.6809,-48.6723,-48.6712,-39.974,-39.9739,-39.9735,-39.9709,-39.9705,-39.9704,-14.9558,-14.0419,-13.6353,-13.5396,-13.532,-13.4622,-13.4494,-13.4316,-2.309,-1.8491,-1.7345,-1.694,-1.3885,-1.1599,-1.0945,-0.3475,-0.3143,0.3399,0.3886,0.3956,0.4684,0.5204,0.5806,0.7269,0.7564,0.9074,1.0996,1.5257,1.6082,1.6475,2.0454,2.1986,5.2907,5.3067,5.9534,5.9859,6.0143,6.1619,6.3623,6.3821,6.3918,6.4414,6.5152,6.5176,7.0538,7.0951,7.1331,7.1393,7.2338,7.4136,7.5331,7.579,8.606,8.7221,8.7737,8.8991,9.0859,9.1123,9.3096,9.378,9.8912,9.9161,9.9892,12.1353,12.298,13.2958,13.553,13.6512,14.2653,14.8015,16.1521,16.2694,16.5728,16.7939,17.1514,17.3993,17.7535,17.8569,18.7222,19.3041,19.6855,19.9596,20.9861,21.0867,21.4464,22.0736,22.1093,22.1425,22.4677,22.5889,22.8284,22.9498,23.5216,23.8581,24.1021,24.2979,25.5317,26.8261,27.1309,27.1758,27.6367,28.0209,28.2771,28.4807,28.7805,29.0773,29.3838,29.684,30.0809,31.0477,31.4653,31.8038,32.1189,32.6422,33.3944,33.4619,33.7746,33.7966,33.8648,33.9226,34.3841,34.6238
1.8481905303513446,-48.7426,-48.7424,-48.741,-48.7368,-48.7357,-48.7325,-48.7177,-48.7155,-48.7141,-48.6792,-48.672,-48.671,-39.974,-39.9739,-39.9735,-39.9709,-39.9705,-39.9704,-14.9849,-14.0154,-13.6179,-13.5362,-13.5354,-13.4585,-13.4531,-13.4364,-2.3634,-1.8906,-1.7944,-1.7556,-1.398,-1.1728,-1.1126,-0.3237,-0.2782,0.3742,0.403,0.4157,0.5386,0.5478,0.5958,0.7277,0.7847,0.889,1.1652,1.5295,1.6297,1.6601,2.0757,2.2053,5.2378,5.2602,5.9578,5.9815,6.005,6.141,6.3748,6.387,6.4001,6.4472,6.5136,6.5173,7.0698,7.1094,7.1468,7.1626,7.2584,7.4561,7.5621,7.5891,8.5941,8.6464,8.7581,8.8255,9.0763,9.0983,9.3302,9.3842,9.8904,9.9228,9.9813,12.1317,12.3019,13.1053,13.4725,13.6554,14.167,14.6587,16.0972,16.3303,16.6065,16.794,17.1235,17.3444,17.8786,17.9585,18.7062,19.4983,19.8737,20.018,21.0309,21.1057,21.3992,21.9652,22.1742,22.3486,22.4736,22.6192,22.8339,23.0429,23.411,23.9215,23.9981,24.3048,25.4447,26.7078,27.0168,27.4804,27.4912,28.1085,28.1677,28.62,28.9476,29.1244,29.4242,29.6228,30.0502,31.158,31.4945,31.5703,31.966,32.4872,33.4492,33.5323,33.7052,33.7669,33.8122,34.1233,34.2572,34.4841
1.8812286666765061,-48.7429,-48.7427,-48.7416,-48.7378,-48.7358,-48.7336,-48.7169,-48.7151,-48.714,-48.6777,-48.6717,-48.6709,-39.974,-39.9738,-39.9736,-39.9708,-39.9705,-39.9704,-15.0119,-13.9908,-13.601,-13.5389,-13.5315,-13.4566,-13.4559,-13.4414,-2.4147,-1.9289,-1.8501,-1.8149,-1.407,-1.1839,-1.1305,-0.3,-0.2492,0.4055,0.4183,0.4351,0.5706,0.6071,0.6119,0.7273,0.8098,0.8768,1.2281,1.5311,1.6119,1.7214,2.103,2.2107,5.1874,5.2133,5.9624,5.9779,5.9969,6.1199,6.3852,6.3923,6.4062,6.4542,6.5118,6.5167,7.0865,7.1225,7.1571,7.1891,7.2809,7.4971,7.5884,7.6,8.5352,8.591,8.7446,8.7853,9.0659,9.084,9.3517,9.3963,9.8927,9.9265,9.9722,12.1243,12.2925,12.9248,13.4098,13.6582,14.075,14.5152,16.0477,16.3961,16.6376,16.7932,17.1009,17.2914,18.0015,18.0591,18.6859,19.6832,20.06,20.0866,21.0737,21.122,21.3484,21.8577,22.2415,22.4878,22.5558,22.6486,22.8349,23.1401,23.2928,23.9098,23.9171,24.3902,25.3602,26.561,26.8749,27.2955,27.7895,27.8791,28.3703,28.7965,29.1196,29.1988,29.4787,29.6164,30.0292,31.2415,31.3433,31.5335,31.8042,32.3891,33.499,33.5344,33.6317,33.6622,33.79,34.1101,34.2607,34.4957
1.9142668030016676,-48.7431,-48.743,-48.7421,-48.7389,-48.7359,-48.7344,-48.7162,-48.7148,-48.7139,-48.6762,-48.6714,-48.6708,-39.9739,-39.9738,-39.9736,-39.9708,-39.9706,-39.9705,-15.0367,-13.9683,-13.5849,-13.5401,-13.5279,-13.4598,-13.4545,-13.4464,-2.4623,-1.9638,-1.9009,-1.8706,-1.4159,-1.1934,-1.1479,-0.2769,-0.2266,0.4333,0.4342,0.4532,0.596,0.6283,0.6664,0.7257,0.8314,0.87,1.286,1.5311,1.5945,1.791,2.1275,2.2146,5.1401,5.1671,5.9668,5.9749,5.99,6.0988,6.3937,6.3978,6.4106,6.462,6.51,6.5156,7.1032,7.1345,7.1648,7.2176,7.3009,7.5356,7.6116,7.612,8.4118,8.5958,8.7336,8.7622,9.0548,9.0694,9.3735,9.4109,9.8958,9.9275,9.9622,12.1139,12.2704,12.7558,13.3662,13.6601,13.9906,14.3747,16.0037,16.4632,16.6661,16.7922,17.0823,17.2411,18.1192,18.1574,18.6631,19.8424,20.1783,20.2412,21.1126,21.1355,21.2964,21.7527,22.3097,22.5107,22.6593,22.7836,22.8304,23.181,23.238,23.8378,23.877,24.5047,25.2787,26.3875,26.7359,27.087,27.6142,28.1015,28.5968,28.9714,29.2922,29.302,29.5418,29.6452,30.0157,31.1278,31.2312,31.5822,31.7273,32.3265,33.5021,33.5354,33.5459,33.5872,33.7492,34.2444,34.3363,34.5269
1.9473049393268291,-48.7434,-48.7432,-48.7425,-48.7401,-48.736,-48.7349,-48.7155,-48.7145,-48.7138,-48.6749,-48.6711,-48.6706,-39.9739,-39.9738,-39.9736,-39.9708,-39.9706,-39.9705,-15.059,-13.9481,-13.5699,-13.5395,-13.5245,-13.4626,-13.4543,-13.4513,-2.5057,-1.995,-1.9465,-1.9216,-1.4246,-1.2014,-1.1642,-0.2549,-0.2095,0.4504,0.4573,0.4699,0.62,0.6442,0.7192,0.7234,0.8494,0.8679,1.3378,1.5299,1.5782,1.8661,2.1491,2.2172,5.0966,5.1223,5.9706,5.9726,5.9841,6.0784,6.4006,6.4029,6.4137,6.4701,6.5083,6.5141,7.1194,7.1452,7.1704,7.2471,7.3185,7.571,7.6242,7.6326,8.2904,8.6074,8.725,8.7465,9.0436,9.055,9.3952,9.4263,9.8983,9.926,9.9514,12.1015,12.2379,12.6,13.3408,13.6612,13.9147,14.2406,15.9654,16.529,16.6921,16.7917,17.0668,17.1942,18.2293,18.2519,18.6396,19.9575,20.3077,20.4134,21.1466,21.1466,21.2456,21.6517,22.3785,22.5419,22.6852,22.8205,22.9979,23.0793,23.3351,23.7819,23.8303,24.6136,25.2005,26.1946,26.6076,26.8818,27.3362,28.4144,28.8325,29.1333,29.4291,29.4605,29.6089,29.6922,30.0089,30.9273,31.1,31.6411,31.7786,32.2861,33.3954,33.4261,33.5592,33.6296,33.6659,33.9207,34.3631,34.7001
1.9803430756519906,-48.7436,-48.7434,-48.7429,-48.7411,-48.736,-48.7354,-48.715,-48.7142,-48.7137,-48.6737,-48.6709,-48.6705,-39.9738,-39.9738,-39.9737,-39.9707,-39.9706,-39.9705,-15.0786,-13.9305,-13.5562,-13.5374,-13.5215,-13.4652,-13.4559,-13.4552,-2.5443,-2.0224,-1.9866,-1.9671,-1.4328,-1.208,-1.1792,-0.2346,-0.1969,0.4666,0.4774,0.4847,0.6421,0.6592,0.7207,0.7652,0.8636,0.8693,1.3834,1.5281,1.5634,1.9429,2.1678,2.2188,5.0574,5.08,5.9707,5.9735,5.9791,6.0593,6.4062,6.4076,6.4158,6.4778,6.5067,6.5121,7.1345,7.1546,7.1744,7.276,7.3335,7.6028,7.6376,7.6503,8.1777,8.624,8.7188,8.7351,9.0324,9.041,9.4162,9.4412,9.8998,9.9223,9.9402,12.088,12.1989,12.4592,13.3316,13.6618,13.8482,14.1151,15.9326,16.5911,16.7156,16.7914,17.0538,17.1512,18.3296,18.3409,18.6166,20.0317,20.4661,20.5723,21.1556,21.1751,21.1978,21.5566,22.449,22.5789,22.7091,22.8061,22.9892,23.2109,23.4327,23.7405,23.7866,24.7032,25.1257,25.9902,26.4906,26.6897,27.0616,28.7252,29.0675,29.2847,29.5661,29.6193,29.6764,29.7452,30.008,30.7447,30.9267,31.7101,31.8794,32.2696,33.2464,33.3348,33.5249,33.5661,33.6911,33.9422,34.1502,34.5816
2.013381211977152,-48.7438,-48.7436,-48.7433,-48.7421,-48.7361,-48.7357,-48.7145,-48.714,-48.7136,-48.6727,-48.6707,-48.6704,-39.9738,-39.9738,-39.9737,-39.9707,-39.9706,-39.9706,-15.0955,-13.9157,-13.544,-13.5338,-13.5189,-13.4674,-13.4601,-13.4572,-2.5779,-2.0459,-2.0209,-2.0067,-1.4404,-1.2133,-1.1924,-0.2166,-0.1878,0.4822,0.4936,0.4974,0.6617,0.673,0.7178,0.804,0.8731,0.8742,1.423,1.5261,1.5505,2.017,2.1836,2.2196,5.0232,5.0414,5.9692,5.9751,5.9752,6.0424,6.4106,6.4115,6.4173,6.4848,6.5053,6.5098,7.148,7.1627,7.1772,7.3029,7.3458,7.6305,7.6515,7.665,8.0777,8.6435,8.7147,8.7266,9.0218,9.0279,9.4359,9.4549,9.9001,9.917,9.9291,12.0744,12.1576,12.3355,13.3355,13.6621,13.7915,14.0,15.9051,16.6475,16.7366,16.7915,17.0426,17.1127,18.4183,18.4223,18.5954,20.0818,20.6306,20.7132,21.1547,21.1638,21.198,21.4696,22.5223,22.6182,22.7326,22.7889,22.9117,23.3992,23.5488,23.7111,23.7489,24.7686,25.0543,25.7792,26.3857,26.5181,26.8035,29.0293,29.2933,29.4307,29.6983,29.7419,29.7634,29.7959,30.012,30.5819,30.7572,31.7875,31.9659,32.2942,33.0828,33.228,33.3835,33.5802,33.7374,33.9115,33.9953,34.4814
2.046419348302314,-48.744,-48.7438,-48.7436,-48.7429,-48.7361,-48.7359,-48.7141,-48.7138,-48.7135,-48.6718,-48.6705,-48.6704,-39.9738,-39.9738,-39.9737,-39.9707,-39.9706,-39.9706,-15.1095,-13.9037,-13.5335,-13.5292,-13.5168,-13.4692,-13.464,-13.4603,-2.6059,-2.0652,-2.0492,-2.0397,-1.447,-1.2174,-1.2036,-0.2012,-0.1814,0.4965,0.5062,0.5079,0.6783,0.6851,0.715,0.8356,0.878,0.8815,1.4565,1.5242,1.5397,2.0842,2.1965,2.2199,4.9944,5.0075,5.9682,5.9719,5.9752,6.0285,6.4141,6.4146,6.4183,6.4908,6.5042,6.5075,7.1596,7.1693,7.179,7.3262,7.3554,7.6539,7.6653,7.6768,7.9929,8.6637,8.7122,8.7203,9.0122,9.0161,9.4537,9.4669,9.8995,9.911,9.9185,12.0617,12.1181,12.2307,13.3497,13.6622,13.7449,13.8968,15.8829,16.6968,16.7549,16.7918,17.033,17.0792,18.4937,18.4938,18.5766,20.1179,20.7824,20.8322,21.1176,21.173,21.2155,21.3932,22.5978,22.6562,22.7549,22.7713,22.8474,23.5171,23.6914,23.7184,23.7252,24.8091,24.9871,25.5647,26.2947,26.3735,26.5734,29.3203,29.5005,29.5715,29.8051,29.8158,29.8388,29.8875,30.0206,30.44,30.6061,31.8688,32.0038,32.3763,32.9206,33.1379,33.2727,33.6258,33.6647,33.8022,34.0656,34.3289
2.0794574846274756,-48.7442,-48.7439,-48.7438,-48.7435,-48.7362,-48.736,-48.7138,-48.7136,-48.7135,-48.6711,-48.6704,-48.6703,-39.9738,-39.9737,-39.9737,-39.9707,-39.9706,-39.9706,-15.1205,-13.8945,-13.5249,-13.5239,-13.5152,-13.4706,-13.4673,-13.4641,-2.628,-2.0804,-2.0713,-2.0659,-1.4525,-1.2205,-1.2125,-0.1887,-0.177,0.5089,0.5155,0.5161,0.6916,0.6952,0.7126,0.8598,0.8829,0.8862,1.4836,1.5225,1.5312,2.1409,2.2066,2.2199,4.9714,4.9795,5.9674,5.9695,5.9733,6.0187,6.4167,6.417,6.4191,6.4957,6.5033,6.5054,7.1689,7.1746,7.1802,7.3451,7.3623,7.6726,7.6779,7.6859,7.9255,8.6824,8.7111,8.7158,9.004,9.0063,9.4688,9.4767,9.8982,9.905,9.9092,12.0509,12.084,12.1469,13.3712,13.6622,13.7086,13.8072,15.8657,16.7373,16.7704,16.7922,17.0248,17.0515,18.5531,18.5542,18.5612,20.1445,20.9069,20.9262,21.0875,21.1868,21.2283,21.3301,22.6692,22.6919,22.7551,22.7747,22.7968,23.5856,23.6788,23.6951,23.9371,24.8276,24.9256,25.3489,26.2203,26.2604,26.3819,29.5875,29.6772,29.7014,29.8676,29.8709,29.914,29.987,30.0326,30.3193,30.4781,31.9416,32.0049,32.4931,32.7801,33.0519,33.1336,33.4162,33.6516,33.7879,34.1073,34.2144
2.112495620952637,-48.7445,-48.744,-48.7439,-48.7439,-48.7362,-48.7361,-48.7136,-48.7135,-48.7134,-48.6706,-48.6703,-48.6703,-39.9737,-39.9737,-39.9737,-39.9706,-39.9706,-39.9706,-15.1284,-13.888,-13.5186,-13.5185,-13.5139,-13.4717,-13.4701,-13.468,-2.644,-2.0912,-2.0872,-2.0847,-1.4566,-1.2227,-1.2191,-0.1797,-0.1743,0.5184,0.5218,0.5219,0.7013,0.7028,0.7108,0.877,0.8869,0.8889,1.5036,1.5212,1.5251,2.1837,2.2138,2.2197,4.9548,4.9586,5.9668,5.9678,5.9703,6.0129,6.4185,6.4186,6.4196,6.4992,6.5026,6.5036,7.1758,7.1783,7.1809,7.3589,7.3668,7.6862,7.6882,7.6923,7.8767,8.6975,8.7107,8.7129,8.9977,8.9987,9.4803,9.484,9.8968,9.9,9.9018,12.0426,12.0577,12.0856,13.3967,13.6621,13.6827,13.7337,15.8534,16.7677,16.7824,16.7927,17.0183,17.0305,18.5497,18.5975,18.5985,20.163,20.9918,20.9935,21.0654,21.2084,21.2369,21.2828,22.709,22.7422,22.7429,22.7605,22.7904,23.6308,23.6713,23.6788,24.1532,24.8308,24.8739,25.1353,26.1649,26.1809,26.2381,29.8075,29.8094,29.8147,29.8919,29.9346,29.9932,30.0452,30.0566,30.2193,30.3743,31.984,31.9933,32.6127,32.7006,32.9711,33.0328,33.2021,33.6853,33.7526,34.1648,34.2394
2.1455337572777986,-48.7447,-48.7441,-48.744,-48.744,-48.7362,-48.7362,-48.7135,-48.7134,-48.7134,-48.6703,-48.6703,-48.6702,-39.9737,-39.9737,-39.9737,-39.9706,-39.9706,-39.9706,-15.1333,-13.8843,-13.5146,-13.5145,-13.5133,-13.4724,-13.472,-13.4713,-2.6537,-2.0978,-2.0968,-2.0962,-1.4591,-1.2239,-1.223,-0.1741,-0.1727,0.5245,0.5254,0.5254,0.7072,0.7076,0.7096,0.8871,0.8896,0.8901,1.516,1.5204,1.5214,2.2104,2.2181,2.2196,4.9446,4.9456,5.9665,5.9668,5.9675,6.01,6.4196,6.4196,6.4198,6.5013,6.5022,6.5025,7.1799,7.1806,7.1812,7.3672,7.3693,7.6945,7.695,7.6961,7.8471,8.7073,8.7107,8.7113,8.9938,8.994,9.4875,9.4885,9.8958,9.8966,9.897,12.0374,12.0412,12.0482,13.42,13.662,13.6672,13.6818,15.8461,16.7864,16.7901,16.7928,17.0139,17.017,18.5425,18.6252,18.6255,20.174,21.0338,21.035,21.0518,21.2326,21.2419,21.2534,22.7255,22.7338,22.7384,22.7875,22.8004,23.6573,23.6672,23.6691,24.3546,24.8275,24.8382,24.9365,26.1306,26.1343,26.1491,29.8817,29.882,29.9032,29.9801,30.0049,30.0544,30.0545,30.09,30.1385,30.2965,31.9818,31.9854,32.7127,32.7141,32.9213,32.9476,33.0116,33.7215,33.7688,34.1945,34.2192
2.1785718936029603,-48.7448,-48.7441,-48.7441,-48.7441,-48.7362,-48.7362,-48.7134,-48.7134,-48.7134,-48.6702,-48.6702,-48.6702,-39.9738,-39.9738,-39.9738,-39.9706,-39.9706,-39.9706,-15.1349,-13.8831,-13.5131,-13.5131,-13.5131,-13.4727,-13.4727,-13.4727,-2.657,-2.1,-2.1,-2.1,-1.4599,-1.2244,-1.2244,-0.1723,-0.1723,0.5266,0.5266,0.5266,0.7092,0.7092,0.7092,0.8905,0.8905,0.8905,1.5201,1.5201,1.5201,2.2195,2.2195,2.2195,4.9412,4.9412,5.9664,5.9664,5.9664,6.0092,6.4199,6.4199,6.4199,6.5021,6.5021,6.5021,7.1813,7.1813,7.1813,7.37,7.37,7.6973,7.6973,7.6973,7.8373,8.7107,8.7107,8.7107,8.9924,8.9924,9.49,9.49,9.8953,9.8953,9.8953,12.0356,12.0356,12.0356,13.4303,13.662,13.662,13.662,15.8436,16.7928,16.7928,16.7928,17.0122,17.0122,18.54,18.6346,18.6346,20.1776,21.0472,21.0472,21.0472,21.2434,21.2434,21.2434,22.7308,22.7308,22.7308,22.8038,22.8038,23.6659,23.6659,23.6659,24.4667,24.8254,24.8254,24.8254,26.119,26.119,26.119,29.9067,29.9067,29.9067,30.0577,30.0577,30.0577,30.083,30.083,30.0831,30.2622,31.9773,31.9773,32.7653,32.7654,32.902,32.9021,32.9028,33.7278,33.7592,34.195,34.2042
2.1785718936029603,-48.7448,-48.7441,-48.7441,-48.7441,-48.7362,-48.7362,-48.7134,-48.7134,-48.7134,-48.6702,-48.6702,-48.6702,-39.9738,-39.9738,-39.9738,-39.9706,-39.9706,-39.9706,-15.1349,-13.8831,-13.5131,-13.5131,-13.5131,-13.4727,-13.4727,-13.4727,-2.657,-2.1,-2.1,-2.1,-1.4599,-1.2244,-1.2244,-0.1723,-0.1723,0.5266,0.5266,0.5266,0.7092,0.7092,0.7092,0.8905,0.8905,0.8905,1.5201,1.5201,1.5201,2.2195,2.2195,2.2195,4.9412,4.9412,5.9664,5.9664,5.9664,6.0092,6.4199,6.4199,6.4199,6.5021,6.5021,6.5021,7.1813,7.1813,7.1813,7.37,7.37,7.6973,7.6973,7.6973,7.8373,8.7107,8.7107,8.7107,8.9924,8.9924,9.49,9.49,9.8953,9.8953,9.8953,12.0356,12.0356,12.0356,13.4303,13.662,13.662,13.662,15.8436,16.7928,16.7928,16.7928,17.0122,17.0122,18.54,18.6346,18.6346,20.1776,21.0472,21.0472,21.0472,21.2434,21.2434,21.2434,22.7308,22.7308,22.7308,22.8038,22.8038,23.6659,23.6659,23.6659,24.4667,24.8254,24.8254,24.8254,26.119,26.119,26.119,29.9067,29.9067,29.9067,30.0577,30.0577,30.0577,30.083,30.083,30.0831,30.2622,31.9773,31.9773,32.7653,32.7656,32.902,32.9022,32.9071,33.7224,33.7892,34.1903,34.2017
2.2109425240226224,-48.7447,-48.744,-48.744,-48.744,-48.7362,-48.7362,-48.7135,-48.7135,-48.7134,-48.6703,-48.6702,-48.6702,-39.9738,-39.9738,-39.9737,-39.9706,-39.9706,-39.9706,-15.1333,-13.8843,-13.515,-13.5137,-13.5137,-13.472,-13.472,-13.4716,-2.6538,-2.0976,-2.0976,-2.096,-1.4591,-1.2235,-1.2235,-0.1734,-0.1734,0.5252,0.5252,0.5252,0.7069,0.7088,0.7088,0.8871,0.89,0.89,1.5179,1.5179,1.5221,2.2103,2.2191,2.2191,4.945,4.945,5.9668,5.9669,5.967,6.01,6.4196,6.4196,6.4198,6.5016,6.5016,6.5027,7.1802,7.1802,7.1814,7.3683,7.3683,7.6948,7.6948,7.6963,7.8467,8.7076,8.7109,8.7109,8.9938,8.9938,9.4881,9.4881,9.8956,9.8968,9.8968,12.0351,12.0454,12.0454,13.4205,13.6637,13.6637,13.6826,15.846,16.7875,16.791,16.791,17.0153,17.0153,18.5424,18.6257,18.6257,20.1741,21.0353,21.0353,21.051,21.2286,21.2496,21.2496,22.7296,22.7339,22.7339,22.7944,22.7944,23.664,23.664,23.6658,24.3577,24.8343,24.8343,24.9301,26.1253,26.1432,26.1432,29.879,29.8939,29.8939,29.9942,29.9942,30.0602,30.0789,30.0986,30.0986,30.2982,31.984,31.984,32.7134,32.7138,32.9125,32.9811,32.9821,33.7247,33.9314,34.1958,34.2389
2.2433131544422844,-48.7445,-48.7439,-48.7439,-48.7439,-48.7362,-48.7362,-48.7136,-48.7136,-48.7134,-48.6706,-48.6703,-48.6703,-39.9738,-39.9738,-39.9737,-39.9706,-39.9706,-39.9706,-15.1287,-13.8879,-13.5201,-13.5153,-13.5153,-13.4704,-13.4704,-13.4693,-2.6445,-2.0903,-2.0903,-2.084,-1.4567,-1.221,-1.221,-0.1768,-0.1768,0.521,0.521,0.521,0.6998,0.7077,0.7077,0.877,0.8882,0.8882,1.5112,1.5112,1.528,2.183,2.2179,2.2179,4.9561,4.9561,5.9681,5.9682,5.9683,6.0128,6.4186,6.4186,6.4196,6.5004,6.5004,6.5047,7.1768,7.1768,7.1817,7.3632,7.3632,7.6874,7.6874,7.6931,7.8749,8.6987,8.7113,8.7113,8.998,8.998,9.4825,9.4825,9.896,9.901,9.901,12.0332,12.0747,12.0747,13.3988,13.6687,13.6687,13.7367,15.853,16.7717,16.7858,16.7858,17.0241,17.0241,18.5492,18.5995,18.5995,20.1633,20.9978,20.9978,21.0625,21.1852,21.2696,21.2696,22.7256,22.7426,22.7426,22.7686,22.7686,23.6581,23.6581,23.6649,24.1579,24.8582,24.8582,25.117,26.1432,26.2154,26.2154,29.815,29.815,29.8174,29.9289,29.9289,30.0589,30.0661,30.0661,30.0675,30.3916,31.9953,31.9953,32.6541,32.6544,32.9402,33.1237,33.1259,33.7191,33.7675,34.1137,34.2406
2.2756837848619464,-48.7444,-48.7438,-48.7438,-48.7436,-48.7361,-48.7361,-48.7137,-48.7137,-48.7134,-48.6711,-48.6703,-48.6703,-39.9737,-39.9737,-39.9737,-39.9706,-39.9706,-39.9706,-15.121,-13.8941,-13.5273,-13.5178,-13.5178,-13.468,-13.468,-13.4665,-2.6292,-2.0783,-2.0783,-2.0641,-1.4528,-1.2169,-1.2169,-0.1824,-0.1824,0.5143,0.5143,0.5144,0.6879,0.7057,0.7057,0.8606,0.8848,0.8848,1.5008,1.5008,1.5375,2.1385,2.2161,2.2161,4.9741,4.9741,5.9687,5.9703,5.9703,6.0187,6.4169,6.4169,6.4193,6.4983,6.4983,6.5078,7.1713,7.1713,7.1822,7.3547,7.3547,7.6758,7.6758,7.6878,7.921,8.6851,8.7121,8.7121,9.0048,9.0048,9.4734,9.4734,9.896,9.9077,9.9077,12.029,12.1228,12.1228,13.3763,13.6772,13.6772,13.8138,15.8647,16.7456,16.7773,16.7773,17.0383,17.0383,18.5568,18.5568,18.5602,20.1444,20.9325,20.9325,21.0813,21.1162,21.3055,21.3055,22.7187,22.7293,22.7293,22.7604,22.7604,23.6489,23.6489,23.6601,23.9425,24.8904,24.8904,25.3144,26.17,26.3341,26.3341,29.6566,29.6566,29.7435,29.8985,29.8985,29.9807,29.9807,30.0252,30.08,30.521,31.9899,31.9899,32.634,32.6345,32.986,33.2922,33.31,33.7055,33.7727,34.1517,34.2844
2.3080544152816085,-48.7443,-48.7435,-48.7435,-48.743,-48.736,-48.736,-48.714,-48.714,-48.7134,-48.6718,-48.6704,-48.6704,-39.9738,-39.9738,-39.9737,-39.9707,-39.9706,-39.9706,-15.1105,-13.9031,-13.5358,-13.5211,-13.5211,-13.4651,-13.4651,-13.4641,-2.6079,-2.0617,-2.0617,-2.0364,-1.4476,-1.2112,-1.2112,-0.1905,-0.1905,0.5054,0.5055,0.5055,0.6709,0.7028,0.7028,0.8387,0.879,0.879,1.4875,1.4875,1.5504,2.0783,2.2139,2.2139,4.9984,4.9984,5.9672,5.9733,5.9733,6.0283,6.4143,6.4143,6.4187,6.4954,6.4954,6.5119,7.1638,7.1638,7.1827,7.3427,7.3427,7.6609,7.6609,7.6806,7.9839,8.6684,8.7132,8.7132,9.0139,9.0139,9.4615,9.4615,9.8947,9.9163,9.9163,12.021,12.1884,12.1884,13.3587,13.6892,13.6892,13.9083,15.8809,16.7101,16.7656,16.7656,17.0571,17.0571,18.4992,18.4992,18.5745,20.116,20.8403,20.8403,21.0262,21.1075,21.3565,21.3565,22.6886,22.6886,22.7087,22.7818,22.7818,23.6179,23.6371,23.6371,23.7582,24.9234,24.9234,25.509,26.2021,26.4956,26.4956,29.4651,29.4651,29.6586,29.846,29.846,29.8754,29.8754,29.9893,30.0971,30.6765,31.9519,31.9519,32.6608,32.6609,33.0482,33.4694,33.4786,33.7132,33.7196,33.9583,34.321
2.3404250457012705,-48.7443,-48.7433,-48.7433,-48.7422,-48.7359,-48.7359,-48.7143,-48.7143,-48.7134,-48.6727,-48.6705,-48.6705,-39.9738,-39.9738,-39.9737,-39.9707,-39.9706,-39.9706,-15.0971,-13.9148,-13.5448,-13.5246,-13.5246,-13.4623,-13.462,-13.462,-2.5811,-2.0407,-2.0407,-2.001,-1.4413,-1.2039,-1.2039,-0.2008,-0.2008,0.4946,0.4949,0.4949,0.6482,0.6989,0.6989,0.8121,0.8702,0.8702,1.4725,1.4725,1.5661,2.0042,2.2116,2.2116,5.0284,5.0284,5.9634,5.9772,5.9772,6.0414,6.4108,6.4108,6.4181,6.4917,6.4917,6.5169,7.1544,7.1544,7.1832,7.3274,7.3274,7.644,7.644,7.6717,8.0621,8.6507,8.7146,8.7146,9.0249,9.0249,9.4472,9.4472,9.8911,9.9264,9.9264,12.0077,12.27,12.27,13.3488,13.705,13.705,14.0181,15.9016,16.6663,16.7507,16.7507,17.0806,17.0806,18.4287,18.4287,18.5915,20.0762,20.7243,20.7243,20.9215,21.1405,21.4207,21.4207,22.649,22.649,22.696,22.8108,22.8108,23.4355,23.6245,23.6245,23.7131,24.9517,24.9517,25.6959,26.2356,26.693,26.693,29.2574,29.2574,29.556,29.6937,29.6937,29.8354,29.8354,29.9651,30.1193,30.8557,31.8845,31.8846,32.7238,32.7241,33.1297,33.6006,33.6196,33.7957,33.8057,33.9529,34.371
2.3727956761209326,-48.7442,-48.743,-48.743,-48.7412,-48.7357,-48.7357,-48.7147,-48.7147,-48.7134,-48.6737,-48.6706,-48.6706,-39.9738,-39.9738,-39.9737,-39.9707,-39.9706,-39.9706,-15.081,-13.9296,-13.5538,-13.5283,-13.5283,-13.4612,-13.4587,-13.4587,-2.549,-2.0154,-2.0154,-1.9581,-1.4343,-1.1953,-1.1953,-0.2136,-0.2136,0.4822,0.4832,0.4832,0.6194,0.6936,0.6936,0.7822,0.8575,0.8575,1.4573,1.4573,1.5841,1.9183,2.2094,2.2094,5.0629,5.0629,5.9576,5.9821,5.9821,6.0571,6.4062,6.4062,6.4173,6.4874,6.4874,6.5225,7.1434,7.1434,7.1836,7.3086,7.3086,7.6263,7.6263,7.6613,8.153,8.6348,8.7164,8.7164,9.0374,9.0374,9.431,9.431,9.8844,9.9374,9.9374,11.987,12.3658,12.3658,13.3481,13.7248,13.7248,14.1421,15.9268,16.6153,16.7324,16.7324,17.108,17.108,18.3477,18.3477,18.6098,20.0223,20.5885,20.5885,20.8092,21.1801,21.4954,21.4954,22.6145,22.6145,22.6801,22.8465,22.8465,23.2052,23.6129,23.6129,23.7185,24.9721,24.9721,25.8716,26.2672,26.9159,26.9159,29.043,29.043,29.4293,29.5237,29.5237,29.7908,29.7908,29.9638,30.1469,31.0581,31.8006,31.8006,32.8059,32.8061,33.2176,33.6409,33.6509,33.7313,34.0067,34.0864,34.4043
2.4051663065405946,-48.7442,-48.7426,-48.7426,-48.74,-48.7355,-48.7355,-48.7151,-48.7151,-48.7134,-48.6749,-48.6707,-48.6707,-39.9738,-39.9738,-39.9737,-39.9707,-39.9706,-39.9706,-15.0622,-13.9474,-13.5623,-13.5321,-13.5321,-13.4609,-13.4554,-13.4554,-2.512,-1.9863,-1.9863,-1.908,-1.4267,-1.1854,-1.1854,-0.2288,-0.2288,0.4688,0.4707,0.4707,0.5837,0.6865,0.6865,0.7506,0.8408,0.8408,1.4433,1.4433,1.6039,1.823,2.2072,2.2072,5.101,5.101,5.9501,5.9878,5.9878,6.0745,6.4005,6.4005,6.4165,6.4825,6.4825,6.5285,7.131,7.131,7.1838,7.2868,7.2868,7.609,7.609,7.6496,8.2532,8.624,8.7184,8.7184,9.0509,9.0509,9.4136,9.4136,9.8742,9.9489,9.9489,11.9573,12.4735,12.4735,13.3571,13.7493,13.7493,14.2793,15.9563,16.5586,16.7102,16.7102,17.139,17.139,18.2587,18.2587,18.6279,19.9521,20.4373,20.4373,20.6966,21.2258,21.5786,21.5786,22.5868,22.5868,22.6612,22.888,22.888,22.9679,23.605,23.605,23.7363,24.9827,24.9827,26.0319,26.2957,27.1488,27.1488,28.8325,28.8325,29.2783,29.3529,29.3529,29.7379,29.7379,29.9903,30.18,31.2837,31.7111,31.7112,32.8956,32.8963,33.3148,33.6548,33.6648,33.7432,34.2072,34.233,34.5704
2.4375369369602566,-48.7442,-48.7423,-48.7423,-48.7387,-48.7352,-48.7352,-48.7156,-48.7156,-48.7134,-48.6763,-48.6709,-48.6709,-39.9738,-39.9738,-39.9737,-39.9708,-39.9705,-39.9705,-15.041,-13.9682,-13.5701,-13.5359,-13.5359,-13.4613,-13.4521,-13.4521,-2.4706,-1.9535,-1.9535,-1.851,-1.4191,-1.1742,-1.1742,-0.2463,-0.2463,0.4548,0.4577,0.4577,0.5404,0.6767,0.6767,0.7188,0.8205,0.8205,1.432,1.432,1.625,1.7205,2.2052,2.2052,5.1417,5.1417,5.9413,5.9946,5.9946,6.0928,6.3933,6.3933,6.4155,6.4772,6.4772,6.5349,7.1175,7.1175,7.1836,7.2623,7.2623,7.5931,7.5931,7.6369,8.3563,8.6241,8.7207,8.7207,9.0652,9.0652,9.3954,9.3954,9.8606,9.9605,9.9605,11.917,12.5903,12.5903,13.376,13.7792,13.7792,14.4287,15.9897,16.4982,16.6829,16.6829,17.173,17.173,18.1651,18.1651,18.6429,19.8644,20.2751,20.2751,20.5904,21.2771,21.6678,21.6678,22.5665,22.5665,22.639,22.7296,22.933,22.933,23.6046,23.6046,23.7637,24.9824,24.9824,26.1669,26.3272,27.3645,27.3645,28.6448,28.6448,29.1066,29.1946,29.1946,29.677,29.677,30.045,30.219,31.5322,31.6244,31.6244,32.9863,32.987,33.4269,33.5954,33.679,33.6927,34.3316,34.4571,34.5434
2.4699075673799187,-48.7442,-48.7419,-48.7419,-48.7372,-48.7349,-48.7349,-48.7162,-48.7162,-48.7134,-48.6778,-48.671,-48.671,-39.9739,-39.9739,-39.9737,-39.9708,-39.9705,-39.9705,-15.0174,-13.9919,-13.5769,-13.5395,-13.5395,-13.4624,-13.4489,-13.4489,-2.4254,-1.9176,-1.9176,-1.7878,-1.4116,-1.1621,-1.1621,-0.2661,-0.2661,0.4405,0.4447,0.4447,0.4895,0.663,0.663,0.6881,0.7982,0.7982,1.4241,1.4241,1.6133,1.6466,2.2033,2.2033,5.1838,5.1838,5.9316,6.0026,6.0026,6.1113,6.3848,6.3848,6.4145,6.4718,6.4718,6.5412,7.1029,7.1029,7.183,7.2357,7.2357,7.5791,7.5791,7.6236,8.448,8.6479,8.7231,8.7231,9.0799,9.0799,9.3769,9.3769,9.8443,9.9719,9.9719,11.8653,12.7129,12.7129,13.4043,13.8157,13.8157,14.5889,16.0267,16.436,16.6493,16.6493,17.2087,17.2087,18.071,18.071,18.6511,19.7617,20.1055,20.1055,20.4945,21.3334,21.7611,21.7611,22.4931,22.5535,22.5535,22.6135,22.9781,22.9781,23.6168,23.6168,23.8007,24.9705,24.9705,26.2456,26.39,27.5096,27.5096,28.5183,28.5183,28.9198,29.0658,29.0658,29.61,29.61,30.1262,30.2638,31.5459,31.5459,31.8024,33.075,33.0765,33.5099,33.5744,33.7092,33.7319,34.3511,34.3645,34.52
2.5022781977995807,-48.7442,-48.7415,-48.7415,-48.7356,-48.7345,-48.7345,-48.7168,-48.7168,-48.7134,-48.6794,-48.6711,-48.6711,-39.9739,-39.9739,-39.9736,-39.9708,-39.9705,-39.9705,-14.9919,-14.0182,-13.5827,-13.543,-13.543,-13.464,-13.4459,-13.4459,-2.377,-1.8792,-1.8792,-1.7193,-1.4043,-1.1492,-1.1492,-0.288,-0.288,0.4263,0.4311,0.4317,0.4317,0.6439,0.6439,0.6594,0.7763,0.7763,1.42,1.42,1.5036,1.6684,2.2014,2.2014,5.2263,5.2263,5.9212,6.0117,6.0117,6.1295,6.3748,6.3749,6.4134,6.4665,6.4665,6.5475,7.0874,7.0874,7.1819,7.208,7.208,7.5675,7.5675,7.61,8.5076,8.7137,8.7254,8.7254,9.0946,9.0946,9.3583,9.3583,9.8271,9.9829,9.9829,11.8016,12.8377,12.8377,13.4409,13.8607,13.8607,14.7584,16.0659,16.375,16.6076,16.6076,17.2443,17.2443,17.9815,17.9815,18.646,19.652,19.932,19.932,20.4094,21.394,21.8562,21.8562,22.2606,22.5472,22.5472,22.5846,23.0187,23.0187,23.6473,23.6473,23.848,24.9464,24.9464,26.262,26.4888,27.5142,27.5142,28.4889,28.4889,28.7234,28.9979,28.9979,29.5413,29.5413,30.2314,30.3147,31.4799,31.4799,32.0917,33.1606,33.1611,33.4958,33.6673,33.7318,33.7514,34.1703,34.3544,34.5139
2.5346488282192428,-48.7442,-48.7412,-48.7412,-48.734,-48.734,-48.7338,-48.7175,-48.7175,-48.7134,-48.6811,-48.6713,-48.6713,-39.9739,-39.9739,-39.9736,-39.9708,-39.9705,-39.9705,-14.9648,-14.0468,-13.5874,-13.5462,-13.5462,-13.4661,-13.4431,-13.4431,-2.326,-1.8389,-1.8389,-1.6472,-1.3966,-1.1358,-1.1358,-0.3117,-0.3117,0.3656,0.4126,0.4187,0.4187,0.6184,0.6184,0.6333,0.7575,0.7575,1.3938,1.4194,1.4194,1.6898,2.1995,2.1995,5.2681,5.2681,5.9105,6.0221,6.0221,6.147,6.3635,6.3635,6.4122,6.4615,6.4615,6.5535,7.0708,7.0708,7.1801,7.1803,7.1803,7.5584,7.5584,7.5963,8.5401,8.7276,8.7276,8.8126,9.109,9.109,9.3401,9.3401,9.8124,9.9933,9.9933,11.7259,12.96,12.96,13.4842,13.9164,13.9164,14.9345,16.1046,16.3201,16.5557,16.5557,17.2764,17.2764,17.9038,17.9038,18.6185,19.5483,19.7573,19.7573,20.3333,21.4583,21.9513,21.9513,22.0348,22.5472,22.5472,22.552,23.0505,23.0505,23.7012,23.7012,23.9058,24.9102,24.9102,26.2505,26.589,27.3816,27.3816,28.495,28.495,28.523,29.0345,29.0345,29.4862,29.4862,30.357,30.3714,31.4309,31.4309,32.3961,33.2425,33.2454,33.4791,33.7591,33.777,33.7856,33.933,34.3276,34.6174
2.567019458638905,-48.7442,-48.7409,-48.7409,-48.7334,-48.7334,-48.7321,-48.7182,-48.7182,-48.7134,-48.6829,-48.6714,-48.6714,-39.9739,-39.9739,-39.9736,-39.9708,-39.9705,-39.9705,-14.9364,-14.0771,-13.591,-13.5493,-13.5493,-13.4685,-13.4405,-13.4405,-2.2733,-1.7974,-1.7974,-1.5756,-1.3857,-1.122,-1.122,-0.3369,-0.3369,0.2938,0.3996,0.4055,0.4055,0.5876,0.5876,0.6107,0.7428,0.7428,1.2861,1.4219,1.4219,1.7103,2.1973,2.1973,5.3082,5.3082,5.8999,6.0339,6.0339,6.1633,6.3508,6.3508,6.4111,6.457,6.457,6.5591,7.0529,7.0529,7.1539,7.1539,7.1778,7.5517,7.5517,7.583,8.5658,8.7296,8.7296,8.9179,9.123,9.123,9.3226,9.3226,9.8057,10.0029,10.0029,11.6388,13.0749,13.0749,13.5323,13.9857,13.9857,15.114,16.1345,16.2826,16.4914,16.4914,17.3,17.3,17.8466,17.8466,18.5579,19.4657,19.5836,19.5836,20.2633,21.5257,21.8184,22.0441,22.0441,22.5157,22.5527,22.5527,23.0721,23.0721,23.7814,23.7814,23.9739,24.8624,24.8624,26.223,26.6796,27.1763,27.1763,28.3243,28.4673,28.4673,29.1219,29.1219,29.5012,29.5012,30.434,30.4989,31.4043,31.4043,32.7088,33.3206,33.325,33.4658,33.6487,33.7918,33.8166,33.939,34.2825,34.7687
2.599390089058567,-48.7442,-48.7407,-48.7407,-48.7328,-48.7328,-48.7302,-48.719,-48.719,-48.7134,-48.6848,-48.6716,-48.6715,-39.9739,-39.9739,-39.9736,-39.9708,-39.9704,-39.9704,-14.9073,-14.1084,-13.5938,-13.552,-13.552,-13.4712,-13.4383,-13.4383,-2.2199,-1.7559,-1.7559,-1.5143,-1.3631,-1.1083,-1.1083,-0.363,-0.363,0.2164,0.3876,0.3917,0.3917,0.5544,0.5544,0.5922,0.7318,0.7318,1.1824,1.4267,1.4267,1.7295,2.1951,2.1951,5.3456,5.3456,5.8895,6.0472,6.0472,6.1782,6.337,6.337,6.41,6.4531,6.4531,6.5643,7.0333,7.0333,7.1303,7.1303,7.1749,7.547,7.547,7.5704,8.594,8.7312,8.7312,9.0109,9.1363,9.1363,9.3061,9.3061,9.8155,10.0117,10.0117,11.5409,13.1775,13.1775,13.583,14.0708,14.0708,15.291,16.1392,16.2836,16.413,16.413,17.3096,17.3096,17.8192,17.8192,18.4575,19.4128,19.4128,19.4148,20.1965,21.5954,21.6145,22.1324,22.1324,22.4757,22.5627,22.5627,23.0852,23.0852,23.8865,23.8865,24.0516,24.8044,24.8044,26.1822,26.7594,26.9404,26.9404,28.1325,28.4253,28.4253,29.1187,29.1187,29.6597,29.6597,30.5018,30.6515,31.4077,31.4077,33.0189,33.3946,33.3957,33.4195,33.4637,33.8295,33.9086,34.0435,34.248,34.4403
2.631760719478229,-48.7442,-48.7405,-48.7404,-48.7321,-48.7321,-48.7284,-48.7198,-48.7198,-48.7134,-48.6866,-48.6717,-48.6717,-39.9739,-39.9739,-39.9736,-39.9708,-39.9704,-39.9704,-14.8781,-14.14,-13.5957,-13.5545,-13.5545,-13.4738,-13.4362,-13.4362,-2.1668,-1.7153,-1.7153,-1.4792,-1.3142,-1.095,-1.095,-0.3894,-0.3894,0.1344,0.3766,0.3766,0.3768,0.5224,0.5224,0.5788,0.7237,0.7237,1.0848,1.433,1.433,1.747,2.1927,2.1927,5.3794,5.3794,5.8798,6.062,6.062,6.1915,6.3222,6.3222,6.409,6.4501,6.4501,6.5689,7.0122,7.0122,7.1104,7.1104,7.1718,7.5441,7.5441,7.5587,8.6276,8.7325,8.7325,9.0779,9.1488,9.1488,9.2906,9.2906,9.8518,10.0194,10.0194,11.4332,13.2642,13.2642,13.6339,14.1727,14.1727,15.4555,16.1287,16.3202,16.3202,16.3222,17.3036,17.3036,17.8258,17.8258,18.3195,19.2464,19.2464,19.3972,20.131,21.427,21.6666,22.214,22.214,22.432,22.5759,22.5759,23.0939,23.0939,24.0136,24.0136,24.1375,24.7391,24.7391,26.1293,26.6927,26.6927,26.8295,27.9524,28.391,28.391,29.0495,29.0495,29.8851,29.8851,30.5739,30.8088,31.4526,31.4526,33.1915,33.3028,33.4637,33.4652,33.4693,33.8565,33.8826,34.1825,34.2012,34.3923
2.664131349897891,-48.7442,-48.7403,-48.7403,-48.7313,-48.7313,-48.7267,-48.7206,-48.7206,-48.7134,-48.6884,-48.6718,-48.6718,-39.974,-39.974,-39.9736,-39.9709,-39.9704,-39.9704,-14.8497,-14.1707,-13.597,-13.5566,-13.5566,-13.4764,-13.4345,-13.4345,-2.1156,-1.677,-1.677,-1.4697,-1.2412,-1.0825,-1.0825,-0.4151,-0.4151,0.0493,0.3598,0.3598,0.3673,0.4949,0.4949,0.5713,0.7175,0.7175,0.9946,1.4399,1.4399,1.7624,2.1903,2.1903,5.409,5.409,5.871,6.078,6.078,6.203,6.3067,6.3067,6.4081,6.4479,6.4479,6.5729,6.9906,6.9906,7.0945,7.0945,7.1686,7.5425,7.5425,7.5483,8.6673,8.7335,8.7335,9.1108,9.1603,9.1603,9.2765,9.2765,9.9203,10.0261,10.0261,11.3169,13.3337,13.3337,13.6826,14.2891,14.2891,15.59,16.1354,16.2144,16.2144,16.3816,17.2865,17.2865,17.863,17.863,18.1527,19.0858,19.0858,19.4066,20.0649,21.2598,21.7386,22.2867,22.2867,22.3845,22.5901,22.5901,23.1024,23.1024,24.1578,24.1578,24.2288,24.671,24.671,26.066,26.4421,26.4421,26.8918,27.7883,28.3724,28.3724,28.9611,28.9611,30.0974,30.0974,30.6484,30.9635,31.5526,31.5526,32.9867,33.4367,33.5277,33.541,33.5873,33.8801,33.9517,34.1954,34.3495,34.8519
2.6965019803175534,-48.7442,-48.7401,-48.7401,-48.7305,-48.7305,-48.725,-48.7214,-48.7214,-48.7134,-48.69,-48.6719,-48.6719,-39.974,-39.974,-39.9736,-39.9709,-39.9704,-39.9704,-14.8231,-14.1994,-13.5977,-13.5583,-13.5583,-13.4787,-13.433,-13.433,-2.068,-1.6425,-1.6425,-1.4731,-1.1586,-1.0712,-1.0712,-0.439,-0.439,-0.0364,0.3418,0.3418,0.3594,0.4735,0.4735,0.5703,0.7128,0.7128,0.9133,1.4468,1.4468,1.7754,2.188,2.188,5.4338,5.4338,5.8634,6.095,6.095,6.2126,6.2908,6.2908,6.4073,6.4466,6.4466,6.5763,6.9698,6.9698,7.0824,7.0824,7.1655,7.5395,7.5419,7.5419,8.7126,8.7341,8.7341,9.1113,9.1709,9.1709,9.2639,9.2639,10.0183,10.0316,10.0316,11.1936,13.3867,13.3867,13.7266,14.4148,14.4148,15.6748,16.0998,16.0998,16.177,16.4618,17.2659,17.2659,17.923,17.923,17.9667,18.9326,18.9326,19.4355,19.9976,21.1169,21.8107,22.3337,22.3491,22.3491,22.6024,22.6024,23.1139,23.1139,24.3107,24.3107,24.3216,24.6095,24.6095,25.9955,26.1944,26.1944,26.9484,27.6432,28.3716,28.3716,28.8683,28.8683,30.2622,30.2622,30.7228,31.1075,31.7153,31.7153,32.8037,33.4545,33.5853,33.591,33.7632,33.8825,33.9045,34.1418,34.2556,34.7357
2.7288726107372154,-48.7442,-48.74,-48.74,-48.7297,-48.7297,-48.7235,-48.7222,-48.7222,-48.7134,-48.6915,-48.6719,-48.6719,-39.974,-39.974,-39.9736,-39.9709,-39.9704,-39.9704,-14.7998,-14.2246,-13.5981,-13.5598,-13.5598,-13.4808,-13.4319,-13.4319,-2.0262,-1.6134,-1.6134,-1.4819,-1.0765,-1.0616,-1.0616,-0.4597,-0.4597,-0.1189,0.3244,0.3244,0.3531,0.4585,0.4585,0.5762,0.7094,0.7094,0.8421,1.4528,1.4528,1.7858,2.1859,2.1859,5.4533,5.4533,5.8573,6.1121,6.1121,6.22,6.275,6.275,6.4066,6.4459,6.4459,6.5789,6.9514,6.9514,7.0734,7.0734,7.1628,7.5323,7.5419,7.5419,8.7344,8.7344,8.7626,9.0875,9.1804,9.1804,9.2527,9.2527,10.036,10.036,10.136,11.0658,13.4251,13.4251,13.7637,14.5412,14.5412,15.7102,15.9834,15.9834,16.2393,16.5733,17.2468,17.2468,17.77,17.9982,17.9982,18.7886,18.7886,19.4776,19.9287,21.0021,21.8821,22.2792,22.4003,22.4003,22.6105,22.6105,23.1289,23.1289,24.4098,24.4327,24.4327,24.5949,24.5949,25.9234,25.9542,25.9542,27.001,27.5192,28.3883,28.3883,28.7766,28.7766,30.3719,30.3719,30.7921,31.2325,31.9291,31.9291,32.6483,33.4616,33.6346,33.638,33.8545,33.8612,33.8857,34.1561,34.4454,34.6569
2.7612432411568775,-48.7442,-48.74,-48.74,-48.729,-48.729,-48.723,-48.723,-48.7224,-48.7134,-48.6927,-48.672,-48.672,-39.974,-39.974,-39.9736,-39.9709,-39.9704,-39.9704,-14.7813,-14.2445,-13.5984,-13.5608,-13.5608,-13.4823,-13.4311,-13.4311,-1.9929,-1.5912,-1.5912,-1.4918,-1.0542,-1.0542,-1.0037,-0.476,-0.476,-0.1915,0.3099,0.3099,0.3486,0.4489,0.4489,0.5884,0.707,0.707,0.7826,1.4576,1.4576,1.7934,2.1843,2.1843,5.4674,5.4674,5.8527,6.128,6.128,6.2254,6.2604,6.2604,6.4061,6.4457,6.4457,6.5808,6.9371,6.9371,7.0673,7.0673,7.1607,7.5271,7.5422,7.5422,8.7346,8.7346,8.8155,9.0485,9.1885,9.1885,9.2435,9.2435,10.0391,10.0391,10.2611,10.9384,13.4509,13.4509,13.7919,14.6555,14.6555,15.7182,15.8769,15.8769,16.2923,16.72,17.2322,17.2322,17.57,18.0815,18.0815,18.6579,18.658,19.5276,19.8607,20.9182,21.9519,22.2219,22.4394,22.4394,22.6133,22.6133,23.1453,23.1453,24.4374,24.4374,24.4852,24.7137,24.7137,25.7289,25.7289,25.8586,27.0505,27.4179,28.4208,28.4208,28.6899,28.6899,30.4365,30.4365,30.8506,31.3297,32.1599,32.1599,32.5274,33.4699,33.6617,33.6638,33.799,33.8027,33.939,34.1586,34.2809,34.5941
2.7936138715765395,-48.7442,-48.7399,-48.7399,-48.7285,-48.7285,-48.7235,-48.7235,-48.7216,-48.7134,-48.6934,-48.672,-48.672,-39.974,-39.974,-39.9736,-39.9709,-39.9704,-39.9704,-14.7693,-14.2575,-13.5985,-13.5615,-13.5615,-13.4833,-13.4307,-13.4307,-1.9712,-1.5772,-1.5772,-1.4996,-1.0496,-1.0496,-0.9511,-0.4864,-0.4864,-0.2438,0.3002,0.3002,0.3458,0.4435,0.4435,0.6039,0.7056,0.7056,0.7385,1.4606,1.4606,1.798,2.1833,2.1833,5.4758,5.4758,5.8499,6.1401,6.1401,6.2286,6.2492,6.2492,6.4058,6.4457,6.4457,6.5819,6.928,6.928,7.0637,7.0637,7.1593,7.5239,7.5424,7.5424,8.7347,8.7347,8.8675,9.0032,9.1945,9.1945,9.2367,9.2367,10.041,10.041,10.3754,10.8244,13.4658,13.4658,13.8094,14.7394,14.7394,15.7171,15.7978,15.7978,16.3239,16.8833,17.2232,17.2232,17.3803,18.1601,18.1601,18.5514,18.5514,19.5768,19.8007,20.8673,22.0179,22.1634,22.465,22.465,22.6124,22.6124,23.1583,23.1583,24.4118,24.4118,24.5372,24.8659,24.8659,25.5378,25.5378,25.8123,27.0931,27.3439,28.466,28.466,28.6119,28.6119,30.4693,30.4693,30.8903,31.3915,32.3524,32.3524,32.4498,33.4834,33.6456,33.6513,33.7626,33.7898,33.9801,34.1967,34.3087,34.4397
2.8259845019962015,-48.7442,-48.7399,-48.7399,-48.7283,-48.7283,-48.7238,-48.7238,-48.7214,-48.7134,-48.6937,-48.672,-48.672,-39.974,-39.974,-39.9735,-39.9709,-39.9704,-39.9704,-14.7652,-14.2619,-13.5985,-13.5616,-13.5616,-13.4836,-13.4305,-13.4305,-1.9637,-1.5724,-1.5724,-1.5025,-1.048,-1.048,-0.9315,-0.49,-0.49,-0.2634,0.2969,0.2969,0.3449,0.4418,0.4418,0.6125,0.7051,0.7051,0.7203,1.4617,1.4617,1.7995,2.1829,2.1829,5.4787,5.4787,5.849,6.1448,6.1448,6.2297,6.2448,6.2448,6.4057,6.4457,6.4457,6.5823,6.9249,6.9249,7.0626,7.0626,7.1589,7.5228,7.5425,7.5425,8.7347,8.7347,8.8988,8.9738,9.1969,9.1969,9.2341,9.2341,10.0416,10.0416,10.4315,10.7687,13.4706,13.4706,13.8154,14.7712,14.7712,15.716,15.7678,15.7678,16.3342,16.986,17.2203,17.2203,17.2699,18.1988,18.1988,18.5036,18.5036,19.6021,19.7719,20.8504,22.0613,22.1226,22.4741,22.4741,22.6114,22.6114,23.1634,23.1634,24.4012,24.4012,24.556,24.9447,24.9447,25.4474,25.4474,25.7954,27.113,27.3136,28.5037,28.5037,28.5632,28.5632,30.4792,30.4792,30.9046,31.4128,32.423,32.4317,32.4319,33.4776,33.6189,33.6199,33.7587,33.7684,34.0731,34.2341,34.2449,34.3882
2.8259845019962015,-48.7442,-48.7399,-48.7399,-48.7283,-48.7283,-48.7238,-48.7238,-48.7214,-48.7134,-48.6937,-48.672,-48.672,-39.974,-39.974,-39.9735,-39.9709,-39.9704,-39.9704,-14.7652,-14.2619,-13.5985,-13.5616,-13.5616,-13.4836,-13.4305,-13.4305,-1.9637,-1.5724,-1.5724,-1.5025,-1.048,-1.048,-0.9315,-0.49,-0.49,-0.2634,0.2969,0.2969,0.3449,0.4418,0.4418,0.6125,0.7051,0.7051,0.7203,1.4617,1.4617,1.7995,2.1829,2.1829,5.4787,5.4787,5.849,6.1448,6.1448,6.2297,6.2448,6.2448,6.4057,6.4457,6.4457,6.5823,6.9249,6.9249,7.0626,7.0626,7.1589,7.5228,7.5425,7.5425,8.7347,8.7347,8.8988,8.9738,9.1969,9.1969,9.2341,9.2341,10.0416,10.0416,10.4315,10.7687,13.4706,13.4706,13.8154,14.7712,14.7712,15.716,15.7678,15.7678,16.3342,16.986,17.2203,17.2203,17.2699,18.1988,18.1988,18.5036,18.5036,19.6021,19.7719,20.8504,22.0613,22.1226,22.4741,22.4741,22.6114,22.6114,23.1634,23.1634,24.4012,24.4012,24.556,24.9447,24.9447,25.4474,25.4474,25.7954,27.113,27.3136,28.5037,28.5037,28.5632,28.5632,30.4792,30.4792,30.9046,31.4128,32.423,32.4317,32.4318,33.4775,33.6203,33.6279,33.7643,33.8047,34.0531,34.2386,34.3084,34.6787
2.8586837714514988,-48.7442,-48.7399,-48.7399,-48.7284,-48.7283,-48.7238,-48.7237,-48.7213,-48.7135,-48.6937,-48.6721,-48.6721,-39.974,-39.974,-39.9735,-39.9709,-39.9704,-39.9704,-14.7638,-14.2623,-13.6062,-13.5621,-13.5551,-13.4842,-13.4302,-13.4302,-1.9613,-1.57,-1.5691,-1.5011,-1.0533,-1.0463,-0.9245,-0.4953,-0.4899,-0.2669,0.2894,0.296,0.3446,0.4404,0.442,0.6191,0.6974,0.7035,0.7345,1.4593,1.4624,1.798,2.1767,2.1814,5.4806,5.4827,5.8507,6.1434,6.1448,6.2311,6.244,6.245,6.4056,6.4455,6.4458,6.5816,6.9224,6.9267,7.0605,7.0624,7.1568,7.5192,7.5339,7.5411,8.738,8.7385,8.9004,8.9793,9.1969,9.1974,9.2332,9.2339,10.039,10.041,10.4376,10.7775,13.4375,13.4697,13.848,14.7678,14.78,15.7194,15.7648,15.7711,16.3423,16.9793,17.2193,17.228,17.2733,18.1927,18.1995,18.5001,18.5008,19.606,19.7723,20.8489,22.0548,22.1126,22.4584,22.4698,22.5946,22.618,23.1356,23.1638,24.3461,24.4019,24.5735,24.95,24.9564,25.4555,25.4666,25.8279,27.1475,27.348,28.2984,28.3058,28.7562,28.7646,30.4677,30.4682,30.8948,31.4257,32.2494,32.4203,32.5768,33.4637,33.5645,33.5894,33.7892,33.878,34.0365,34.2178,34.3093,34.4863
2.8913830531145255,-48.744,-48.7399,-48.7397,-48.7286,-48.7284,-48.7238,-48.7237,-48.721,-48.7136,-48.6938,-48.6722,-48.6721,-39.974,-39.974,-39.9735,-39.9709,-39.9704,-39.9703,-14.7597,-14.2633,-13.6219,-13.5632,-13.5428,-13.4858,-13.4291,-13.429,-1.9543,-1.5628,-1.5595,-1.4965,-1.0661,-1.0413,-0.9063,-0.5108,-0.4899,-0.2776,0.2689,0.2935,0.3434,0.4367,0.4424,0.637,0.6869,0.6988,0.7635,1.4521,1.4646,1.7933,2.1584,2.1772,5.4864,5.4947,5.8559,6.1394,6.1446,6.2348,6.2416,6.2457,6.4054,6.4451,6.4463,6.5794,6.9152,6.9321,7.054,7.0619,7.1509,7.5077,7.5093,7.5377,8.7477,8.7498,8.9052,8.9944,9.197,9.1995,9.2306,9.2331,10.0313,10.0393,10.4557,10.8035,13.3602,13.4671,13.9232,14.7592,14.8065,15.7277,15.7574,15.781,16.3667,16.9605,17.2167,17.2502,17.2829,18.1751,18.2016,18.4893,18.4933,19.6179,19.7733,20.8442,22.0371,22.0831,22.4117,22.4606,22.5472,22.6347,23.0577,23.1659,24.1986,24.4037,24.6192,24.9688,24.9912,25.4775,25.5229,25.9121,27.2479,27.4421,28.068,28.0875,28.9572,28.9925,30.4317,30.4353,30.8687,31.4644,32.0542,32.3886,32.6904,33.3841,33.4478,33.558,33.8497,33.896,34.0729,34.2089,34.3089,34.8726
2.9240823225698223,-48.7437,-48.7398,-48.7395,-48.7289,-48.7285,-48.724,-48.7236,-48.7205,-48.7137,-48.6939,-48.6724,-48.6722,-39.9741,-39.974,-39.9734,-39.971,-39.9704,-39.9703,-14.7529,-14.2653,-13.6401,-13.5651,-13.5308,-13.4875,-13.4276,-13.4274,-1.9428,-1.551,-1.5446,-1.4881,-1.082,-1.0329,-0.8816,-0.5357,-0.4897,-0.2953,0.2395,0.2898,0.3413,0.4315,0.4427,0.662,0.6765,0.6912,0.8025,1.44,1.4686,1.7856,2.1284,2.1708,5.4955,5.5143,5.8646,6.1331,6.1442,6.2377,6.2406,6.2465,6.4051,6.4444,6.447,6.5759,6.9031,6.941,7.0425,7.061,7.142,7.4714,7.4884,7.5333,8.7633,8.7676,8.9129,9.0154,9.1972,9.2046,9.227,9.2319,10.0185,10.0365,10.4856,10.846,13.2635,13.4629,14.014,14.7492,14.8501,15.7277,15.7569,15.7975,16.407,16.9325,17.2118,17.2828,17.2979,18.1478,18.2052,18.4696,18.4824,19.6373,19.7736,20.8363,22.0068,22.0388,22.3344,22.4516,22.4763,22.6557,22.9428,23.1705,23.9926,24.4058,24.6744,25.0086,25.0468,25.509,25.6131,26.0228,27.4053,27.5324,27.878,27.9015,29.1358,29.2148,30.3691,30.3805,30.8323,31.5274,31.8514,32.3406,32.7678,33.2479,33.2979,33.5271,33.9037,33.9094,33.9843,34.2236,34.4133,34.5718
2.95678160423285,-48.7433,-48.7397,-48.7391,-48.7294,-48.7287,-48.7242,-48.7234,-48.7199,-48.7139,-48.6941,-48.6727,-48.6722,-39.9741,-39.974,-39.9734,-39.9711,-39.9704,-39.9703,-14.7435,-14.2683,-13.6589,-13.5675,-13.5217,-13.4876,-13.4262,-13.4252,-1.9269,-1.5347,-1.5272,-1.4737,-1.0981,-1.0212,-0.8532,-0.5685,-0.4896,-0.3196,0.2052,0.2851,0.3377,0.425,0.4425,0.6619,0.6812,0.6949,0.8493,1.4231,1.4748,1.7751,2.0878,2.163,5.5071,5.5408,5.8767,6.1246,6.1433,6.2329,6.2474,6.2475,6.405,6.4437,6.4479,6.5711,6.8863,6.9531,7.0254,7.0598,7.1309,7.4247,7.4627,7.528,8.784,8.7906,8.9233,9.0371,9.1975,9.2117,9.2265,9.2303,10.0008,10.0328,10.5268,10.904,13.1572,13.4574,14.1066,14.7442,14.91,15.709,15.7723,15.8201,16.4625,16.8972,17.2039,17.3102,17.3293,18.113,18.2104,18.4394,18.4702,19.6616,19.7745,20.8248,21.9464,22.0041,22.2279,22.3901,22.4461,22.6771,22.8078,23.1789,23.7546,24.4074,24.7173,25.0789,25.1197,25.5475,25.7326,26.1446,27.4187,27.6139,27.681,27.9886,29.2897,29.4189,30.285,30.3053,30.7929,31.6111,31.6482,32.281,32.8137,33.0844,33.1379,33.5185,33.908,33.9628,33.9983,34.2469,34.5002,34.7085
2.9894808736881466,-48.7429,-48.7396,-48.7387,-48.7298,-48.7289,-48.7244,-48.7232,-48.7191,-48.7142,-48.6944,-48.673,-48.6724,-39.9742,-39.974,-39.9733,-39.9711,-39.9703,-39.9702,-14.7315,-14.2727,-13.6777,-13.5705,-13.5181,-13.4839,-13.425,-13.4225,-1.9068,-1.5143,-1.5113,-1.4502,-1.1129,-1.0063,-0.8226,-0.6076,-0.4896,-0.3503,0.1689,0.2799,0.3324,0.4165,0.4416,0.6495,0.6695,0.7278,0.9018,1.4013,1.4835,1.762,2.0377,2.1546,5.5205,5.5735,5.8923,6.114,6.1419,6.2274,6.248,6.2553,6.4051,6.4431,6.4488,6.5652,6.8649,6.9681,7.0023,7.0581,7.118,7.3744,7.4324,7.5219,8.8088,8.8174,8.9361,9.054,9.1978,9.2107,9.2284,9.2423,9.9784,10.0282,10.5787,10.9758,13.0443,13.4506,14.1909,14.753,14.9853,15.6815,15.7922,15.8486,16.5314,16.8561,17.192,17.3247,17.3798,18.0734,18.2182,18.3977,18.459,19.6788,19.786,20.8097,21.8584,21.9844,22.0952,22.2933,22.4453,22.6694,22.697,23.1919,23.5017,24.4072,24.7373,25.1788,25.2056,25.5905,25.8756,26.2723,27.1959,27.5009,27.8503,28.2392,29.4189,29.5741,30.2049,30.2134,30.756,31.4493,31.7084,32.2111,32.8203,32.9142,32.9971,33.5075,33.8857,33.9569,34.0055,34.2966,34.4321,34.7865
3.0221801553511733,-48.7424,-48.7394,-48.7382,-48.7303,-48.7291,-48.7247,-48.7231,-48.7183,-48.7146,-48.6948,-48.6734,-48.6725,-39.9742,-39.9741,-39.9732,-39.9712,-39.9703,-39.9702,-14.7171,-14.2787,-13.6956,-13.5737,-13.5195,-13.4765,-13.4245,-13.4196,-1.8829,-1.4991,-1.4903,-1.4165,-1.1251,-0.9884,-0.7909,-0.6515,-0.4897,-0.3866,0.1324,0.2745,0.325,0.4048,0.4398,0.6384,0.6564,0.761,0.9579,1.375,1.4954,1.7468,1.9794,2.1464,5.5348,5.6114,5.9111,6.1013,6.1396,6.2219,6.2479,6.2634,6.4055,6.443,6.4494,6.5585,6.8393,6.9729,6.9856,7.0562,7.103,7.3259,7.3993,7.5151,8.8361,8.8466,8.951,9.0641,9.1981,9.2053,9.2263,9.2711,9.952,10.0229,10.6405,11.0596,12.926,13.4428,14.2568,14.7865,15.075,15.6483,15.8135,15.8825,16.6113,16.81,17.1746,17.3319,17.4387,18.0311,18.2306,18.3447,18.4503,19.671,19.8247,20.7904,21.7544,21.9421,21.9758,22.1859,22.449,22.5424,22.7145,23.2099,23.2454,24.4034,24.7362,25.2968,25.3003,25.6344,26.0348,26.4041,26.9641,27.3439,28.1077,28.5449,29.5247,29.6149,30.1113,30.1858,30.7303,31.2583,31.8072,32.1299,32.735,32.76,32.9505,33.501,33.8253,33.9404,34.0105,34.3264,34.4348,35.2046
3.0548794248064706,-48.742,-48.7391,-48.7376,-48.7307,-48.7293,-48.725,-48.7229,-48.7174,-48.715,-48.6954,-48.6738,-48.6726,-39.9742,-39.9741,-39.9731,-39.9713,-39.9703,-39.9702,-14.7004,-14.2868,-13.7122,-13.5772,-13.5235,-13.4677,-13.4246,-13.4164,-1.8554,-1.4903,-1.4631,-1.375,-1.1335,-0.9674,-0.7594,-0.6985,-0.49,-0.4277,0.0967,0.2691,0.315,0.3888,0.437,0.6301,0.6427,0.793,1.0164,1.3445,1.5109,1.7301,1.9145,2.139,5.5491,5.6536,5.9329,6.0862,6.1361,6.2166,6.2468,6.2714,6.4063,6.4435,6.4496,6.5515,6.8101,6.937,7.005,7.0539,7.0855,7.2842,7.3653,7.5077,8.8642,8.8765,8.9681,9.0685,9.1984,9.1998,9.2241,9.3062,9.9222,10.0172,10.7116,11.1532,12.8026,13.434,14.2976,14.8516,15.1778,15.6102,15.8353,15.9209,16.6987,16.7602,17.1502,17.3283,17.5057,17.9882,18.25,18.2818,18.4438,19.6399,19.8891,20.7663,21.6397,21.7766,21.9795,22.0663,22.4345,22.4569,22.729,22.9962,23.2327,24.3939,24.7184,25.3999,25.4207,25.6724,26.1992,26.5287,26.7627,27.2201,28.3723,28.8782,29.5183,29.6078,30.0104,30.2262,30.738,31.0817,31.8783,32.0474,32.6012,32.6417,32.9679,33.4794,33.7641,33.9348,34.0535,34.2947,34.5251,34.8585
3.0875786942617673,-48.7416,-48.7387,-48.7369,-48.7311,-48.7296,-48.7253,-48.7227,-48.7164,-48.7155,-48.696,-48.6741,-48.6728,-39.9743,-39.9741,-39.973,-39.9714,-39.9703,-39.9701,-14.6816,-14.2972,-13.7267,-13.5808,-13.5284,-13.4589,-13.4256,-13.4132,-1.8248,-1.4847,-1.4336,-1.3289,-1.1363,-0.9436,-0.7504,-0.7253,-0.4906,-0.4727,0.0627,0.2638,0.3022,0.368,0.4335,0.626,0.6286,0.8225,1.0762,1.3106,1.5304,1.7124,1.8445,2.1327,5.5629,5.699,5.9569,6.0686,6.1311,6.2121,6.2446,6.2789,6.4072,6.4451,6.4491,6.5446,6.7781,6.8946,7.0252,7.052,7.0663,7.2524,7.332,7.5,8.8905,8.9062,8.9877,9.07,9.1955,9.1986,9.2221,9.343,9.8903,10.0113,10.7907,11.2542,12.6748,13.4241,14.3154,14.9458,15.2924,15.5678,15.8575,15.9629,16.7056,16.7924,17.1167,17.3116,17.5808,17.9466,18.2117,18.2782,18.4374,19.5943,19.9716,20.7369,21.519,21.6077,21.9361,21.9961,22.3385,22.4688,22.7403,22.7694,23.2598,24.3761,24.6857,25.5016,25.5389,25.6936,26.3502,26.5215,26.7384,27.1474,28.6284,29.2182,29.3485,29.6697,29.9339,30.2291,30.7741,30.9622,31.8341,32.0341,32.474,32.5763,33.002,33.4423,33.6845,33.9128,34.0309,34.302,34.5111,35.072
3.120277975924794,-48.7413,-48.7383,-48.7362,-48.7315,-48.7299,-48.7256,-48.7225,-48.716,-48.7153,-48.6968,-48.6744,-48.6729,-39.9743,-39.9741,-39.9729,-39.9715,-39.9703,-39.9701,-14.6609,-14.3103,-13.7387,-13.5843,-13.5339,-13.4505,-13.4276,-13.4101,-1.7917,-1.4827,-1.4027,-1.2823,-1.1308,-0.9172,-0.7978,-0.6978,-0.5205,-0.4916,0.0308,0.2587,0.2867,0.3432,0.4299,0.6143,0.626,0.8487,1.136,1.2744,1.5541,1.6943,1.771,2.1278,5.5755,5.7464,5.9818,6.049,6.1245,6.2087,6.2412,6.2857,6.408,6.4476,6.448,6.5383,6.7442,6.8472,7.0399,7.0471,7.0559,7.2301,7.3011,7.4921,8.9126,8.9343,9.009,9.0711,9.1936,9.1988,9.2203,9.3776,9.8578,10.0053,10.8766,11.3597,12.5437,13.4129,14.3175,15.0593,15.4174,15.5223,15.8799,16.007,16.6515,16.8851,17.0726,17.2815,17.6644,17.9071,18.1386,18.3154,18.4274,19.5406,20.0689,20.7021,21.3962,21.4442,21.8004,22.0248,22.2254,22.4841,22.5949,22.7485,23.2907,24.3472,24.6382,25.6013,25.6034,25.7204,26.4285,26.459,26.8711,27.1532,28.85,29.1508,29.4973,29.756,29.9196,30.1635,30.6818,31.0494,31.7037,32.0567,32.3639,32.5666,33.0465,33.3788,33.63,33.867,34.0752,34.2909,34.5891,34.9739
3.152977245380091,-48.7411,-48.7379,-48.7354,-48.7317,-48.7301,-48.7258,-48.7224,-48.7165,-48.7142,-48.6978,-48.6747,-48.6731,-39.9743,-39.9741,-39.9728,-39.9716,-39.9702,-39.9701,-14.6386,-14.326,-13.7478,-13.5878,-13.5393,-13.4428,-13.4304,-13.4071,-1.7567,-1.4854,-1.3714,-1.241,-1.1141,-0.8884,-0.8433,-0.6725,-0.5696,-0.493,0.0018,0.2535,0.2691,0.3162,0.4266,0.5998,0.6298,0.8716,1.1949,1.237,1.5814,1.6763,1.6961,2.1242,5.5868,5.7948,6.0023,6.0318,6.1162,6.2066,6.2366,6.2913,6.4084,6.4448,6.4523,6.5331,6.7096,6.7981,7.0299,7.0396,7.0742,7.2154,7.2743,7.4842,8.9292,8.96,9.0289,9.0744,9.1963,9.1992,9.2189,9.4069,9.827,9.9994,10.9679,11.466,12.4117,13.4,14.311,15.1782,15.4778,15.5513,15.9017,16.0509,16.5987,16.9748,17.0174,17.2402,17.7565,17.8694,18.0681,18.3574,18.4117,19.4846,20.1789,20.6634,21.275,21.2933,21.6647,22.0639,22.0667,22.5001,22.5025,22.7538,23.3249,24.305,24.5751,25.5271,25.7038,25.822,26.4044,26.5098,27.0164,27.2506,28.9455,28.9904,29.6017,29.913,30.0538,30.0694,30.5365,31.2329,31.5638,32.058,32.2722,32.5967,33.0997,33.295,33.5963,33.8142,34.1176,34.3134,34.5832,34.9166
3.1856765270431184,-48.741,-48.7376,-48.7346,-48.7319,-48.7303,-48.726,-48.7223,-48.717,-48.713,-48.6989,-48.6749,-48.6732,-39.9743,-39.9742,-39.9728,-39.9717,-39.9702,-39.9701,-14.6154,-14.344,-13.7537,-13.591,-13.5445,-13.4363,-13.4338,-13.4043,-1.7207,-1.4932,-1.3412,-1.2089,-1.0898,-0.8792,-0.8575,-0.6529,-0.6175,-0.4947,-0.0234,0.2452,0.253,0.2893,0.424,0.5853,0.6367,0.8913,1.1996,1.2519,1.6017,1.6315,1.6586,2.1217,5.5964,5.8428,5.9923,6.0417,6.1064,6.2061,6.2308,6.2955,6.4083,6.4405,6.4581,6.5294,6.6753,6.751,7.0152,7.0353,7.0946,7.206,7.2536,7.4767,8.9406,8.9825,9.0418,9.0816,9.1998,9.2067,9.2178,9.428,9.8009,9.9938,11.0624,11.5668,12.2844,13.3851,14.2999,15.272,15.4562,15.6924,15.9226,16.0911,16.5517,16.9528,17.0571,17.1913,17.8303,17.8565,18.0078,18.3622,18.425,19.4314,20.2987,20.6251,21.1582,21.1591,21.5333,21.8828,22.1107,22.4656,22.5227,22.7572,23.3615,24.2483,24.4948,25.3934,25.8017,25.9436,26.4426,26.5246,27.156,27.4111,28.7466,29.015,29.6894,29.921,30.0003,30.3769,30.3942,31.4359,31.4499,32.0413,32.1969,32.6413,33.1587,33.2037,33.5756,33.7418,34.1926,34.3039,34.7342,35.0374
3.218375796498415,-48.7408,-48.7375,-48.7339,-48.732,-48.7304,-48.726,-48.7222,-48.7175,-48.7119,-48.7,-48.675,-48.6733,-39.9743,-39.9742,-39.9727,-39.9717,-39.9702,-39.9701,-14.5922,-14.3636,-13.7563,-13.594,-13.5495,-13.4393,-13.4293,-13.4017,-1.6848,-1.5062,-1.3134,-1.1837,-1.0765,-0.8937,-0.8253,-0.6588,-0.6415,-0.4965,-0.0434,0.2271,0.2465,0.2646,0.4225,0.571,0.6458,0.9084,1.1635,1.3056,1.5395,1.6416,1.6538,2.1202,5.6041,5.8887,5.966,6.0636,6.0958,6.2073,6.2241,6.2978,6.4076,6.4349,6.4649,6.5271,6.6431,6.7093,7.0035,7.0297,7.1128,7.2004,7.2412,7.4696,8.9481,9.0011,9.0465,9.0895,9.2012,9.2172,9.2267,9.4382,9.7828,9.9887,11.157,11.6487,12.1758,13.3677,14.2862,15.2759,15.5112,15.8387,15.9435,16.1218,16.5158,16.8838,17.1182,17.1492,17.785,17.9619,17.9658,18.3149,18.4778,19.3843,20.4218,20.5956,21.0389,21.0516,21.4094,21.708,22.1621,22.461,22.5423,22.761,23.3997,24.1776,24.3959,25.2456,25.8965,26.0713,26.5168,26.5329,27.2797,27.5897,28.5715,28.9651,29.7779,29.7805,30.1161,30.2638,30.6256,31.4185,31.6408,32.0151,32.1355,32.6819,33.1168,33.2213,33.5631,33.6384,34.2242,34.3533,34.5504,35.101
3.251075078161442,-48.7408,-48.7375,-48.7333,-48.7322,-48.7304,-48.7259,-48.7223,-48.718,-48.7108,-48.7012,-48.6751,-48.6734,-39.9743,-39.9742,-39.9726,-39.9718,-39.9702,-39.9701,-14.5707,-14.3829,-13.7557,-13.5966,-13.5541,-13.4449,-13.4238,-13.3994,-1.6517,-1.5228,-1.2898,-1.1622,-1.0897,-0.888,-0.7927,-0.6801,-0.6408,-0.4977,-0.0567,0.2078,0.2423,0.2442,0.4223,0.5573,0.6566,0.9235,1.1295,1.3546,1.467,1.6253,1.6921,2.1195,5.6096,5.9294,5.9366,6.0832,6.0864,6.2105,6.2168,6.2979,6.4064,6.4284,6.4724,6.5259,6.6153,6.6747,6.9945,7.0233,7.1265,7.1977,7.239,7.463,8.9529,9.0154,9.046,9.0939,9.2033,9.2171,9.2542,9.4374,9.7751,9.9842,11.2454,11.6844,12.1171,13.3474,14.2704,15.219,15.5972,15.9719,15.9876,16.1341,16.4968,16.8204,17.0776,17.1958,17.7319,17.9456,18.0634,18.2522,18.538,19.345,20.5277,20.5878,20.939,20.9556,21.2945,21.568,22.2145,22.4705,22.5571,22.7691,23.4382,24.0955,24.2783,25.1048,25.9872,26.2039,26.5485,26.6103,27.3764,27.7359,28.4559,28.8976,29.6327,29.8429,30.1509,30.2531,30.7151,31.5401,31.8368,31.9893,32.0882,32.7101,33.0441,33.2766,33.5021,33.5577,34.2478,34.3723,34.4905,35.0183
3.283774347616739,-48.7407,-48.7375,-48.733,-48.7323,-48.7301,-48.7255,-48.7225,-48.7183,-48.7101,-48.7021,-48.675,-48.6735,-39.9744,-39.9742,-39.9726,-39.9719,-39.9702,-39.9701,-14.5546,-14.3983,-13.752,-13.5988,-13.5583,-13.4512,-13.419,-13.3975,-1.6282,-1.5365,-1.272,-1.1532,-1.1093,-0.8947,-0.7615,-0.6623,-0.6503,-0.4968,-0.0621,0.19,0.23,0.2392,0.4235,0.5451,0.6686,0.9376,1.0982,1.3818,1.4134,1.61,1.7334,2.1194,5.6123,5.9061,5.9587,6.0835,6.0982,6.2092,6.2158,6.2956,6.4047,6.4212,6.48,6.5254,6.5945,6.648,6.9881,7.0165,7.1357,7.1972,7.2471,7.4572,8.9559,9.0251,9.0417,9.095,9.2057,9.218,9.2819,9.4304,9.7776,9.9803,11.3091,11.6627,12.1355,13.3236,14.2521,15.1428,15.6502,16.0227,16.1094,16.1434,16.4974,16.7765,17.0255,17.2442,17.6745,17.9447,18.1048,18.2282,18.605,19.3161,20.5758,20.5928,20.8739,20.8967,21.1891,21.4858,22.2649,22.4858,22.5611,22.7865,23.4745,24.007,24.1444,24.9797,26.0719,26.3398,26.5731,26.7146,27.4359,27.7844,28.4591,28.8448,29.491,29.8809,30.0628,30.377,30.6775,31.7182,31.9763,32.0149,32.0928,32.7259,32.9923,33.2554,33.4036,33.5625,34.2778,34.3528,34.4326,34.5527
3.283774347616739,-48.7407,-48.7375,-48.733,-48.7323,-48.7301,-48.7255,-48.7225,-48.7183,-48.7101,-48.7021,-48.675,-48.6735,-39.9744,-39.9742,-39.9726,-39.9719,-39.9702,-39.9701,-14.5546,-14.3983,-13.752,-13.5988,-13.5583,-13.4512,-13.419,-13.3975,-1.6282,-1.5365,-1.272,-1.1532,-1.1093,-0.8947,-0.7615,-0.6623,-0.6503,-0.4968,-0.0621,0.19,0.23,0.2392,0.4235,0.5451,0.6686,0.9376,1.0982,1.3818,1.4134,1.61,1.7334,2.1194,5.6123,5.9061,5.9587,6.0835,6.0982,6.2092,6.2158,6.2956,6.4047,6.4212,6.48,6.5254,6.5945,6.648,6.9881,7.0165,7.1357,7.1972,7.2471,7.4572,8.9559,9.0251,9.0417,9.095,9.2057,9.218,9.2819,9.4304,9.7776,9.9803,11.3091,11.6627,12.1355,13.3236,14.2521,15.1428,15.6502,16.0227,16.1094,16.1434,16.4974,16.7765,17.0255,17.2442,17.6745,17.9447,18.1048,18.2282,18.605,19.3161,20.5758,20.5928,20.8739,20.8967,21.1891,21.4858,22.2649,22.4858,22.5611,22.7865,23.4745,24.007,24.1444,24.9797,26.0719,26.3398,26.5731,26.7146,27.4359,27.7844,28.4591,28.8448,29.491,29.8809,30.0628,30.377,30.6775,31.7182,31.9763,32.0149,32.0928,32.726,32.9922,33.2545,33.4036,33.5586,34.2564,34.3547,34.4418,34.4869
3.3168124839419004,-48.7407,-48.7376,-48.7331,-48.7324,-48.7299,-48.7255,-48.7225,-48.7183,-48.71,-48.7021,-48.675,-48.6736,-39.9743,-39.9742,-39.9726,-39.9719,-39.9702,-39.9701,-14.5533,-14.3992,-13.7514,-13.6081,-13.5491,-13.451,-13.4192,-13.3982,-1.6267,-1.5355,-1.268,-1.1529,-1.1103,-0.8964,-0.76,-0.6629,-0.6505,-0.5006,-0.0609,0.185,0.2326,0.24,0.4217,0.5375,0.6769,0.9418,1.0924,1.3771,1.4225,1.6129,1.7334,2.112,5.618,5.906,5.9571,6.08,6.1002,6.2095,6.2171,6.2953,6.4046,6.4213,6.4798,6.5244,6.5953,6.6473,6.9882,7.0169,7.1366,7.1946,7.2496,7.4532,8.9569,9.0241,9.0435,9.0956,9.2054,9.216,9.2848,9.4304,9.7787,9.9761,11.3143,11.6641,12.1421,13.2902,14.2871,15.1448,15.6451,15.9759,16.1536,16.1547,16.5003,16.7748,17.0197,17.2478,17.649,17.8879,18.1705,18.2336,18.6156,19.309,20.5765,20.5902,20.8711,20.8909,21.1972,21.464,22.2446,22.5198,22.5449,22.8059,23.4685,23.9782,24.1832,24.9802,26.0391,26.3801,26.5428,26.732,27.439,27.7766,28.4601,28.8486,29.4668,29.9008,30.0317,30.411,30.693,31.7262,31.9364,32.0474,32.074,32.7068,33.0154,33.2552,33.4063,33.56,34.1774,34.3541,34.4323,34.6095
3.3498506202670617,-48.7404,-48.7376,-48.7333,-48.7327,-48.7296,-48.7255,-48.7224,-48.7185,-48.7098,-48.7023,-48.675,-48.6736,-39.9743,-39.9742,-39.9725,-39.9719,-39.9702,-39.9701,-14.5492,-14.4023,-13.7497,-13.626,-13.5319,-13.4504,-13.4201,-13.4002,-1.6223,-1.5327,-1.2568,-1.1522,-1.1128,-0.9016,-0.7556,-0.6648,-0.6512,-0.5116,-0.0573,0.1711,0.2395,0.2424,0.4167,0.5192,0.6974,0.9526,1.0783,1.3637,1.4476,1.6211,1.7333,2.0902,5.6348,5.9056,5.9526,6.0695,6.1059,6.2109,6.2201,6.2943,6.4043,6.4214,6.4793,6.5213,6.5976,6.6453,6.9888,7.0177,7.1391,7.1879,7.2556,7.4417,8.9596,9.0216,9.048,9.0971,9.2047,9.2112,9.2924,9.4303,9.7819,9.964,11.3297,11.6679,12.1616,13.2025,14.3797,15.1505,15.6306,15.9003,16.1834,16.2258,16.509,16.7698,17.0017,17.2594,17.5728,17.8053,18.2498,18.2804,18.6449,19.2888,20.5777,20.5827,20.8028,20.9399,21.2212,21.4016,22.1963,22.4969,22.6062,22.8589,23.4513,23.92,24.2699,24.9817,25.9681,26.4578,26.4735,26.7817,27.4435,27.754,28.4626,28.861,29.3992,29.9502,29.9594,30.5048,30.7303,31.7492,31.8756,32.024,32.0858,32.6509,33.0765,33.2586,33.4146,33.5676,34.0877,34.3379,34.3844,34.5999
3.382888756592223,-48.7401,-48.7376,-48.7336,-48.733,-48.7293,-48.7256,-48.7223,-48.7187,-48.7095,-48.7025,-48.675,-48.6738,-39.9743,-39.9742,-39.9725,-39.9719,-39.9702,-39.9701,-14.5425,-14.4074,-13.747,-13.6453,-13.5135,-13.4494,-13.4217,-13.4035,-1.6149,-1.5285,-1.2401,-1.1515,-1.1143,-0.9102,-0.7485,-0.6679,-0.6526,-0.5287,-0.0513,0.1502,0.2461,0.249,0.4096,0.4966,0.724,0.9644,1.0645,1.3429,1.4838,1.6333,1.7333,2.055,5.6619,5.9049,5.9458,6.0526,6.1148,6.2129,6.2242,6.2925,6.4045,6.4216,6.4785,6.5163,6.601,6.6419,6.9898,7.0185,7.1431,7.1797,7.2635,7.4236,8.964,9.0181,9.0545,9.0992,9.2035,9.2055,9.303,9.4296,9.787,9.9454,11.3547,11.6731,12.1932,13.0832,14.5079,15.1591,15.609,15.8188,16.2309,16.2994,16.5237,16.7618,16.9706,17.2798,17.4567,17.7334,18.2766,18.391,18.6874,19.2577,20.5709,20.5741,20.7164,21.0157,21.2597,21.3077,22.1359,22.4198,22.7209,22.9361,23.4249,23.8491,24.3844,24.9859,25.8854,26.331,26.5916,26.8585,27.4401,27.7196,28.4656,28.885,29.299,29.8388,30.0536,30.635,30.783,31.7838,31.8075,31.9559,32.1152,32.5623,33.157,33.2643,33.4245,33.5855,33.9807,34.2479,34.4357,34.9158
3.4159268929173847,-48.7396,-48.7376,-48.734,-48.7334,-48.7288,-48.7257,-48.7221,-48.719,-48.709,-48.7029,-48.6749,-48.6739,-39.9743,-39.9742,-39.9725,-39.972,-39.9702,-39.9701,-14.5333,-14.4149,-13.7432,-13.6641,-13.4958,-13.448,-13.4238,-13.4081,-1.6049,-1.5241,-1.222,-1.1513,-1.1106,-0.9223,-0.7389,-0.6719,-0.6553,-0.5504,-0.0426,0.1244,0.2509,0.2593,0.4019,0.4732,0.7531,0.9648,1.0649,1.3167,1.5269,1.6482,1.7339,2.0081,5.6978,5.904,5.9373,6.0298,6.126,6.213,6.2307,6.2898,6.4056,6.4217,6.4778,6.5097,6.605,6.6376,6.9913,7.0189,7.1482,7.1718,7.2721,7.4005,8.9696,9.0139,9.0624,9.1013,9.2003,9.202,9.3156,9.4276,9.7941,9.922,11.3887,11.6777,12.2359,12.9499,14.6549,15.1692,15.5824,15.7336,16.2938,16.3728,16.545,16.7509,16.9274,17.3084,17.3176,17.6691,18.3138,18.4899,18.7374,19.2175,20.5426,20.5553,20.6573,21.111,21.1938,21.3091,22.0722,22.3189,22.8435,23.0305,23.3909,23.7693,24.5185,24.9947,25.8011,26.1769,26.7184,26.9586,27.4203,27.677,28.47,28.9236,29.1781,29.7118,30.1775,30.7265,30.9031,31.7345,31.8253,31.8812,32.1318,32.4469,33.2356,33.2717,33.4409,33.6201,33.8947,34.1491,34.5454,34.9569
3.4489650292425464,-48.739,-48.7376,-48.7344,-48.7337,-48.7283,-48.7259,-48.7218,-48.7194,-48.7084,-48.7034,-48.6748,-48.6741,-39.9743,-39.9743,-39.9724,-39.972,-39.9702,-39.9701,-14.5214,-14.4248,-13.7383,-13.6813,-13.4791,-13.4462,-13.4265,-13.4139,-1.5924,-1.521,-1.2074,-1.1526,-1.0959,-0.9379,-0.7275,-0.6756,-0.66,-0.5747,-0.0312,0.0962,0.2564,0.2682,0.396,0.4509,0.783,0.9484,1.0852,1.2865,1.5736,1.6641,1.7358,1.9514,5.741,5.9029,5.9278,6.0021,6.1388,6.2097,6.2396,6.2861,6.4081,6.4216,6.4775,6.502,6.6091,6.6326,6.9935,7.018,7.1539,7.1654,7.2812,7.3748,8.9761,9.0092,9.071,9.1025,9.1963,9.2003,9.3298,9.4235,9.8027,9.8966,11.4309,11.6783,12.2882,12.8142,14.8105,15.1791,15.5526,15.6454,16.3703,16.4447,16.5736,16.7363,16.8758,17.1669,17.3437,17.6096,18.361,18.5655,18.7921,19.1698,20.4791,20.5365,20.6514,21.0683,21.2209,21.3636,22.0121,22.2024,22.9591,23.1357,23.3509,23.6837,24.664,25.0099,25.7212,26.0092,26.8414,27.0783,27.3801,27.6275,28.4808,28.9781,29.0473,29.5787,30.322,30.7466,31.1078,31.661,31.8045,31.8712,32.1316,32.3115,33.2819,33.2963,33.4656,33.6656,33.8071,34.0386,34.591,34.8102
3.4820031655677077,-48.7384,-48.7376,-48.7347,-48.7341,-48.7278,-48.7262,-48.7215,-48.7198,-48.7076,-48.704,-48.6747,-48.6742,-39.9743,-39.9743,-39.9723,-39.9721,-39.9701,-39.9701,-14.5071,-14.4375,-13.7325,-13.6964,-13.4639,-13.4441,-13.4298,-13.4207,-1.5777,-1.5217,-1.1977,-1.1563,-1.069,-0.9569,-0.7158,-0.6759,-0.6676,-0.6,-0.0171,0.0676,0.262,0.2735,0.3941,0.4312,0.8127,0.9233,1.1166,1.2537,1.6213,1.6787,1.7411,1.888,5.7897,5.9013,5.9175,5.9701,6.1526,6.203,6.2495,6.2812,6.4119,6.4211,6.4779,6.4938,6.613,6.6274,6.9966,7.0155,7.1592,7.1616,7.2907,7.3492,8.9827,9.0042,9.0799,9.1022,9.194,9.1984,9.3458,9.4156,9.8127,9.8718,11.4802,11.67,12.3485,12.6856,14.9664,15.1865,15.5207,15.5565,16.4586,16.5125,16.611,16.7153,16.8228,17.0113,17.383,17.555,18.4175,18.6045,18.8516,19.1145,20.432,20.5147,20.669,20.9465,21.3306,21.4147,21.9622,22.0822,23.0605,23.2423,23.306,23.5958,24.8095,25.03,25.653,25.8426,26.9542,27.2071,27.3204,27.5697,28.5079,28.915,29.0476,29.4473,30.4717,30.7376,31.3428,31.596,31.7348,31.9124,32.1097,32.1627,33.2935,33.3284,33.5044,33.7199,33.7339,33.9454,34.6057,34.8491
3.5150413018928695,-48.7379,-48.7376,-48.7349,-48.7344,-48.7274,-48.7266,-48.7211,-48.7202,-48.7067,-48.7048,-48.6746,-48.6744,-39.9743,-39.9743,-39.9723,-39.9721,-39.9701,-39.9701,-14.4904,-14.453,-13.7258,-13.7089,-13.4505,-13.4419,-13.4334,-13.4283,-1.561,-1.5283,-1.1885,-1.1637,-1.0357,-0.9792,-0.7058,-0.6788,-0.6675,-0.6246,-0.0004,0.041,0.2673,0.2743,0.3971,0.4152,0.8415,0.8958,1.1516,1.2199,1.6664,1.6889,1.7528,1.8223,5.8419,5.8992,5.907,5.9345,6.1668,6.1932,6.2593,6.275,6.4159,6.4202,6.4792,6.4865,6.6164,6.6226,7.0007,7.0113,7.1605,7.1626,7.3008,7.3269,8.9891,8.9992,9.0881,9.0999,9.1934,9.1966,9.3638,9.4028,9.8237,9.8507,11.5357,11.6455,12.4149,12.5731,15.1079,15.1889,15.4768,15.4873,16.5555,16.5735,16.6559,16.6813,16.7808,16.8587,17.4239,17.5061,18.4815,18.5984,18.9163,19.0516,20.4233,20.4886,20.7015,20.8372,21.4239,21.452,21.9314,21.9781,23.145,23.2578,23.3406,23.509,24.9379,25.0439,25.6101,25.6993,27.0579,27.2444,27.3274,27.5017,28.565,28.7863,29.1295,29.3254,30.602,30.7127,31.558,31.5599,31.6988,31.9466,32.0065,32.0622,33.3073,33.3352,33.5497,33.6642,33.7749,33.875,34.6832,34.7835
3.5480794382180307,-48.7377,-48.7377,-48.7348,-48.7348,-48.727,-48.727,-48.7207,-48.7207,-48.7058,-48.7058,-48.6745,-48.6745,-39.9743,-39.9743,-39.9722,-39.9722,-39.9701,-39.9701,-14.4715,-14.4715,-13.7183,-13.7183,-13.4412,-13.4412,-13.4352,-13.4352,-1.5429,-1.5429,-1.1759,-1.1759,-1.0047,-1.0047,-0.6936,-0.6936,-0.6485,-0.6485,0.0185,0.0185,0.2716,0.2716,0.4041,0.4041,0.8688,0.8688,1.1861,1.1861,1.6931,1.6931,1.772,1.772,5.8951,5.8951,5.897,5.897,6.1808,6.1808,6.2678,6.2678,6.4188,6.4188,6.4816,6.4816,6.6192,6.6192,7.0059,7.0059,7.1622,7.1622,7.3115,7.3115,8.9944,8.9944,9.0951,9.0951,9.1946,9.1946,9.3842,9.3842,9.8354,9.8354,11.5966,11.5966,12.4858,12.4858,15.1835,15.1835,15.453,15.453,16.6253,16.6253,16.6593,16.6593,16.7633,16.7633,17.4638,17.4638,18.5494,18.5494,18.9837,18.9837,20.4527,20.4527,20.7537,20.7537,21.4649,21.4649,21.9271,21.9271,23.208,23.2081,23.4262,23.4262,25.0219,25.0219,25.6163,25.6163,27.1553,27.1553,27.4236,27.4236,28.6631,28.6631,29.2205,29.2205,30.6778,30.6778,31.5725,31.5725,31.8489,31.8489,31.9888,31.9888,33.3234,33.3242,33.6031,33.6055,33.819,33.8461,34.733,34.9639
3.5480794382180307,-48.7377,-48.7377,-48.7348,-48.7348,-48.727,-48.727,-48.7207,-48.7207,-48.7058,-48.7058,-48.6745,-48.6745,-39.9743,-39.9743,-39.9722,-39.9722,-39.9701,-39.9701,-14.4715,-14.4715,-13.7183,-13.7183,-13.4412,-13.4412,-13.4352,-13.4352,-1.5429,-1.5429,-1.1759,-1.1759,-1.0047,-1.0047,-0.6936,-0.6936,-0.6485,-0.6485,0.0185,0.0185,0.2716,0.2716,0.4041,0.4041,0.8688,0.8688,1.1861,1.1861,1.6931,1.6931,1.772,1.772,5.8951,5.8951,5.897,5.897,6.1808,6.1808,6.2678,6.2678,6.4188,6.4188,6.4816,6.4816,6.6192,6.6192,7.0059,7.0059,7.1622,7.1622,7.3115,7.3115,8.9944,8.9944,9.0951,9.0951,9.1946,9.1946,9.3842,9.3842,9.8354,9.8354,11.5966,11.5966,12.4858,12.4858,15.1835,15.1835,15.453,15.453,16.6253,16.6253,16.6593,16.6593,16.7633,16.7633,17.4638,17.4638,18.5494,18.5494,18.9837,18.9837,20.4527,20.4527,20.7537,20.7537,21.4649,21.4649,21.9271,21.9271,23.208,23.2081,23.4262,23.4262,25.0219,25.0219,25.6163,25.6163,27.1553,27.1553,27.4236,27.4236,28.6631,28.6631,29.2205,29.2205,30.6778,30.6778,31.5725,31.5725,31.8489,31.8489,31.9888,31.9888,33.3234,33.3236,33.6029,33.603,33.8196,33.8218,34.6906,34.7252
3.5811175745431925,-48.7378,-48.7377,-48.7351,-48.7342,-48.7276,-48.7265,-48.7212,-48.72,-48.7072,-48.7043,-48.6747,-48.6744,-39.9743,-39.9743,-39.9723,-39.9721,-39.9701,-39.9701,-14.4999,-14.4436,-13.7285,-13.7064,-13.4451,-13.4415,-13.4373,-13.4299,-1.5717,-1.5189,-1.197,-1.1554,-1.0442,-0.9699,-0.7166,-0.6802,-0.6712,-0.6159,-0.0056,0.0498,0.2673,0.2781,0.3943,0.4175,0.8328,0.907,1.1395,1.2331,1.6772,1.6809,1.758,1.8127,5.8563,5.8703,5.923,5.933,6.1602,6.1986,6.2566,6.2778,6.4167,6.4211,6.478,6.4864,6.6195,6.6268,6.9992,7.0154,7.1567,7.164,7.2988,7.3289,8.9876,9.0005,9.0851,9.1022,9.1912,9.1971,9.3521,9.4124,9.8206,9.8535,11.5011,11.6764,12.3924,12.593,15.1547,15.1769,15.4198,15.51,16.4867,16.5508,16.6646,16.706,16.8174,16.8798,17.4069,17.5168,18.4461,18.6324,18.8868,19.0793,20.3858,20.5055,20.6932,20.8708,21.4668,21.4696,21.9198,21.9476,23.1294,23.2569,23.331,23.5429,24.9575,25.1059,25.5645,25.6751,27.0104,27.2749,27.2908,27.5087,28.5275,28.8466,29.1095,29.3637,30.6115,30.7133,31.4895,31.6024,31.6238,31.8615,32.0772,32.0975,33.3059,33.3567,33.5319,33.6838,33.763,33.8888,34.7311,34.806
3.6141557108683537,-48.738,-48.7379,-48.7354,-48.7337,-48.7283,-48.7261,-48.7217,-48.7193,-48.7087,-48.7029,-48.6748,-48.6742,-39.9743,-39.9743,-39.9724,-39.972,-39.9701,-39.9701,-14.5284,-14.4166,-13.7366,-13.6932,-13.4493,-13.4477,-13.4341,-13.4252,-1.6046,-1.5004,-1.2191,-1.1386,-1.0826,-0.9457,-0.7417,-0.6976,-0.653,-0.5875,-0.0206,0.0859,0.2643,0.2873,0.3885,0.4341,0.7995,0.9467,1.0941,1.2788,1.6367,1.6601,1.7694,1.8589,5.817,5.8432,5.9482,5.9691,6.137,6.2137,6.2451,6.2853,6.415,6.4234,6.4751,6.4924,6.627,6.6434,6.9952,7.0278,7.1495,7.1598,7.2932,7.3485,8.9801,9.0055,9.0729,9.1055,9.1868,9.1993,9.3195,9.4336,9.8114,9.8736,11.3983,11.7252,12.3288,12.7052,15.1084,15.1251,15.4223,15.5714,16.304,16.4699,16.6267,16.7794,16.8962,17.0543,17.3471,17.567,18.3333,18.6847,18.79,19.1746,20.3136,20.5317,20.7082,21.0272,21.4747,21.4823,21.9263,21.9798,23.0406,23.1877,23.3458,23.6625,24.9116,25.207,25.5229,25.7399,26.8501,27.1391,27.3564,27.5063,28.4919,28.9404,29.1526,29.5146,30.5265,30.6901,31.3243,31.4773,31.4967,31.8516,32.1703,32.2572,33.2954,33.4043,33.4848,33.717,33.754,33.9904,34.7257,34.8581
3.647193847193515,-48.7383,-48.7382,-48.7354,-48.733,-48.729,-48.7257,-48.7221,-48.7187,-48.7101,-48.7015,-48.6748,-48.6739,-39.9743,-39.9742,-39.9725,-39.9719,-39.9702,-39.9701,-14.5564,-14.391,-13.7422,-13.6791,-13.4542,-13.4538,-13.4311,-13.4213,-1.6403,-1.4872,-1.2445,-1.1327,-1.1147,-0.9315,-0.7724,-0.6883,-0.6424,-0.5647,-0.0253,0.1245,0.262,0.2995,0.3869,0.4535,0.7694,0.9867,1.0499,1.3189,1.5964,1.6369,1.7871,1.9042,5.7778,5.8156,5.9723,6.0028,6.1113,6.226,6.2342,6.29,6.4137,6.4256,6.4724,6.4995,6.6411,6.6693,6.9938,7.0427,7.1421,7.1491,7.2959,7.369,8.9716,9.008,9.0601,9.1032,9.1819,9.2014,9.2896,9.4448,9.8097,9.8944,11.2927,11.724,12.3148,12.8173,15.0442,15.0537,15.4464,15.6272,16.1232,16.3879,16.6041,16.8513,16.9789,17.1947,17.3109,17.6161,18.2203,18.6956,18.7008,19.2703,20.239,20.5515,20.7801,21.2116,21.4894,21.5048,21.9466,22.0214,22.9477,23.0919,23.3808,23.7806,24.8813,25.3073,25.5072,25.8089,26.6807,26.9851,27.3841,27.4127,28.5643,28.9224,29.3693,29.6551,30.4258,30.5722,31.1386,31.2457,31.4697,31.917,32.2138,32.3851,33.2769,33.4597,33.4715,33.6695,33.7933,34.1317,34.7482,35.0148
3.6802319835186768,-48.7389,-48.7384,-48.7354,-48.7324,-48.7297,-48.7254,-48.7224,-48.718,-48.7114,-48.7001,-48.6748,-48.6737,-39.9743,-39.9742,-39.9726,-39.9718,-39.9702,-39.9701,-14.5838,-14.3674,-13.7449,-13.6643,-13.4608,-13.4586,-13.4286,-13.4183,-1.6775,-1.4789,-1.2753,-1.146,-1.1371,-0.9165,-0.8036,-0.658,-0.6419,-0.5465,-0.0201,0.1636,0.26,0.3145,0.3894,0.4751,0.7425,1.0071,1.0247,1.3446,1.5716,1.6129,1.8066,1.9468,5.7394,5.7875,5.9952,6.0328,6.0843,6.2248,6.2356,6.2917,6.4126,6.4278,6.4696,6.5073,6.6609,6.7042,6.995,7.0593,7.1345,7.135,7.3059,7.3894,8.9616,9.0041,9.0507,9.0927,9.1781,9.2037,9.2649,9.4442,9.8168,9.9151,11.1871,11.6708,12.3533,12.9259,14.9499,14.9954,15.4781,15.6733,15.9474,16.3071,16.5994,16.9196,17.0601,17.1691,17.4202,17.6656,18.1164,18.6065,18.6844,19.3646,20.1633,20.5837,20.8848,21.4091,21.5186,21.5386,21.98,22.0705,22.8564,23.004,23.4042,23.8935,24.8634,25.3472,25.5728,25.8779,26.5066,26.8374,27.2718,27.3506,28.7056,28.9416,29.6036,29.752,30.3064,30.3826,30.9939,30.9943,31.4958,31.9956,32.2432,32.4556,33.2441,33.4897,33.5173,33.6247,33.8167,34.2579,34.714,34.8857
3.7132701198438385,-48.7394,-48.7386,-48.7355,-48.7318,-48.7303,-48.7252,-48.7227,-48.7173,-48.7127,-48.6989,-48.6747,-48.6735,-39.9743,-39.9742,-39.9727,-39.9717,-39.9702,-39.9701,-14.6101,-14.346,-13.7445,-13.6494,-13.4673,-13.4637,-13.4265,-13.4164,-1.7152,-1.475,-1.311,-1.1789,-1.1496,-0.897,-0.8279,-0.6518,-0.6164,-0.5317,-0.0063,0.201,0.2586,0.3316,0.3954,0.4986,0.719,0.9654,1.057,1.3467,1.5749,1.589,1.8277,1.9861,5.7023,5.7587,6.0168,6.0459,6.0693,6.2173,6.2428,6.2909,6.4116,6.4299,6.4666,6.5156,6.6857,6.7467,6.9984,7.0722,7.124,7.1287,7.321,7.4093,8.9496,8.9896,9.0489,9.0731,9.1771,9.2063,9.2466,9.4319,9.832,9.9352,11.0834,11.5836,12.4271,13.0286,14.8493,14.9367,15.5119,15.7085,15.7788,16.2292,16.6115,16.9822,17.0884,17.1361,17.5502,17.7169,18.036,18.5248,18.6461,19.4542,20.0876,20.6243,21.0166,21.5189,21.5841,21.6562,22.0271,22.1248,22.7721,22.9277,23.4163,23.9979,24.8542,25.3263,25.7123,25.938,26.3315,26.7038,27.1284,27.2612,28.8774,29.0062,29.718,29.8091,30.1701,30.2485,30.7717,30.8697,31.5613,32.0702,32.272,32.4774,33.2011,33.5245,33.5751,33.6052,33.8345,34.3786,34.7521,34.953
3.746308256169,-48.74,-48.7388,-48.7358,-48.7312,-48.7307,-48.725,-48.7229,-48.7167,-48.714,-48.6978,-48.6746,-48.6733,-39.9743,-39.9742,-39.9728,-39.9716,-39.9702,-39.9701,-14.635,-14.3272,-13.7407,-13.6347,-13.4734,-13.4692,-13.4249,-13.4154,-1.7524,-1.4746,-1.3489,-1.224,-1.1543,-0.8949,-0.8236,-0.6706,-0.5698,-0.5194,0.0141,0.2347,0.2581,0.3496,0.4042,0.5234,0.6994,0.9246,1.077,1.3335,1.566,1.603,1.8515,2.0217,5.6668,5.7289,6.0203,6.0369,6.0885,6.2121,6.2477,6.2879,6.4104,6.432,6.4635,6.5242,6.7143,6.7945,7.0042,7.0678,7.1235,7.1338,7.3398,7.4284,8.9347,8.9671,9.0474,9.0523,9.1789,9.2092,9.2337,9.4095,9.8535,9.9542,10.9833,11.4805,12.5194,13.1234,14.7458,14.8809,15.545,15.6196,15.7333,16.1552,16.6376,16.9973,17.0373,17.2032,17.6268,17.7707,18.0088,18.4521,18.5976,19.5353,20.013,20.6659,21.1727,21.5623,21.6407,21.8654,22.0971,22.1824,22.7004,22.8644,23.4198,24.0914,24.8503,25.2886,25.8667,25.9693,26.1622,26.597,27.0179,27.1312,29.0459,29.0943,29.5159,29.8333,30.1284,30.2427,30.6338,30.7585,31.6541,32.1235,32.3104,32.4775,33.1507,33.5344,33.6302,33.6395,33.845,34.4715,34.6841,34.7632
3.7793463924941615,-48.7406,-48.739,-48.7362,-48.7309,-48.7307,-48.7248,-48.723,-48.7161,-48.7151,-48.6969,-48.6744,-48.6731,-39.9743,-39.9741,-39.9729,-39.9715,-39.9703,-39.9701,-14.6583,-14.3112,-13.7336,-13.6204,-13.4789,-13.4751,-13.4238,-13.4155,-1.7883,-1.4773,-1.3868,-1.2743,-1.1534,-0.916,-0.7884,-0.6957,-0.5219,-0.5096,0.0395,0.2565,0.2659,0.3676,0.4144,0.5489,0.684,0.8847,1.0758,1.3256,1.5446,1.6415,1.8795,2.0536,5.6335,5.6979,5.9909,6.0555,6.1074,6.2097,6.2506,6.2833,6.409,6.4341,6.4604,6.5329,6.7454,6.8444,7.0119,7.0499,7.1196,7.1621,7.3611,7.4465,8.916,8.9401,9.0198,9.0572,9.1826,9.2123,9.2248,9.3795,9.8787,9.9718,10.8882,11.3721,12.6209,13.2082,14.641,14.831,15.4673,15.5806,15.7494,16.0861,16.6741,16.9014,17.0839,17.2582,17.6224,17.8273,18.0576,18.3894,18.5496,19.6052,19.941,20.7041,21.3472,21.6112,21.7058,22.0252,22.2313,22.2422,22.6466,22.8165,23.4187,24.1723,24.8477,25.2457,25.9207,25.9904,26.0319,26.5473,26.971,26.9774,29.0653,29.1553,29.3844,29.6542,30.1723,30.2535,30.65,30.6786,31.7645,32.1255,32.3665,32.5005,33.0973,33.529,33.6822,33.7139,33.8559,34.484,34.6271,34.7093
3.8123845288193228,-48.7412,-48.7392,-48.7368,-48.7308,-48.7302,-48.7246,-48.7232,-48.7162,-48.7155,-48.6961,-48.6741,-48.6729,-39.9743,-39.9741,-39.973,-39.9714,-39.9703,-39.9702,-14.6797,-14.298,-13.7234,-13.6072,-13.4836,-13.4817,-13.4232,-13.4164,-1.8221,-1.4824,-1.423,-1.3247,-1.1482,-0.941,-0.7441,-0.7249,-0.5022,-0.4748,0.0688,0.2595,0.2886,0.3846,0.4244,0.5742,0.6735,0.8454,1.0502,1.3335,1.5253,1.6798,1.9137,2.0817,5.6027,5.6658,5.9625,6.0725,6.1219,6.2103,6.2518,6.2775,6.4076,6.4362,6.4573,6.5415,6.7774,6.8927,7.0213,7.0289,7.1172,7.2006,7.3842,7.4636,8.893,8.9105,8.9941,9.0618,9.1872,9.2155,9.2187,9.3445,9.9057,9.9876,10.7993,11.2644,12.7269,13.2814,14.5358,14.7897,15.3292,15.6124,15.7584,16.0223,16.7167,16.8044,17.1217,17.2981,17.5704,17.8858,18.1458,18.3371,18.5096,19.6623,19.873,20.7376,21.5325,21.6699,21.7751,22.1121,22.3045,22.4334,22.6154,22.7908,23.4187,24.24,24.8428,25.2001,25.7736,25.9527,26.0263,26.599,26.8191,27.0025,28.8001,29.0669,29.5077,29.5548,30.1463,30.2076,30.6553,30.8042,31.8826,32.0642,32.4478,32.571,33.0454,33.5259,33.74,33.8013,33.8715,34.4698,34.6209,34.8922
3.8454226651444845,-48.7418,-48.7394,-48.7374,-48.7305,-48.7297,-48.7245,-48.7233,-48.7172,-48.715,-48.6954,-48.6737,-48.6727,-39.9742,-39.9741,-39.9731,-39.9713,-39.9703,-39.9702,-14.699,-14.2873,-13.7103,-13.5951,-13.489,-13.4872,-13.4232,-13.418,-1.8532,-1.4897,-1.4563,-1.3723,-1.1396,-0.965,-0.7564,-0.6976,-0.497,-0.4299,0.1009,0.2632,0.3068,0.4,0.4321,0.5985,0.6686,0.8068,1.0074,1.3533,1.5085,1.7127,1.9543,2.1062,5.5747,5.6329,5.9363,6.088,6.1319,6.2137,6.2519,6.2707,6.4064,6.4382,6.4546,6.5498,6.8088,6.9361,7.0081,7.0317,7.1168,7.2472,7.4085,7.4795,8.8665,8.8796,8.9718,9.0643,9.1919,9.2153,9.2186,9.3075,9.9326,10.0015,10.7179,11.1612,12.8351,13.3416,14.4308,14.7594,15.2035,15.6432,15.7621,15.9645,16.7067,16.7653,17.1514,17.3217,17.5057,17.9448,18.2352,18.2969,18.4822,19.7062,19.8104,20.7661,21.7187,21.7381,21.8442,22.1747,22.3698,22.6037,22.6113,22.8246,23.4299,24.2947,24.8318,25.1534,25.6089,25.8608,25.9777,26.607,26.8028,27.1018,28.4884,28.8166,29.5623,29.644,30.1204,30.1252,30.6759,31.0047,31.9638,31.9981,32.5605,32.6748,33.0005,33.5235,33.7788,33.8818,33.9007,34.424,34.4922,34.6505
3.878460801469646,-48.7423,-48.7395,-48.7381,-48.7302,-48.7293,-48.7243,-48.7234,-48.7182,-48.7146,-48.6949,-48.6734,-48.6725,-39.9742,-39.9741,-39.9732,-39.9712,-39.9703,-39.9702,-14.7161,-14.2791,-13.6949,-13.5848,-13.4973,-13.4895,-13.4237,-13.4202,-1.8812,-1.4991,-1.4861,-1.4145,-1.1283,-0.9865,-0.7888,-0.6517,-0.4935,-0.3886,0.1351,0.2684,0.3203,0.4134,0.4364,0.6212,0.6692,0.7689,0.9563,1.3777,1.4945,1.7388,1.9997,2.127,5.5499,5.5999,5.9132,6.1018,6.138,6.2193,6.251,6.2632,6.4055,6.44,6.4522,6.5576,6.838,6.9705,6.9907,7.0419,7.119,7.3004,7.433,7.4942,8.8382,8.8487,8.953,9.0624,9.1954,9.2147,9.2212,9.2723,9.9582,10.0133,10.6451,11.0656,12.9439,13.3885,14.3262,14.7412,15.0918,15.6721,15.7614,15.9129,16.6172,16.811,17.1741,17.3297,17.4413,18.0024,18.2571,18.3227,18.4684,19.7375,19.7548,20.7898,21.8134,21.8715,21.934,22.2297,22.433,22.6414,22.6533,22.9628,23.4746,24.337,24.8117,25.1072,25.4477,25.761,25.892,26.4555,26.9984,27.248,28.1831,28.523,29.5426,29.6822,30.098,30.1437,30.7118,31.2135,31.8479,32.1025,32.7062,32.7869,32.9741,33.5297,33.8091,33.9304,33.9506,34.3383,34.4561,34.9868
3.9114989377948075,-48.7429,-48.7396,-48.7386,-48.7298,-48.729,-48.7242,-48.7235,-48.7191,-48.7143,-48.6944,-48.673,-48.6724,-39.9742,-39.974,-39.9733,-39.9711,-39.9703,-39.9702,-14.7309,-14.2729,-13.6777,-13.5765,-13.5067,-13.4902,-13.4246,-13.4227,-1.9057,-1.5119,-1.5113,-1.4487,-1.1146,-1.0051,-0.8209,-0.6083,-0.4915,-0.3519,0.1705,0.2748,0.33,0.4244,0.4373,0.6416,0.6742,0.7323,0.9028,1.4017,1.4833,1.7587,2.0465,2.1444,5.5286,5.5681,5.8935,6.1139,6.1415,6.2257,6.2496,6.2555,6.405,6.4417,6.4502,6.5647,6.8638,6.968,7.0048,7.0504,7.1243,7.3571,7.4568,7.5075,8.8104,8.8189,8.9372,9.0539,9.1971,9.2172,9.222,9.2442,9.9817,10.0229,10.5818,10.9801,13.0524,13.4224,14.2221,14.7347,14.9954,15.6986,15.7572,15.8681,16.5355,16.8554,17.1909,17.3252,17.3819,18.0563,18.2347,18.3858,18.4664,19.7072,19.7574,20.8091,21.8916,21.9348,22.0907,22.281,22.4808,22.655,22.715,23.0861,23.5901,24.3677,24.7801,25.0633,25.2978,25.6673,25.7935,26.3022,27.2222,27.4232,27.9005,28.2369,29.4594,29.5773,30.1747,30.2134,30.7508,31.421,31.7329,32.1931,32.8451,32.8788,33.0173,33.5385,33.8459,33.933,34.0555,34.3586,34.4381,34.7869
3.944537074119969,-48.7433,-48.7397,-48.7391,-48.7293,-48.7287,-48.724,-48.7235,-48.7198,-48.714,-48.6941,-48.6727,-48.6723,-39.9741,-39.974,-39.9734,-39.9711,-39.9703,-39.9703,-14.7431,-14.2684,-13.6593,-13.5703,-13.5174,-13.4896,-13.426,-13.4252,-1.9261,-1.5334,-1.5269,-1.4729,-1.0991,-1.0205,-0.8519,-0.5693,-0.4904,-0.3207,0.2059,0.2817,0.3367,0.4328,0.4365,0.6593,0.6805,0.6988,0.851,1.4228,1.4748,1.7739,2.0907,2.1584,5.5108,5.5389,5.8773,6.1243,6.1433,6.232,6.2473,6.2486,6.405,6.4431,6.4485,6.5708,6.8855,6.9535,7.0266,7.0564,7.1325,7.4132,7.4788,7.5192,8.7852,8.7916,8.9239,9.0377,9.1974,9.2149,9.2216,9.2326,10.0021,10.0303,10.5288,10.9068,13.1593,13.4451,14.1193,14.738,14.9154,15.7219,15.7498,15.8307,16.4651,16.8961,17.2029,17.3128,17.3295,18.1043,18.2184,18.4341,18.4726,19.6685,19.7683,20.8244,21.9669,21.9762,22.241,22.3302,22.5097,22.6493,22.8245,23.1422,23.7791,24.3877,24.7358,25.0238,25.1674,25.588,25.6928,26.1596,27.4363,27.5717,27.6959,27.995,29.3277,29.4035,30.2798,30.298,30.7907,31.5926,31.6632,32.2707,32.824,33.0661,33.1405,33.5403,33.8651,33.9432,34.0035,34.2573,34.4301,34.9402
3.9775752104451305,-48.7437,-48.7398,-48.7394,-48.7289,-48.7285,-48.7239,-48.7236,-48.7205,-48.7137,-48.6939,-48.6724,-48.6722,-39.9741,-39.974,-39.9734,-39.971,-39.9704,-39.9703,-14.7527,-14.2653,-13.6405,-13.566,-13.5294,-13.4878,-13.4275,-13.4274,-1.9424,-1.5504,-1.5443,-1.4878,-1.0826,-1.0325,-0.8808,-0.5364,-0.49,-0.2959,0.2395,0.2882,0.3409,0.4363,0.4384,0.6635,0.6741,0.6923,0.8038,1.4397,1.4687,1.7852,2.1288,2.1692,5.4968,5.514,5.8649,6.1328,6.1442,6.2374,6.2407,6.2469,6.4051,6.4442,6.4473,6.5758,6.9026,6.9413,7.0428,7.0599,7.1421,7.4637,7.4981,7.5289,8.764,8.7682,8.9132,9.0161,9.1972,9.205,9.2264,9.2322,10.0188,10.0356,10.4867,10.8476,13.2628,13.4588,14.019,14.7474,14.8526,15.7398,15.7411,15.8018,16.4085,16.9316,17.2112,17.2854,17.2973,18.1442,18.2081,18.4677,18.4829,19.6389,19.7726,20.836,22.0098,22.0324,22.3631,22.3781,22.5304,22.641,22.9466,23.1601,23.9955,24.3984,24.68,24.9906,25.0651,25.5261,25.5986,26.0293,27.4112,27.5367,27.8552,27.91,29.1624,29.2025,30.3696,30.3747,30.831,31.5294,31.846,32.336,32.7724,33.2546,33.2768,33.5792,33.8617,33.9493,33.9796,34.2147,34.3878,34.6225
4.010613346770292,-48.744,-48.7399,-48.7397,-48.7286,-48.7284,-48.7238,-48.7237,-48.721,-48.7136,-48.6938,-48.6722,-48.6721,-39.974,-39.974,-39.9735,-39.9709,-39.9704,-39.9703,-14.7596,-14.2634,-13.6223,-13.5634,-13.5424,-13.4858,-13.429,-13.429,-1.9541,-1.5626,-1.5593,-1.4964,-1.0664,-1.0411,-0.9059,-0.5112,-0.4899,-0.2779,0.2686,0.2931,0.3434,0.4378,0.4412,0.6375,0.6865,0.6988,0.7642,1.4519,1.4647,1.7932,2.1582,2.1768,5.4868,5.4948,5.856,6.1393,6.1446,6.2349,6.2414,6.2457,6.4054,6.445,6.4464,6.5794,6.915,6.9323,7.054,7.0617,7.1508,7.5026,7.5147,7.5363,8.748,8.7501,8.9053,8.9947,9.197,9.1996,9.2305,9.2332,10.0313,10.0391,10.4562,10.8042,13.3589,13.4662,13.9252,14.7588,14.8074,15.7286,15.7557,15.7821,16.3674,16.9601,17.2165,17.251,17.2831,18.174,18.2023,18.4888,18.4933,19.6183,19.7733,20.8441,22.0367,22.0821,22.4231,22.4401,22.5585,22.6299,23.0573,23.164,24.1968,24.402,24.6207,24.9656,24.9957,25.4823,25.5199,25.9146,27.2507,27.4445,28.0712,28.0747,28.9715,28.9873,30.4324,30.4325,30.868,31.4655,32.0503,32.3869,32.6929,33.3888,33.4257,33.5642,33.831,33.8786,33.9964,34.1832,34.2483,34.6863
4.043651483095453,-48.7442,-48.7399,-48.7399,-48.7284,-48.7283,-48.7238,-48.7237,-48.7213,-48.7135,-48.6937,-48.6721,-48.6721,-39.974,-39.974,-39.9735,-39.9709,-39.9704,-39.9704,-14.7638,-14.2623,-13.6064,-13.5621,-13.555,-13.4842,-13.4302,-13.4301,-1.9613,-1.57,-1.5691,-1.501,-1.0534,-1.0463,-0.9243,-0.4954,-0.4899,-0.267,0.2893,0.296,0.3445,0.4405,0.4419,0.6192,0.6973,0.7035,0.7348,1.4592,1.4624,1.7979,2.1766,2.1814,5.4807,5.4828,5.8508,6.1434,6.1448,6.2311,6.2439,6.245,6.4056,6.4455,6.4458,6.5816,6.9224,6.9267,7.0605,7.0624,7.1568,7.5191,7.5339,7.5409,8.738,8.7386,8.9005,8.9794,9.1969,9.1974,9.2332,9.2339,10.039,10.041,10.4377,10.7776,13.437,13.4696,13.8486,14.7678,14.7802,15.7195,15.7647,15.7712,16.3425,16.9791,17.2193,17.2282,17.2734,18.1925,18.1995,18.5,18.5008,19.606,19.7724,20.8488,22.0547,22.1124,22.4591,22.4685,22.5949,22.6176,23.1351,23.1637,24.3451,24.4018,24.5738,24.9499,24.9569,25.456,25.4666,25.8286,27.1482,27.3487,28.298,28.3014,28.7612,28.7642,30.4675,30.4678,30.8946,31.426,32.2475,32.42,32.5783,33.4636,33.5746,33.5959,33.7942,33.8263,34.0351,34.2094,34.3674,34.4339
4.076689619420614,-48.7442,-48.7399,-48.7399,-48.7283,-48.7283,-48.7238,-48.7238,-48.7214,-48.7134,-48.6937,-48.672,-48.672,-39.974,-39.974,-39.9735,-39.9709,-39.9704,-39.9704,-14.7652,-14.2619,-13.5985,-13.5616,-13.5616,-13.4836,-13.4305,-13.4305,-1.9637,-1.5724,-1.5724,-1.5025,-1.048,-1.048,-0.9315,-0.49,-0.49,-0.2634,0.2969,0.2969,0.3449,0.4418,0.4418,0.6125,0.7051,0.7051,0.7203,1.4617,1.4617,1.7995,2.1829,2.1829,5.4787,5.4787,5.849,6.1448,6.1448,6.2297,6.2448,6.2448,6.4057,6.4457,6.4457,6.5823,6.9249,6.9249,7.0626,7.0626,7.1589,7.5228,7.5425,7.5425,8.7347,8.7347,8.8988,8.9738,9.1969,9.1969,9.2341,9.2341,10.0416,10.0416,10.4315,10.7687,13.4706,13.4706,13.8154,14.7712,14.7712,15.716,15.7678,15.7678,16.3342,16.986,17.2203,17.2203,17.2699,18.1988,18.1988,18.5036,18.5036,19.6021,19.7719,20.8504,22.0613,22.1226,22.4741,22.4741,22.6114,22.6114,23.1634,23.1634,24.4012,24.4012,24.556,24.9447,24.9447,25.4474,25.4474,25.7954,27.113,27.3136,28.5037,28.5037,28.5632,28.5632,30.4792,30.4792,30.9046,31.4128,32.423,32.4317,32.4318,33.4809,33.619,33.6305,33.76,33.8015,34.0947,34.2416,34.2811,34.8828
4.076689619420614,-48.7442,-48.7399,-48.7399,-48.7283,-48.7283,-48.7238,-48.7238,-48.7214,-48.7134,-48.6937,-48.672,-48.672,-39.974,-39.974,-39.9735,-39.9709,-39.9704,-39.9704,-14.7652,-14.2619,-13.5985,-13.5616,-13.5616,-13.4836,-13.4305,-13.4305,-1.9637,-1.5724,-1.5724,-1.5025,-1.048,-1.048,-0.9315,-0.49,-0.49,-0.2634,0.2969,0.2969,0.3449,0.4418,0.4418,0.6125,0.7051,0.7051,0.7203,1.4617,1.4617,1.7995,2.1829,2.1829,5.4787,5.4787,5.849,6.1448,6.1448,6.2297,6.2448,6.2448,6.4057,6.4457,6.4457,6.5823,6.9249,6.9249,7.0626,7.0626,7.1589,7.5228,7.5425,7.5425,8.7347,8.7347,8.8988,8.9738,9.1969,9.1969,9.2341,9.2341,10.0416,10.0416,10.4315,10.7687,13.4706,13.4706,13.8154,14.7712,14.7712,15.716,15.7678,15.7678,16.3342,16.986,17.2203,17.2203,17.2699,18.1988,18.1988,18.5036,18.5036,19.6021,19.7719,20.8504,22.0613,22.1226,22.4741,22.4741,22.6114,22.6114,23.1634,23.1634,24.4012,24.4012,24.556,24.9447,24.9447,25.4474,25.4474,25.7954,27.113,27.3136,28.5037,28.5037,28.5632,28.5632,30.4792,30.4792,30.9046,31.4128,32.4229,32.4317,32.4318,33.4777,33.6195,33.6224,33.7585,33.7883,34.0591,34.2358,34.2745,34.4086
4.109388888875912,-48.7442,-48.7399,-48.7399,-48.7284,-48.7283,-48.7238,-48.7237,-48.7213,-48.7135,-48.6937,-48.6721,-48.6721,-39.974,-39.974,-39.9735,-39.9709,-39.9704,-39.9704,-14.7638,-14.2623,-13.6062,-13.5621,-13.5551,-13.4842,-13.4302,-13.4302,-1.9613,-1.57,-1.5691,-1.5011,-1.0533,-1.0463,-0.9245,-0.4953,-0.4899,-0.2669,0.2894,0.296,0.3446,0.4404,0.442,0.6191,0.6974,0.7035,0.7345,1.4593,1.4624,1.798,2.1767,2.1814,5.4806,5.4827,5.8507,6.1434,6.1448,6.2311,6.244,6.245,6.4056,6.4455,6.4458,6.5816,6.9224,6.9267,7.0605,7.0624,7.1568,7.5192,7.5339,7.5411,8.738,8.7385,8.9004,8.9793,9.1969,9.1974,9.2332,9.2339,10.039,10.041,10.4376,10.7775,13.4375,13.4697,13.848,14.7678,14.78,15.7194,15.7648,15.7711,16.3423,16.9793,17.2193,17.228,17.2733,18.1927,18.1995,18.5001,18.5008,19.606,19.7723,20.8489,22.0548,22.1126,22.4584,22.4698,22.5946,22.618,23.1356,23.1638,24.3461,24.4019,24.5735,24.95,24.9564,25.4555,25.4666,25.8279,27.1475,27.348,28.2984,28.3058,28.7562,28.7646,30.4677,30.4682,30.8948,31.4257,32.2495,32.4203,32.5767,33.4623,33.5638,33.595,33.794,33.8064,34.0034,34.2153,34.2809,34.4258
4.142088170538938,-48.744,-48.7399,-48.7397,-48.7286,-48.7284,-48.7238,-48.7237,-48.721,-48.7136,-48.6938,-48.6722,-48.6721,-39.974,-39.974,-39.9735,-39.9709,-39.9704,-39.9703,-14.7597,-14.2633,-13.6219,-13.5632,-13.5428,-13.4858,-13.4291,-13.429,-1.9543,-1.5628,-1.5595,-1.4965,-1.0661,-1.0413,-0.9063,-0.5108,-0.4899,-0.2776,0.2689,0.2935,0.3434,0.4367,0.4424,0.637,0.6869,0.6988,0.7635,1.4521,1.4646,1.7933,2.1584,2.1772,5.4864,5.4947,5.8559,6.1394,6.1446,6.2348,6.2416,6.2457,6.4054,6.4451,6.4463,6.5794,6.9152,6.9321,7.054,7.0619,7.1509,7.5077,7.5093,7.5377,8.7477,8.7498,8.9052,8.9944,9.197,9.1995,9.2306,9.2331,10.0313,10.0393,10.4557,10.8035,13.3602,13.4671,13.9232,14.7592,14.8065,15.7277,15.7574,15.781,16.3667,16.9605,17.2167,17.2502,17.2829,18.1751,18.2016,18.4893,18.4933,19.6179,19.7733,20.8442,22.0371,22.0831,22.4117,22.4606,22.5472,22.6347,23.0577,23.1659,24.1986,24.4037,24.6192,24.9688,24.9912,25.4775,25.5229,25.9121,27.2479,27.4421,28.068,28.0875,28.9572,28.9925,30.4317,30.4353,30.8687,31.4644,32.0542,32.3885,32.6902,33.3818,33.4472,33.5545,33.8476,33.8604,33.9767,34.2203,34.2777,34.6032
4.174787439994235,-48.7437,-48.7398,-48.7395,-48.7289,-48.7285,-48.724,-48.7236,-48.7205,-48.7137,-48.6939,-48.6724,-48.6722,-39.9741,-39.974,-39.9734,-39.971,-39.9704,-39.9703,-14.7529,-14.2653,-13.6401,-13.5651,-13.5308,-13.4875,-13.4276,-13.4274,-1.9428,-1.551,-1.5446,-1.4881,-1.082,-1.0329,-0.8816,-0.5357,-0.4897,-0.2953,0.2395,0.2898,0.3413,0.4315,0.4426,0.662,0.6765,0.6912,0.8025,1.44,1.4686,1.7856,2.1284,2.1708,5.4955,5.5143,5.8646,6.1331,6.1442,6.2377,6.2406,6.2465,6.4051,6.4444,6.447,6.5759,6.9031,6.941,7.0425,7.061,7.142,7.4714,7.4884,7.5333,8.7633,8.7676,8.9129,9.0154,9.1972,9.2046,9.227,9.2319,10.0185,10.0365,10.4856,10.846,13.2635,13.4629,14.014,14.7492,14.8501,15.7277,15.7569,15.7975,16.407,16.9325,17.2118,17.2828,17.2979,18.1478,18.2052,18.4696,18.4824,19.6373,19.7736,20.8363,22.0068,22.0388,22.3344,22.4516,22.4763,22.6557,22.9428,23.1705,23.9926,24.4058,24.6744,25.0086,25.0468,25.509,25.6131,26.0228,27.4053,27.5324,27.878,27.9015,29.1358,29.2148,30.3691,30.3805,30.8323,31.5274,31.8514,32.3407,32.7677,33.2528,33.2974,33.5354,33.9013,33.9581,34.0315,34.2169,34.2851,34.7024
4.207486721657262,-48.7433,-48.7397,-48.7391,-48.7294,-48.7287,-48.7241,-48.7234,-48.7199,-48.7139,-48.6941,-48.6727,-48.6722,-39.9741,-39.974,-39.9734,-39.9711,-39.9704,-39.9703,-14.7435,-14.2683,-13.6589,-13.5675,-13.5217,-13.4876,-13.4262,-13.4252,-1.9269,-1.5347,-1.5272,-1.4737,-1.0981,-1.0212,-0.8532,-0.5685,-0.4896,-0.3196,0.2052,0.2851,0.3377,0.425,0.4425,0.6619,0.6812,0.6949,0.8493,1.4231,1.4748,1.7751,2.0878,2.163,5.5071,5.5408,5.8767,6.1246,6.1433,6.2329,6.2474,6.2475,6.405,6.4437,6.4479,6.5711,6.8863,6.9531,7.0254,7.0598,7.1309,7.4247,7.4627,7.528,8.784,8.7906,8.9233,9.0371,9.1975,9.2117,9.2264,9.2303,10.0008,10.0328,10.5268,10.904,13.1572,13.4574,14.1066,14.7442,14.91,15.709,15.7723,15.8201,16.4625,16.8972,17.2039,17.3102,17.3293,18.113,18.2104,18.4394,18.4702,19.6616,19.7745,20.8248,21.9464,22.0041,22.2279,22.3901,22.4461,22.6771,22.8078,23.1789,23.7546,24.4074,24.7173,25.0789,25.1197,25.5475,25.7326,26.1446,27.4187,27.6139,27.681,27.9886,29.2897,29.4189,30.285,30.3053,30.7929,31.6111,31.6482,32.2811,32.8137,33.0839,33.137,33.5152,33.9108,33.9471,33.9902,34.2664,34.4703,34.6909
4.2401859911125594,-48.7429,-48.7396,-48.7387,-48.7298,-48.7289,-48.7244,-48.7233,-48.7191,-48.7142,-48.6944,-48.673,-48.6724,-39.9742,-39.974,-39.9733,-39.9711,-39.9703,-39.9702,-14.7315,-14.2727,-13.6777,-13.5705,-13.5181,-13.4839,-13.425,-13.4225,-1.9068,-1.5143,-1.5113,-1.4502,-1.1129,-1.0063,-0.8226,-0.6076,-0.4896,-0.3503,0.1689,0.2799,0.3324,0.4165,0.4416,0.6495,0.6695,0.7278,0.9018,1.4013,1.4835,1.762,2.0377,2.1546,5.5205,5.5735,5.8923,6.114,6.1419,6.2274,6.248,6.2553,6.4051,6.4431,6.4488,6.5652,6.8649,6.9681,7.0023,7.0581,7.118,7.3744,7.4324,7.5219,8.8088,8.8174,8.9361,9.054,9.1978,9.2107,9.2284,9.2423,9.9784,10.0282,10.5787,10.9758,13.0443,13.4506,14.1909,14.753,14.9853,15.6815,15.7922,15.8486,16.5314,16.8561,17.192,17.3247,17.3798,18.0734,18.2182,18.3977,18.459,19.6788,19.786,20.8097,21.8584,21.9844,22.0952,22.2933,22.4453,22.6694,22.697,23.1919,23.5017,24.4072,24.7373,25.1788,25.2056,25.5905,25.8756,26.2723,27.1959,27.5009,27.8503,28.2392,29.4189,29.5741,30.2049,30.2134,30.756,31.4493,31.7084,32.2111,32.8203,32.9141,32.9972,33.5071,33.8668,33.9405,34.008,34.2887,34.3662,34.6215
4.272885272775586,-48.7424,-48.7394,-48.7382,-48.7303,-48.7291,-48.7247,-48.7231,-48.7183,-48.7146,-48.6948,-48.6734,-48.6725,-39.9742,-39.9741,-39.9732,-39.9712,-39.9703,-39.9702,-14.7171,-14.2787,-13.6956,-13.5737,-13.5195,-13.4765,-13.4245,-13.4196,-1.8829,-1.4991,-1.4903,-1.4165,-1.1251,-0.9884,-0.7909,-0.6515,-0.4897,-0.3866,0.1324,0.2745,0.325,0.4048,0.4398,0.6384,0.6564,0.761,0.9579,1.375,1.4954,1.7468,1.9794,2.1464,5.5348,5.6114,5.9111,6.1013,6.1396,6.2219,6.2479,6.2634,6.4055,6.443,6.4494,6.5585,6.8393,6.9729,6.9856,7.0562,7.103,7.3259,7.3993,7.5151,8.8361,8.8466,8.951,9.0641,9.1981,9.2053,9.2263,9.2711,9.952,10.0229,10.6405,11.0596,12.926,13.4428,14.2568,14.7865,15.075,15.6483,15.8135,15.8825,16.6113,16.81,17.1746,17.3319,17.4387,18.0311,18.2306,18.3447,18.4503,19.671,19.8247,20.7904,21.7544,21.9421,21.9758,22.1859,22.449,22.5424,22.7145,23.2099,23.2454,24.4034,24.7362,25.2968,25.3003,25.6344,26.0348,26.4041,26.9641,27.3439,28.1077,28.5449,29.5247,29.6149,30.1113,30.1858,30.7303,31.2583,31.8072,32.1299,32.735,32.76,32.9504,33.5002,33.8203,33.9466,34.0173,34.364,34.4552,34.7147
4.305584542230883,-48.742,-48.7391,-48.7376,-48.7307,-48.7293,-48.725,-48.7229,-48.7174,-48.715,-48.6954,-48.6738,-48.6726,-39.9742,-39.9741,-39.9731,-39.9713,-39.9703,-39.9702,-14.7004,-14.2868,-13.7122,-13.5772,-13.5235,-13.4677,-13.4246,-13.4164,-1.8554,-1.4903,-1.4631,-1.375,-1.1335,-0.9674,-0.7594,-0.6985,-0.49,-0.4277,0.0967,0.2691,0.315,0.3888,0.437,0.6301,0.6427,0.793,1.0164,1.3445,1.5109,1.7301,1.9145,2.139,5.5491,5.6536,5.9329,6.0862,6.1361,6.2166,6.2468,6.2714,6.4063,6.4435,6.4496,6.5515,6.8101,6.937,7.005,7.0539,7.0855,7.2842,7.3653,7.5077,8.8642,8.8765,8.9681,9.0685,9.1984,9.1998,9.2241,9.3062,9.9222,10.0172,10.7116,11.1532,12.8026,13.434,14.2976,14.8516,15.1778,15.6102,15.8353,15.9209,16.6987,16.7602,17.1502,17.3283,17.5057,17.9882,18.25,18.2818,18.4438,19.6399,19.8891,20.7663,21.6397,21.7766,21.9795,22.0663,22.4345,22.4569,22.729,22.9962,23.2327,24.3939,24.7184,25.3999,25.4207,25.6724,26.1992,26.5287,26.7627,27.2201,28.3723,28.8782,29.5183,29.6078,30.0104,30.2262,30.738,31.0817,31.8783,32.0474,32.6012,32.6417,32.9675,33.4784,33.7585,33.928,33.9957,34.3296,34.5262,34.7933
4.33828381168618,-48.7416,-48.7387,-48.7369,-48.7311,-48.7296,-48.7253,-48.7227,-48.7164,-48.7155,-48.696,-48.6741,-48.6728,-39.9743,-39.9741,-39.973,-39.9714,-39.9703,-39.9701,-14.6816,-14.2972,-13.7267,-13.5808,-13.5284,-13.4589,-13.4256,-13.4132,-1.8248,-1.4847,-1.4336,-1.3289,-1.1363,-0.9436,-0.7504,-0.7253,-0.4906,-0.4727,0.0627,0.2638,0.3022,0.368,0.4335,0.626,0.6286,0.8225,1.0762,1.3106,1.5304,1.7124,1.8445,2.1327,5.5629,5.699,5.9569,6.0686,6.1311,6.2121,6.2446,6.2789,6.4072,6.4451,6.4491,6.5446,6.7781,6.8945,7.0252,7.052,7.0663,7.2524,7.332,7.5,8.8905,8.9062,8.9877,9.07,9.1955,9.1986,9.2221,9.343,9.8903,10.0113,10.7907,11.2542,12.6748,13.4241,14.3154,14.9458,15.2924,15.5678,15.8575,15.9629,16.7056,16.7924,17.1167,17.3116,17.5808,17.9466,18.2117,18.2782,18.4374,19.5943,19.9716,20.7369,21.519,21.6077,21.9361,21.9961,22.3385,22.4688,22.7403,22.7694,23.2598,24.3761,24.6857,25.5016,25.5389,25.6936,26.3502,26.5215,26.7384,27.1474,28.6284,29.2182,29.3485,29.6697,29.9339,30.2291,30.7741,30.9622,31.8341,32.0341,32.474,32.5762,33.002,33.4409,33.6837,33.9035,34.0177,34.3015,34.5224,34.8804
4.370983093349206,-48.7413,-48.7383,-48.7362,-48.7315,-48.7299,-48.7256,-48.7225,-48.716,-48.7153,-48.6968,-48.6744,-48.6729,-39.9743,-39.9741,-39.9729,-39.9715,-39.9703,-39.9701,-14.6609,-14.3103,-13.7387,-13.5843,-13.5339,-13.4505,-13.4276,-13.4101,-1.7917,-1.4827,-1.4027,-1.2823,-1.1308,-0.9172,-0.7978,-0.6978,-0.5205,-0.4916,0.0308,0.2587,0.2867,0.3432,0.4299,0.6143,0.626,0.8487,1.136,1.2744,1.5541,1.6943,1.771,2.1278,5.5755,5.7464,5.9818,6.049,6.1245,6.2087,6.2412,6.2857,6.408,6.4476,6.448,6.5383,6.7442,6.8472,7.0399,7.0471,7.0559,7.2301,7.3011,7.4921,8.9126,8.9343,9.009,9.0711,9.1936,9.1988,9.2203,9.3776,9.8578,10.0053,10.8766,11.3597,12.5437,13.4129,14.3175,15.0593,15.4174,15.5223,15.8799,16.007,16.6515,16.8851,17.0726,17.2815,17.6644,17.9071,18.1386,18.3154,18.4274,19.5406,20.0689,20.7021,21.3962,21.4442,21.8004,22.0248,22.2254,22.4841,22.5949,22.7485,23.2907,24.3472,24.6382,25.6013,25.6034,25.7204,26.4285,26.459,26.8711,27.1532,28.85,29.1508,29.4973,29.756,29.9196,30.1635,30.6818,31.0494,31.7037,32.0567,32.364,32.5667,33.047,33.3782,33.6301,33.8736,34.061,34.2833,34.7345,34.9447
4.403682362804504,-48.7411,-48.7379,-48.7354,-48.7317,-48.7301,-48.7258,-48.7224,-48.7165,-48.7142,-48.6978,-48.6747,-48.6731,-39.9743,-39.9741,-39.9728,-39.9716,-39.9702,-39.9701,-14.6386,-14.326,-13.7478,-13.5878,-13.5393,-13.4428,-13.4304,-13.4071,-1.7567,-1.4854,-1.3714,-1.241,-1.1141,-0.8884,-0.8433,-0.6725,-0.5696,-0.493,0.0018,0.2535,0.2691,0.3162,0.4266,0.5998,0.6298,0.8716,1.1949,1.237,1.5814,1.6763,1.6961,2.1242,5.5868,5.7948,6.0023,6.0318,6.1162,6.2066,6.2366,6.2913,6.4084,6.4448,6.4523,6.5331,6.7096,6.7981,7.0299,7.0396,7.0742,7.2154,7.2743,7.4842,8.9292,8.96,9.0289,9.0744,9.1963,9.1992,9.2189,9.4069,9.827,9.9994,10.9679,11.466,12.4117,13.4,14.311,15.1782,15.4778,15.5513,15.9017,16.0509,16.5987,16.9748,17.0174,17.2402,17.7565,17.8694,18.0681,18.3574,18.4117,19.4846,20.1789,20.6634,21.275,21.2933,21.6647,22.0639,22.0667,22.5002,22.5025,22.7538,23.3249,24.305,24.5751,25.5271,25.7038,25.822,26.4044,26.5098,27.0164,27.2506,28.9455,28.9904,29.6017,29.913,30.0538,30.0694,30.5365,31.2329,31.5638,32.058,32.2722,32.5967,33.0996,33.2947,33.5948,33.8157,34.126,34.2942,34.5751,34.9197
4.436381644467531,-48.741,-48.7376,-48.7346,-48.7319,-48.7303,-48.726,-48.7223,-48.717,-48.713,-48.6989,-48.6749,-48.6732,-39.9743,-39.9742,-39.9728,-39.9717,-39.9702,-39.9701,-14.6154,-14.344,-13.7537,-13.591,-13.5445,-13.4363,-13.4338,-13.4043,-1.7207,-1.4932,-1.3412,-1.2089,-1.0898,-0.8792,-0.8575,-0.6529,-0.6175,-0.4947,-0.0234,0.2452,0.253,0.2893,0.424,0.5853,0.6367,0.8913,1.1996,1.2519,1.6017,1.6315,1.6586,2.1217,5.5964,5.8428,5.9923,6.0417,6.1064,6.2061,6.2308,6.2955,6.4083,6.4405,6.4581,6.5294,6.6753,6.751,7.0152,7.0353,7.0946,7.206,7.2536,7.4767,8.9406,8.9825,9.0418,9.0816,9.1998,9.2067,9.2178,9.428,9.8009,9.9938,11.0624,11.5668,12.2844,13.3851,14.2999,15.272,15.4562,15.6924,15.9226,16.0911,16.5517,16.9528,17.0571,17.1913,17.8303,17.8565,18.0078,18.3622,18.425,19.4314,20.2987,20.6251,21.1582,21.1591,21.5333,21.8828,22.1107,22.4656,22.5227,22.7572,23.3615,24.2483,24.4948,25.3934,25.8017,25.9436,26.4426,26.5246,27.156,27.4111,28.7466,29.015,29.6894,29.921,30.0003,30.3769,30.3942,31.4359,31.4499,32.0413,32.1969,32.6414,33.159,33.2033,33.5734,33.7407,34.1892,34.3291,34.6045,34.8993
4.469080913922828,-48.7409,-48.7375,-48.7339,-48.732,-48.7304,-48.726,-48.7222,-48.7175,-48.7119,-48.7,-48.675,-48.6733,-39.9743,-39.9742,-39.9727,-39.9717,-39.9702,-39.9701,-14.5922,-14.3636,-13.7563,-13.594,-13.5495,-13.4393,-13.4293,-13.4017,-1.6848,-1.5062,-1.3134,-1.1837,-1.0765,-0.8937,-0.8253,-0.6588,-0.6415,-0.4965,-0.0434,0.2271,0.2465,0.2646,0.4225,0.571,0.6458,0.9084,1.1635,1.3056,1.5395,1.6416,1.6538,2.1202,5.6041,5.8887,5.966,6.0636,6.0958,6.2073,6.2241,6.2978,6.4076,6.4349,6.4649,6.5271,6.6431,6.7093,7.0035,7.0297,7.1128,7.2004,7.2412,7.4696,8.9481,9.0011,9.0465,9.0895,9.2012,9.2172,9.2267,9.4382,9.7828,9.9887,11.157,11.6487,12.1758,13.3677,14.2862,15.2759,15.5112,15.8387,15.9435,16.1218,16.5158,16.8838,17.1182,17.1492,17.785,17.9619,17.9658,18.3149,18.4778,19.3843,20.4218,20.5956,21.0389,21.0516,21.4094,21.708,22.1621,22.461,22.5423,22.761,23.3997,24.1776,24.3959,25.2456,25.8965,26.0713,26.5168,26.5329,27.2797,27.5897,28.5715,28.9651,29.7779,29.7805,30.1161,30.2638,30.6256,31.4185,31.6408,32.0151,32.1355,32.6819,33.1166,33.2206,33.561,33.6365,34.2224,34.317,34.5207,34.7442
4.501780195585854,-48.7408,-48.7374,-48.7333,-48.7322,-48.7304,-48.7259,-48.7223,-48.718,-48.7108,-48.7012,-48.675,-48.6735,-39.9743,-39.9742,-39.9726,-39.9718,-39.9702,-39.9701,-14.5707,-14.3829,-13.7557,-13.5966,-13.5541,-13.4449,-13.4238,-13.3994,-1.6517,-1.5228,-1.2898,-1.1622,-1.0897,-0.888,-0.7927,-0.6801,-0.6408,-0.4977,-0.0567,0.2078,0.2423,0.2442,0.4223,0.5573,0.6566,0.9235,1.1295,1.3546,1.467,1.6253,1.6921,2.1195,5.6096,5.9294,5.9366,6.0832,6.0864,6.2105,6.2168,6.2979,6.4064,6.4284,6.4724,6.5259,6.6153,6.6747,6.9945,7.0233,7.1265,7.1977,7.239,7.463,8.9529,9.0154,9.046,9.0939,9.2033,9.2171,9.2542,9.4374,9.7751,9.9842,11.2454,11.6844,12.1171,13.3474,14.2704,15.219,15.5972,15.9719,15.9876,16.1341,16.4968,16.8204,17.0776,17.1958,17.7319,17.9456,18.0634,18.2522,18.538,19.345,20.5277,20.5878,20.939,20.9556,21.2945,21.568,22.2145,22.4705,22.5571,22.7691,23.4382,24.0955,24.2783,25.1048,25.9872,26.2039,26.5485,26.6103,27.3764,27.7359,28.4559,28.8976,29.6327,29.8429,30.1509,30.2531,30.7151,31.5401,31.8368,31.9893,32.0882,32.7101,33.044,33.2766,33.5008,33.5567,34.2395,34.36,34.4829,34.7325
4.5344794650411515,-48.7407,-48.7375,-48.733,-48.7323,-48.7301,-48.7255,-48.7225,-48.7183,-48.7101,-48.7021,-48.675,-48.6735,-39.9744,-39.9742,-39.9726,-39.9719,-39.9702,-39.9701,-14.5546,-14.3983,-13.752,-13.5988,-13.5583,-13.4512,-13.419,-13.3975,-1.6282,-1.5365,-1.272,-1.1532,-1.1093,-0.8947,-0.7615,-0.6623,-0.6503,-0.4968,-0.0621,0.19,0.23,0.2392,0.4235,0.5451,0.6686,0.9376,1.0982,1.3818,1.4134,1.61,1.7334,2.1194,5.6123,5.9061,5.9587,6.0835,6.0982,6.2092,6.2158,6.2956,6.4047,6.4212,6.48,6.5254,6.5945,6.648,6.9881,7.0165,7.1357,7.1972,7.2471,7.4572,8.9559,9.0251,9.0417,9.095,9.2057,9.218,9.2819,9.4304,9.7776,9.9803,11.3091,11.6627,12.1355,13.3236,14.2521,15.1428,15.6502,16.0227,16.1094,16.1434,16.4974,16.7765,17.0255,17.2442,17.6745,17.9447,18.1048,18.2282,18.605,19.3161,20.5758,20.5928,20.8739,20.8967,21.1891,21.4858,22.2649,22.4858,22.5611,22.7865,23.4745,24.007,24.1444,24.9797,26.0719,26.3398,26.5731,26.7146,27.4359,27.7844,28.4591,28.8448,29.491,29.8809,30.0628,30.377,30.6775,31.7182,31.9763,32.0149,32.0928,32.7259,32.9925,33.2542,33.4037,33.5634,34.2195,34.3664,34.4382,34.4524
4.992269310661685,-48.7407,-48.7375,-48.733,-48.7323,-48.7301,-48.7255,-48.7225,-48.7183,-48.7101,-48.7021,-48.675,-48.6735,-39.9744,-39.9742,-39.9726,-39.9719,-39.9702,-39.9701,-14.5546,-14.3983,-13.752,-13.5988,-13.5583,-13.4512,-13.419,-13.3975,-1.6282,-1.5365,-1.272,-1.1532,-1.1093,-0.8947,-0.7615,-0.6623,-0.6503,-0.4968,-0.0621,0.19,0.23,0.2392,0.4235,0.5451,0.6686,0.9376,1.0982,1.3818,1.4134,1.61,1.7334,2.1194,5.6123,5.9061,5.9587,6.0835,6.0982,6.2092,6.2158,6.2956,6.4047,6.4212,6.48,6.5254,6.5945,6.648,6.9881,7.0165,7.1357,7.1972,7.2471,7.4572,8.9559,9.0251,9.0417,9.095,9.2057,9.218,9.2819,9.4304,9.7776,9.9803,11.3091,11.6627,12.1355,13.3236,14.2521,15.1428,15.6502,16.0227,16.1094,16.1434,16.4974,16.7765,17.0255,17.2442,17.6745,17.9447,18.1048,18.2282,18.605,19.3161,20.5758,20.5928,20.8739,20.8967,21.1891,21.4858,22.2649,22.4858,22.5611,22.7865,23.4745,24.007,24.1444,24.9797,26.0719,26.3398,26.5731,26.7146,27.4359,27.7844,28.4591,28.8448,29.491,29.8809,30.0628,30.377,30.6775,31.7182,31.9763,32.0149,32.0928,32.7259,32.9923,33.2554,33.4078,33.5595,34.2367,34.3887,34.4588,34.5951
5.025307446986846,-48.7407,-48.7379,-48.7328,-48.7325,-48.7292,-48.7248,-48.723,-48.7188,-48.7093,-48.7032,-48.6749,-48.6737,-39.9743,-39.9742,-39.9725,-39.9719,-39.9702,-39.9701,-14.5359,-14.417,-13.7412,-13.602,-13.5647,-13.4639,-13.4113,-13.3946,-1.6085,-1.5493,-1.249,-1.1693,-1.1191,-0.9386,-0.7091,-0.6415,-0.6183,-0.4915,-0.0603,0.1608,0.2117,0.2339,0.429,0.5269,0.6905,0.9615,1.0462,1.3284,1.4176,1.5833,1.8084,2.1199,5.6139,5.8526,5.9928,6.0888,6.1182,6.1964,6.2259,6.2885,6.4016,6.4091,6.4929,6.5243,6.5691,6.6109,6.9793,7.0037,7.1492,7.1988,7.2718,7.4478,8.9597,9.0306,9.0372,9.0945,9.2096,9.2212,9.3201,9.4201,9.7938,9.974,11.3604,11.6073,12.2419,13.2789,14.2163,14.9883,15.7077,16.0953,16.1331,16.3498,16.514,16.728,16.9376,17.3214,17.577,17.9576,18.0505,18.2849,18.7243,19.2797,20.5782,20.6234,20.7431,20.9087,21.0146,21.4151,22.3489,22.5174,22.5583,22.8289,23.5196,23.8683,23.8964,24.7778,26.2088,26.5783,26.618,26.9076,27.5035,27.7734,28.5905,28.7754,29.2538,29.9247,29.9338,30.5057,30.6029,31.9405,32.0622,32.1731,32.2502,32.7449,32.9242,33.0364,33.3861,33.57,34.1452,34.2972,34.3419,34.5438
5.058345583312008,-48.7406,-48.7384,-48.7326,-48.7325,-48.7284,-48.7241,-48.7234,-48.7193,-48.7086,-48.7042,-48.6748,-48.6738,-39.9743,-39.9742,-39.9724,-39.972,-39.9702,-39.9701,-14.5203,-14.4336,-13.7272,-13.605,-13.5705,-13.4785,-13.4044,-13.392,-1.5967,-1.5612,-1.2305,-1.1807,-1.1293,-0.9901,-0.6562,-0.6176,-0.5825,-0.4846,-0.0512,0.1323,0.1951,0.225,0.4382,0.5129,0.7124,0.9839,0.9958,1.2734,1.4235,1.5561,1.8816,2.1208,5.6149,5.8,6.0227,6.0932,6.1343,6.1846,6.234,6.2799,6.3985,6.3988,6.5046,6.5205,6.5522,6.5791,6.9712,6.9901,7.1626,7.2007,7.2997,7.4389,8.9631,9.0191,9.0476,9.0928,9.2141,9.224,9.3495,9.4125,9.8172,9.9679,11.3858,11.5551,12.3742,13.2355,14.1808,14.8224,15.7743,16.0857,16.2324,16.5278,16.5433,16.6878,16.851,17.4022,17.4886,17.9684,18.0061,18.3162,18.828,19.2502,20.5901,20.6106,20.6919,20.8467,20.9223,21.3609,22.4283,22.552,22.5608,22.8749,23.5131,23.648,23.7869,24.5809,26.3354,26.6544,26.8126,27.1032,27.5682,27.7743,28.7058,28.7294,29.0317,29.8034,29.9531,30.3777,30.7745,32.1225,32.1664,32.2781,32.4145,32.7736,32.8541,32.863,33.3673,33.5805,34.0307,34.2031,34.2481,34.4186
5.091383719637169,-48.7406,-48.739,-48.7324,-48.7323,-48.7276,-48.7238,-48.7234,-48.7198,-48.7081,-48.7051,-48.6747,-48.6739,-39.9743,-39.9743,-39.9724,-39.9721,-39.9701,-39.9701,-14.5076,-14.4478,-13.7104,-13.6075,-13.5755,-13.4949,-13.3985,-13.3898,-1.5916,-1.572,-1.2158,-1.1867,-1.1391,-1.04,-0.6044,-0.5895,-0.5551,-0.4768,-0.0361,0.1056,0.1803,0.2119,0.4501,0.5039,0.7342,0.9482,1.0037,1.2195,1.4303,1.5297,1.9494,2.1218,5.6156,5.7504,6.0484,6.0971,6.1451,6.1739,6.24,6.2712,6.3909,6.3957,6.5136,6.5148,6.544,6.5527,6.9638,6.9772,7.1753,7.2029,7.3281,7.4306,8.9664,9.008,9.0561,9.0899,9.2186,9.2264,9.3703,9.4074,9.8456,9.9621,11.3948,11.5075,12.5218,13.1952,14.1477,14.6543,15.8426,16.08,16.3171,16.5394,16.6398,16.736,16.7678,17.4111,17.4871,17.9733,17.9771,18.3158,18.9177,19.2284,20.4812,20.6311,20.6383,20.8314,20.9317,21.3207,22.4981,22.5692,22.5855,22.9247,23.4062,23.44,23.7783,24.3938,26.4494,26.6827,27.0381,27.2936,27.6268,27.7849,28.6366,28.8321,28.8695,29.6771,29.9655,30.2422,30.9615,32.1171,32.3137,32.3412,32.5783,32.7559,32.8269,32.8403,33.3487,33.5941,33.9033,34.1354,34.1544,34.2333
5.12442185596233,-48.7406,-48.7395,-48.7322,-48.7321,-48.7268,-48.7242,-48.7229,-48.7203,-48.7078,-48.7058,-48.6745,-48.674,-39.9743,-39.9743,-39.9723,-39.9721,-39.9701,-39.9701,-14.4975,-14.4596,-13.6912,-13.6096,-13.5797,-13.513,-13.3935,-13.3879,-1.591,-1.5811,-1.2045,-1.1886,-1.1481,-1.084,-0.5625,-0.5559,-0.5352,-0.4687,-0.0174,0.0817,0.1674,0.1951,0.4636,0.4998,0.7553,0.9047,1.0204,1.1686,1.4376,1.5054,2.009,2.1229,5.6161,5.706,6.0695,6.1004,6.1503,6.1646,6.2441,6.2637,6.3861,6.3933,6.506,6.5235,6.5317,6.541,6.9573,6.9659,7.1867,7.205,7.3545,7.4234,8.9696,8.9979,9.0628,9.0861,9.223,9.2284,9.3843,9.4042,9.8757,9.9569,11.395,11.4655,12.6747,13.1595,14.1188,14.4896,15.9093,16.0774,16.3854,16.5487,16.6144,16.6898,16.8935,17.3455,17.5762,17.952,17.9838,18.2843,18.9972,19.2136,20.3604,20.483,20.6971,20.9113,20.9684,21.2929,22.5549,22.5834,22.6137,22.9764,23.178,23.3422,23.8012,24.2232,26.5482,26.704,27.2494,27.4703,27.677,27.8008,28.5677,28.662,29.0042,29.5606,29.9631,30.125,31.1448,32.0268,32.2884,32.395,32.7336,32.7678,32.9052,32.9122,33.332,33.6098,33.7874,34.0288,34.1778,34.3424
5.1574599922874915,-48.7406,-48.7399,-48.732,-48.732,-48.7261,-48.7244,-48.7225,-48.7208,-48.7075,-48.7064,-48.6744,-48.6741,-39.9743,-39.9743,-39.9723,-39.9722,-39.9701,-39.9701,-14.4901,-14.4688,-13.6704,-13.6112,-13.5831,-13.5326,-13.3896,-13.3865,-1.593,-1.5886,-1.1962,-1.188,-1.1555,-1.1197,-0.5394,-0.5218,-0.5132,-0.4611,0.0019,0.0617,0.157,0.1765,0.4776,0.4992,0.7754,0.867,1.0336,1.1229,1.4445,1.4846,2.0582,2.1238,5.6166,5.6688,6.0861,6.1032,6.1509,6.1569,6.2466,6.2576,6.3847,6.3913,6.5001,6.5154,6.5303,6.5399,6.952,6.9567,7.1963,7.2069,7.3771,7.4173,8.9728,8.9896,9.068,9.0819,9.2267,9.23,9.393,9.4026,9.9038,9.9526,11.3914,11.4307,12.8233,13.1299,14.095,14.3345,15.9715,16.0769,16.4369,16.5556,16.5917,16.6191,17.0294,17.293,17.6689,17.9401,17.9887,18.2269,19.0688,19.2039,20.2548,20.3365,20.7776,20.9274,21.0742,21.2762,22.5975,22.6022,22.6332,22.9729,23.0257,23.2492,23.8278,24.077,26.6289,26.7195,27.44,27.6236,27.7167,27.8164,28.4998,28.528,29.1254,29.4595,29.9495,30.0313,31.3202,31.8975,32.2314,32.3426,32.8486,32.8718,32.9964,33.0525,33.3163,33.6241,33.6553,33.9038,34.1117,34.2139
5.190498128612653,-48.7406,-48.7403,-48.7319,-48.7318,-48.7255,-48.7247,-48.7221,-48.7213,-48.7073,-48.7069,-48.6743,-48.6742,-39.9743,-39.9743,-39.9722,-39.9722,-39.9701,-39.9701,-14.4849,-14.4755,-13.6486,-13.6124,-13.5855,-13.5533,-13.3868,-13.3855,-1.5957,-1.594,-1.1905,-1.1867,-1.1611,-1.1456,-0.5219,-0.5133,-0.4793,-0.4549,0.0186,0.0465,0.1492,0.1594,0.4903,0.5005,0.7931,0.8372,1.043,1.0853,1.4501,1.4687,2.0949,2.1246,5.617,5.6408,6.098,6.1055,6.1489,6.151,6.248,6.2529,6.3858,6.3898,6.4963,6.5035,6.5353,6.5395,6.948,6.9501,7.2036,7.2084,7.3943,7.4127,8.9754,8.9832,9.0715,9.078,9.2296,9.2312,9.3982,9.4019,9.9266,9.9494,11.3871,11.4045,12.9555,13.1077,14.0775,14.1989,16.0253,16.0774,16.4728,16.5594,16.5598,16.5751,17.1339,17.2544,17.7645,17.9349,17.992,18.1509,19.1309,19.1978,20.1717,20.2141,20.856,20.9313,21.1763,21.2699,22.6224,22.6264,22.643,22.804,23.0668,23.173,23.8494,23.9638,26.6888,26.73,27.6012,27.7416,27.745,27.8268,28.4347,28.436,29.2236,29.3802,29.9309,29.9635,31.4811,31.7785,32.1708,32.2495,32.9519,32.9828,33.0928,33.1866,33.3004,33.5323,33.6372,33.7925,34.1296,34.155
5.223536264937814,-48.7406,-48.7405,-48.7318,-48.7318,-48.725,-48.7248,-48.7219,-48.7217,-48.7072,-48.7071,-48.6742,-48.6742,-39.9743,-39.9743,-39.9722,-39.9722,-39.9701,-39.9701,-14.4819,-14.4796,-13.6271,-13.6131,-13.587,-13.574,-13.3851,-13.3848,-1.5977,-1.5973,-1.1872,-1.1861,-1.1645,-1.1609,-0.5109,-0.5087,-0.4571,-0.4508,0.0298,0.037,0.1443,0.1471,0.4993,0.502,0.8061,0.8178,1.0486,1.0597,1.4538,1.4586,2.1175,2.1251,5.6172,5.6233,6.1052,6.107,6.1467,6.1471,6.2487,6.2499,6.3877,6.3889,6.4942,6.4961,6.5384,6.5394,6.9455,6.946,7.2081,7.2094,7.4051,7.4098,8.9773,8.9793,9.0736,9.0753,9.2315,9.2319,9.4009,9.4017,9.9415,9.9473,11.3838,11.3882,13.0524,13.094,14.0667,14.1004,16.064,16.0781,16.4943,16.5172,16.5615,16.5651,17.2002,17.231,17.8606,17.9333,17.994,18.0643,19.1762,19.1944,20.1183,20.1302,20.9128,20.9329,21.2477,21.2713,22.6391,22.6431,22.6457,22.6896,23.0941,23.1219,23.8631,23.8923,26.7258,26.7363,27.7194,27.762,27.812,27.8311,28.382,28.3857,29.2885,29.3292,29.9153,29.9227,31.6112,31.6969,32.1267,32.1558,33.0438,33.0569,33.1922,33.2785,33.2891,33.4096,33.6452,33.6865,34.1334,34.1449
5.256574401262975,-48.7406,-48.7406,-48.7317,-48.7317,-48.7248,-48.7248,-48.7218,-48.7218,-48.7072,-48.7072,-48.6742,-48.6742,-39.9743,-39.9743,-39.9722,-39.9722,-39.9701,-39.9701,-14.4809,-14.4809,-13.6134,-13.6134,-13.5874,-13.5874,-13.3845,-13.3845,-1.5984,-1.5984,-1.1861,-1.1861,-1.1657,-1.1657,-0.5072,-0.5072,-0.4494,-0.4493,0.0338,0.0338,0.1427,0.1427,0.5027,0.5027,0.811,0.811,1.0505,1.0505,1.4551,1.4551,2.1252,2.1252,5.6173,5.6173,6.1076,6.1076,6.1458,6.1458,6.2489,6.2489,6.3886,6.3886,6.4935,6.4935,6.5394,6.5394,6.9447,6.9447,7.2097,7.2097,7.4088,7.4088,8.978,8.978,9.0743,9.0743,9.2321,9.2321,9.4017,9.4017,9.9467,9.9467,11.3827,11.3827,13.0893,13.0893,14.0631,14.0631,16.0785,16.0785,16.5016,16.5016,16.5618,16.5618,17.2231,17.2231,17.933,17.933,17.9946,17.9946,19.1934,19.1934,20.0998,20.0998,20.9334,20.9334,21.2734,21.2734,22.6458,22.6458,22.6486,22.6486,23.1037,23.1037,23.8678,23.8678,26.7384,26.7384,27.7676,27.7676,27.8318,27.8318,28.3654,28.3654,29.3116,29.3116,29.9092,29.9092,31.668,31.668,32.1106,32.1107,33.0834,33.0836,33.2843,33.2878,33.311,33.3143,33.6425,33.6667,34.1399,34.3155
