Distance,0,1,2,3,4,5,6,7,8,9,10,11,12,13,14,15,16,17,18,19,20,21,22,23,24,25,26,27,28,29,30,31,32,33,34,35,36,37,38,39,40,41,42,43,44,45,46,47,48,49,50,51,52,53,54,55,56,57,58,59,60,61,62,63,64,65,66,67,68,69,70,71,72,73,74,75,76,77,78,79,80,81,82,83,84,85,86,87,88,89,90,91,92,93,94,95,96,97,98,99,100,101,102,103,104,105,106,107,108,109,110,111,112,113,114,115,116,117,118,119,120,121,122,123,124,125,126,127,128,129,130,131,132,133,134,135,136,137,138,139
0.0,-53.7315,-53.7315,-53.7315,-53.728,-53.728,-53.7104,-53.7103,-53.7103,-53.7027,-53.6481,-53.6481,-53.6481,-44.8977,-44.8977,-44.8977,-44.8952,-44.8952,-44.8952,-15.7118,-14.4459,-14.4333,-14.4333,-14.4333,-14.0528,-14.0528,-14.0528,-5.4777,-5.017,-5.017,-4.6127,-4.6127,-4.6127,-4.4781,-4.478,-4.478,-3.7188,-3.7188,-3.7188,-3.6056,-3.6056,-2.9982,-2.9982,-2.9982,-2.9507,-2.9507,-2.9507,-2.1288,-2.1288,-2.0747,-1.0075,-1.0075,-1.0075,-0.6246,-0.4936,-0.4936,-0.4936,0.4394,0.4394,0.4394,0.8473,0.8473,0.9474,0.9474,0.9474,0.9561,0.9561,0.9561,1.6803,1.6803,3.3892,3.3892,3.3892,3.5747,3.5747,3.5747,3.7269,3.7269,3.8163,3.8163,3.8163,6.6558,11.1656,11.1656,11.1656,11.3369,11.3369,11.3369,11.6514,13.6867,15.3567,15.3567,15.3567,15.9066,15.9066,15.9795,15.9795,17.6823,17.9333,19.4229,19.4229,19.4229,20.1819,20.1819,20.1819,21.1646,21.1646,22.0652,22.0652,22.0652,22.5005,22.5005,22.5005,22.5178,22.5178,22.5178,23.5607,23.5607,23.5607,23.8391,27.5939,27.5939,27.5939,27.9988,27.9988,27.9989,28.2313,28.2553,28.2553,28.2553,28.5047,28.5047,29.5484,29.5484,31.3688,31.3688,31.3688,32.0739,32.0739,32.0751,33.0671
0.03250294228321044,-53.7315,-53.7315,-53.7315,-53.728,-53.728,-53.7104,-53.7104,-53.7104,-53.7026,-53.6482,-53.6481,-53.6481,-44.8977,-44.8977,-44.8977,-44.8952,-44.8952,-44.8952,-15.7101,-14.4512,-14.4328,-14.4328,-14.4291,-14.0535,-14.0532,-14.0532,-5.4754,-5.0164,-5.0161,-4.6116,-4.6107,-4.6107,-4.4781,-4.4775,-4.4775,-3.7231,-3.7189,-3.7189,-3.6061,-3.6058,-3.0039,-2.9993,-2.9993,-2.96,-2.952,-2.952,-2.1214,-2.1192,-2.0693,-1.0106,-1.0106,-1.0072,-0.626,-0.4928,-0.4897,-0.4897,0.4385,0.4385,0.4432,0.8295,0.8298,0.9476,0.9476,0.9583,0.9583,0.9634,0.9699,1.6794,1.6815,3.3841,3.3841,3.3899,3.5631,3.5729,3.5729,3.7265,3.7285,3.8097,3.818,3.818,6.6664,11.1507,11.1508,11.1508,11.3408,11.3627,11.3627,11.6731,13.692,15.3509,15.3569,15.3569,15.9042,15.9056,15.9793,15.9813,17.6827,17.9323,19.4194,19.4205,19.4205,20.1639,20.1639,20.1874,21.1318,21.1676,22.0541,22.0541,22.0729,22.453,22.4989,22.4989,22.5096,22.5096,22.5246,23.5785,23.5941,23.5941,23.9146,27.57,27.57,27.5943,27.8406,28.0217,28.0217,28.2354,28.251,28.251,28.2548,28.5041,28.5737,29.5376,29.5937,31.3684,31.3733,31.3734,32.0918,32.0963,32.1028,33.0639
0.06500588456642088,-53.7315,-53.7314,-53.7314,-53.728,-53.7279,-53.7104,-53.7104,-53.7104,-53.7024,-53.6484,-53.6481,-53.6481,-44.8977,-44.8977,-44.8976,-44.8952,-44.8952,-44.8952,-15.7055,-14.4613,-14.4316,-14.4316,-14.4227,-14.0559,-14.0546,-14.0546,-5.4684,-5.0144,-5.0131,-4.6086,-4.6049,-4.6049,-4.4782,-4.4758,-4.4758,-3.7359,-3.7192,-3.7192,-3.6078,-3.6065,-3.0204,-3.0028,-3.0028,-2.9867,-2.9559,-2.9559,-2.0998,-2.0916,-2.0537,-1.0196,-1.0196,-1.0064,-0.6304,-0.4902,-0.4782,-0.4782,0.4358,0.4358,0.4543,0.7907,0.7916,0.9448,0.9448,0.9679,0.9679,0.9957,0.9978,1.6766,1.6852,3.3691,3.3691,3.3921,3.5312,3.5677,3.5677,3.725,3.7305,3.7902,3.8228,3.8228,6.6979,11.1124,11.1221,11.1221,11.3524,11.4245,11.4245,11.7318,13.7077,15.3337,15.3576,15.3576,15.8968,15.9027,15.9784,15.9857,17.6838,17.9288,19.4088,19.4116,19.4116,20.1136,20.1136,20.2036,21.0391,21.1767,22.0212,22.0212,22.096,22.3256,22.4853,22.4853,22.4943,22.4943,22.545,23.6538,23.6905,23.6905,24.0977,27.5093,27.5093,27.5239,27.5952,28.0712,28.0712,28.1759,28.2458,28.2458,28.2981,28.5017,28.6559,29.5055,29.7238,31.3677,31.3873,31.3873,32.1438,32.1447,32.1678,33.0435
0.09750882684963133,-53.7314,-53.7313,-53.7313,-53.728,-53.7278,-53.7105,-53.7105,-53.7105,-53.7021,-53.6487,-53.6482,-53.6482,-44.8977,-44.8977,-44.8976,-44.8952,-44.8952,-44.8952,-15.698,-14.4735,-14.4296,-14.4296,-14.4166,-14.0599,-14.057,-14.057,-5.457,-5.0111,-5.0083,-4.6036,-4.5955,-4.5955,-4.4783,-4.473,-4.473,-3.7565,-3.7198,-3.7198,-3.6105,-3.6076,-3.0463,-3.028,-3.0089,-3.0089,-2.9619,-2.9619,-2.0656,-2.0483,-2.0287,-1.0336,-1.0336,-1.0049,-0.6377,-0.486,-0.4602,-0.4602,0.4315,0.4315,0.4724,0.7424,0.7468,0.9387,0.9387,0.9853,0.9853,1.0279,1.0313,1.6721,1.6914,3.3447,3.3447,3.3958,3.4844,3.5595,3.5595,3.7227,3.7281,3.758,3.8297,3.8297,6.7495,11.0619,11.0953,11.0953,11.3715,11.5061,11.5061,11.8156,13.7339,15.3051,15.3587,15.3587,15.8845,15.8979,15.9767,15.9933,17.6857,17.9236,19.3904,19.3904,19.3909,20.0423,20.0423,20.2306,20.8998,21.1917,21.9691,21.9691,22.1342,22.1494,22.4467,22.4467,22.4864,22.4864,22.5793,23.7929,23.841,23.841,24.3369,27.1508,27.4273,27.4273,27.5974,28.0801,28.0948,28.0948,28.2786,28.2786,28.3578,28.4959,28.682,29.456,29.9133,31.3676,31.411,31.411,32.2255,32.2376,32.2742,33.2001
0.13001176913284176,-53.7314,-53.7311,-53.7311,-53.728,-53.7276,-53.7107,-53.7106,-53.7106,-53.7017,-53.6491,-53.6483,-53.6483,-44.8977,-44.8977,-44.8976,-44.8952,-44.8952,-44.8952,-15.6876,-14.4876,-14.4269,-14.4269,-14.4113,-14.0655,-14.0604,-14.0604,-5.4412,-5.0065,-5.0015,-4.5969,-4.5827,-4.5827,-4.4786,-4.4687,-4.4687,-3.7838,-3.7204,-3.7204,-3.6143,-3.6092,-3.0802,-3.0795,-3.0179,-3.0179,-2.9699,-2.9699,-2.0207,-1.9992,-1.989,-1.0517,-1.0517,-1.0025,-0.6478,-0.4801,-0.437,-0.437,0.4259,0.4259,0.497,0.6889,0.6986,0.9307,0.9307,1.0092,1.0092,1.0566,1.0667,1.6658,1.7,3.3118,3.3118,3.4008,3.4263,3.5487,3.5487,3.7137,3.7186,3.7194,3.8377,3.8377,6.8202,11.0069,11.0755,11.0755,11.3976,11.6017,11.6017,11.9157,13.7707,15.2661,15.3605,15.3605,15.8673,15.8915,15.9742,16.0041,17.6883,17.9172,19.3463,19.3463,19.3655,19.9675,19.9675,20.268,20.7279,21.2126,21.8994,21.8994,21.9491,22.1871,22.3968,22.3968,22.4757,22.4757,22.6271,23.9804,24.0347,24.0347,24.6073,26.749,27.3323,27.3323,27.602,27.9525,28.0635,28.0635,28.3726,28.3726,28.4192,28.484,28.6799,29.3947,30.1269,31.3696,31.4446,31.4446,32.3306,32.3335,32.4044,32.7683
0.16251471141605223,-53.7314,-53.7309,-53.7309,-53.728,-53.7275,-53.7109,-53.7107,-53.7107,-53.7012,-53.6497,-53.6483,-53.6483,-44.8977,-44.8977,-44.8976,-44.8953,-44.8951,-44.8951,-15.6742,-14.5035,-14.4234,-14.4234,-14.4065,-14.0726,-14.0647,-14.0647,-5.4213,-5.0005,-4.9928,-4.5886,-4.5672,-4.5672,-4.479,-4.4627,-4.4627,-3.8167,-3.7209,-3.7209,-3.619,-3.6114,-3.1403,-3.1181,-3.0301,-3.0301,-2.9791,-2.9791,-1.9672,-1.9606,-1.9221,-1.0727,-1.0727,-0.9988,-0.6607,-0.4727,-0.4098,-0.4098,0.4193,0.4193,0.5273,0.6319,0.6479,0.9218,0.9218,1.0385,1.0385,1.083,1.1008,1.658,1.7112,3.2713,3.2713,3.3592,3.407,3.5358,3.5358,3.658,3.701,3.7154,3.8456,3.8456,6.9087,10.9514,11.0645,11.0645,11.4301,11.7091,11.7091,12.0268,13.8185,15.2177,15.3634,15.3634,15.8454,15.8837,15.9712,16.0187,17.692,17.9104,19.2668,19.2668,19.3325,19.9085,19.9085,20.3155,20.5345,21.2393,21.7392,21.8136,21.8136,22.2544,22.3387,22.3387,22.4628,22.4628,22.6888,24.2006,24.262,24.262,24.8968,26.3305,27.228,27.228,27.6111,27.7984,28.0046,28.0047,28.4345,28.4621,28.5012,28.5012,28.7171,29.3298,30.3394,31.3752,31.4874,31.4874,32.4518,32.5249,32.5647,33.0829
0.19501765369926266,-53.7313,-53.7306,-53.7306,-53.728,-53.7272,-53.7111,-53.7109,-53.7109,-53.7005,-53.6504,-53.6484,-53.6484,-44.8977,-44.8977,-44.8976,-44.8953,-44.8951,-44.8951,-15.658,-14.5213,-14.4192,-14.4192,-14.4022,-14.081,-14.0699,-14.0699,-5.3975,-4.993,-4.9823,-4.5791,-4.5499,-4.5499,-4.4797,-4.4542,-4.4542,-3.8539,-3.7212,-3.7212,-3.6246,-3.6142,-3.2056,-3.1603,-3.0458,-3.0458,-2.9893,-2.9893,-1.9195,-1.9067,-1.8451,-1.0957,-1.0957,-0.9933,-0.6763,-0.4638,-0.3799,-0.3799,0.4116,0.4116,0.5625,0.5726,0.5954,0.9133,0.9133,1.0723,1.0723,1.1069,1.133,1.6487,1.725,3.2238,3.2238,3.2843,3.4144,3.5211,3.5211,3.5918,3.6752,3.7106,3.8527,3.8527,7.0131,10.8972,11.0624,11.0624,11.4685,11.8272,11.8272,12.1454,13.8772,15.1607,15.3677,15.3677,15.819,15.8749,15.9674,16.0379,17.6969,17.9043,19.1466,19.1466,19.2918,19.8765,19.8765,20.3275,20.3725,21.2716,21.5272,21.7125,21.7125,22.2757,22.2757,22.3353,22.4478,22.4478,22.7642,24.4421,24.5146,24.5146,25.1983,25.9023,27.1163,27.1163,27.623,27.628,27.9332,27.9332,28.3809,28.4252,28.6514,28.6514,28.8289,29.2704,30.5377,31.3852,31.538,31.538,32.331,32.576,32.5916,32.739
0.2275205959824731,-53.7312,-53.7303,-53.7303,-53.728,-53.727,-53.7113,-53.7111,-53.7111,-53.6998,-53.6512,-53.6485,-53.6485,-44.8977,-44.8977,-44.8975,-44.8953,-44.8951,-44.8951,-15.6391,-14.5408,-14.4142,-14.4142,-14.3982,-14.0906,-14.076,-14.076,-5.3702,-4.9839,-4.97,-4.5689,-4.5322,-4.5322,-4.4806,-4.4421,-4.4421,-3.894,-3.721,-3.721,-3.6311,-3.6177,-3.2739,-3.2047,-3.0649,-3.0649,-3.0003,-3.0003,-1.8763,-1.8406,-1.7605,-1.1197,-1.1197,-0.9852,-0.6947,-0.4536,-0.3486,-0.3486,0.4028,0.4028,0.5121,0.5411,0.6013,0.9067,0.9067,1.1099,1.1099,1.1281,1.1634,1.6382,1.7414,3.1701,3.1701,3.2028,3.4227,3.5051,3.5051,3.5162,3.6417,3.7052,3.8583,3.8583,7.132,10.8447,11.0688,11.0688,11.5121,11.9551,11.9551,12.2688,13.9472,15.0968,15.3739,15.3739,15.7883,15.8654,15.9629,16.0625,17.7036,17.8997,18.9916,18.9916,19.2438,19.869,19.869,20.1117,20.4387,21.3091,21.3171,21.5979,21.5979,22.2106,22.2106,22.429,22.4312,22.4313,22.8528,24.696,24.7855,24.7855,25.4694,25.5065,26.9987,26.9987,27.431,27.6566,27.8556,27.8557,28.2937,28.3685,28.8193,28.8193,28.9871,29.2254,30.7164,31.3986,31.5943,31.5943,32.0672,32.6905,32.7413,32.9484
0.26002353826568353,-53.7312,-53.7299,-53.7299,-53.7281,-53.7267,-53.7116,-53.7113,-53.7113,-53.6989,-53.6522,-53.6487,-53.6487,-44.8978,-44.8978,-44.8975,-44.8954,-44.8951,-44.8951,-15.6176,-14.5624,-14.4086,-14.4086,-14.3944,-14.1015,-14.083,-14.083,-5.3399,-4.9732,-4.956,-4.5586,-4.516,-4.516,-4.4818,-4.4251,-4.4251,-3.9357,-3.7202,-3.7202,-3.6382,-3.622,-3.3438,-3.2502,-3.0873,-3.0873,-3.0121,-3.0121,-1.8321,-1.7702,-1.6702,-1.1444,-1.1444,-0.9733,-0.7158,-0.4424,-0.3169,-0.3169,0.3924,0.3924,0.4517,0.4852,0.6427,0.9035,0.9035,1.1468,1.1504,1.1504,1.1916,1.6265,1.7607,3.1107,3.1107,3.1151,3.4319,3.4323,3.4881,3.4881,3.6015,3.6992,3.8619,3.8619,7.2633,10.7937,11.0832,11.0832,11.5602,12.0922,12.0922,12.3943,14.0283,15.0275,15.3821,15.3821,15.7534,15.8556,15.9576,16.0933,17.7122,17.8971,18.8125,18.8126,19.1886,19.8773,19.8773,19.8907,20.5135,21.1113,21.3517,21.4726,21.4726,22.1449,22.1449,22.4134,22.4134,22.5345,22.9531,24.9548,25.036,25.0684,25.0684,25.8165,26.8765,26.8765,27.2266,27.7033,27.7767,27.7767,28.1935,28.2905,29.0035,29.0035,29.1741,29.2007,30.8729,31.4048,31.6536,31.6537,31.796,32.7866,32.8564,33.1255
0.29252648054889396,-53.7311,-53.7296,-53.7295,-53.7281,-53.7264,-53.712,-53.7116,-53.7116,-53.6979,-53.6532,-53.6488,-53.6488,-44.8978,-44.8978,-44.8974,-44.8954,-44.8951,-44.8951,-15.5935,-14.5858,-14.4022,-14.4022,-14.3908,-14.1133,-14.0907,-14.0907,-5.3069,-4.9605,-4.9404,-4.549,-4.5026,-4.5026,-4.4835,-4.4019,-4.4019,-3.9775,-3.7186,-3.7186,-3.646,-3.6271,-3.414,-3.2959,-3.1125,-3.1125,-3.0248,-3.0248,-1.7877,-1.6963,-1.5763,-1.169,-1.169,-0.9563,-0.7396,-0.4308,-0.2855,-0.2855,0.3799,0.3799,0.3929,0.4278,0.6852,0.9054,0.9054,1.163,1.1932,1.1932,1.2177,1.6139,1.7827,3.0218,3.0461,3.0461,3.3417,3.4419,3.4703,3.4703,3.5554,3.6929,3.8636,3.8636,7.4054,10.7438,11.1046,11.1046,11.6121,12.2378,12.2378,12.5193,14.1208,14.9547,15.3929,15.393,15.7148,15.8458,15.9516,16.1316,17.7233,17.8973,18.6183,18.6183,19.1272,19.6667,19.8924,19.8924,20.5962,20.911,21.3416,21.3416,21.399,22.0798,22.0798,22.3947,22.3947,22.6508,23.0621,24.6078,25.2106,25.3563,25.3563,26.1235,26.7524,26.7524,27.0136,27.7017,27.7017,27.7765,28.0892,28.1941,29.1978,29.203,29.203,29.383,31.0076,31.3287,31.6009,31.7134,31.7135,32.8443,32.871,33.0308
0.32502942283210445,-53.731,-53.7291,-53.7291,-53.7281,-53.726,-53.7123,-53.7119,-53.7119,-53.6968,-53.6543,-53.6489,-53.6489,-44.8978,-44.8978,-44.8974,-44.8955,-44.895,-44.895,-15.5669,-14.6112,-14.3951,-14.3951,-14.3871,-14.1259,-14.099,-14.099,-5.2718,-4.9458,-4.9232,-4.5412,-4.4922,-4.4922,-4.4857,-4.373,-4.373,-4.0181,-3.7159,-3.7159,-3.6542,-3.6333,-3.4835,-3.3412,-3.1402,-3.1402,-3.0385,-3.0385,-1.7438,-1.6195,-1.4813,-1.1933,-1.1933,-0.9318,-0.7661,-0.4199,-0.2552,-0.2552,0.3376,0.365,0.365,0.3688,0.7274,0.9139,0.9139,1.1766,1.2375,1.2375,1.2417,1.6006,1.8076,2.9236,2.9768,2.9768,3.2457,3.452,3.452,3.4523,3.5045,3.6861,3.8631,3.8631,7.5566,10.6941,11.132,11.132,11.6674,12.3914,12.3914,12.6404,14.2247,14.8812,15.4069,15.4069,15.6728,15.8363,15.9449,16.1784,17.7377,17.9007,18.4152,18.4152,19.0607,19.4414,19.9059,19.9059,20.6861,20.717,21.2117,21.2117,21.4504,22.0162,22.0162,22.3756,22.3756,22.7765,23.1702,24.1959,25.4543,25.6397,25.6397,26.4228,26.6298,26.6298,26.7951,27.6375,27.6375,27.8861,27.9853,28.0853,29.2149,29.4169,29.4169,29.6098,31.076,31.1217,31.5834,31.7712,31.7714,32.7959,32.8829,32.9106
0.3575323651153149,-53.7309,-53.7287,-53.7287,-53.7282,-53.7256,-53.7127,-53.7122,-53.7122,-53.6956,-53.6556,-53.6491,-53.6491,-44.8978,-44.8978,-44.8973,-44.8955,-44.895,-44.895,-15.5381,-14.6384,-14.3874,-14.3874,-14.3833,-14.1392,-14.1081,-14.1081,-5.2352,-4.9286,-4.9046,-4.5364,-4.4886,-4.4843,-4.4843,-4.3393,-4.3393,-4.0559,-3.7119,-3.7119,-3.6627,-3.6405,-3.5513,-3.3853,-3.1701,-3.1701,-3.0532,-3.0532,-1.7007,-1.5404,-1.3887,-1.217,-1.217,-0.8967,-0.7951,-0.411,-0.2265,-0.2265,0.2879,0.3083,0.3473,0.3473,0.768,0.9299,0.9299,1.1876,1.2637,1.2826,1.2826,1.5867,1.8354,2.8211,2.9033,2.9033,3.1462,3.4336,3.4336,3.4497,3.4632,3.6792,3.8607,3.8607,7.715,10.6438,11.1643,11.1643,11.7256,12.5522,12.5522,12.7542,14.3395,14.8097,15.4237,15.4237,15.6277,15.8276,15.9378,16.2348,17.7556,17.907,18.2072,18.2072,18.9904,19.2163,19.9087,19.9087,20.5297,20.7826,21.0918,21.0918,21.5053,21.9542,21.9542,22.3562,22.3562,22.91,23.2344,23.8442,25.6754,25.9008,25.9008,26.5175,26.5175,26.5737,26.712,27.5941,27.5941,27.8844,27.9713,28.0415,29.2487,29.6438,29.6438,29.8512,30.77,31.2157,31.6263,31.8247,31.8251,32.542,32.6912,33.0197
0.3900353223498791,-53.7308,-53.7282,-53.7282,-53.7282,-53.7252,-53.7132,-53.7125,-53.7125,-53.6944,-53.6569,-53.6492,-53.6492,-44.8979,-44.8979,-44.8973,-44.8956,-44.895,-44.895,-15.5073,-14.6674,-14.3793,-14.3792,-14.3792,-14.153,-14.1179,-14.1179,-5.1977,-4.9086,-4.8846,-4.5362,-4.4923,-4.4781,-4.4781,-4.3021,-4.3021,-4.0896,-3.7067,-3.7067,-3.6713,-3.6489,-3.6164,-3.428,-3.2017,-3.2017,-3.0689,-3.0689,-1.6588,-1.4596,-1.3029,-1.2397,-1.2397,-0.8472,-0.8265,-0.406,-0.1997,-0.1997,0.2462,0.2465,0.3269,0.3269,0.8057,0.954,0.954,1.1956,1.2837,1.3281,1.3281,1.5725,1.8659,2.7152,2.826,2.826,3.045,3.3918,3.4152,3.4152,3.4744,3.672,3.8564,3.8564,7.8792,10.5919,11.2002,11.2002,11.7863,12.7194,12.7194,12.856,14.4652,14.7439,15.4434,15.4434,15.58,15.8197,15.9297,16.3016,17.7776,17.9157,17.9974,17.9974,18.9183,18.9927,19.8911,19.8911,20.3493,20.8845,20.9925,20.9925,21.5629,21.8942,21.8942,22.3371,22.3371,23.0487,23.0949,23.7132,25.8632,26.0904,26.0904,26.3516,26.449,26.449,26.9928,27.588,27.588,27.788,27.8589,28.2462,29.2965,29.8823,29.8823,30.1037,30.4586,31.2906,31.6882,31.8727,31.875,32.1524,32.4079,32.9028
0.4225382646330895,-53.7307,-53.7283,-53.7277,-53.7277,-53.7247,-53.7136,-53.7129,-53.7129,-53.693,-53.6584,-53.6494,-53.6494,-44.8979,-44.8979,-44.8972,-44.8957,-44.895,-44.895,-15.4744,-14.6982,-14.375,-14.3703,-14.3703,-14.1672,-14.1281,-14.1281,-5.1601,-4.8854,-4.8635,-4.5419,-4.4971,-4.4731,-4.4731,-4.2624,-4.2624,-4.1184,-3.6999,-3.6999,-3.6799,-3.6779,-3.6585,-3.4686,-3.2346,-3.2346,-3.0856,-3.0856,-1.6181,-1.3774,-1.2613,-1.2613,-1.2277,-0.8602,-0.7798,-0.4072,-0.1749,-0.1749,0.1826,0.216,0.3042,0.3042,0.8391,0.9861,0.9861,1.2001,1.3019,1.3734,1.3734,1.5581,1.8985,2.6073,2.7454,2.7454,2.9444,3.3314,3.3972,3.3972,3.4856,3.6647,3.8507,3.8507,8.0474,10.5374,11.2384,11.2384,11.8495,12.8922,12.8922,12.9413,14.6012,14.688,15.4657,15.4657,15.53,15.813,15.9211,16.3793,17.7883,17.7883,17.8043,17.9261,18.7728,18.8466,19.845,19.845,20.1761,20.9236,20.9236,20.991,21.6222,21.8365,21.8365,22.3185,22.3185,22.7517,23.191,23.8039,26.0106,26.1129,26.1129,26.1314,26.4973,26.4973,27.2707,27.6437,27.6437,27.698,27.755,28.4936,29.3561,30.1307,30.1307,30.1582,30.3638,31.3471,31.7263,31.7622,31.9154,31.9172,32.189,32.9019
0.45504120691629996,-53.7306,-53.7284,-53.7272,-53.7272,-53.7242,-53.7141,-53.7133,-53.7133,-53.6915,-53.6599,-53.6495,-53.6495,-44.8979,-44.8979,-44.8971,-44.8957,-44.895,-44.8949,-15.4397,-14.7307,-14.3703,-14.3609,-14.3609,-14.1816,-14.1389,-14.1389,-5.123,-4.8586,-4.8413,-4.5544,-4.5029,-4.4692,-4.4692,-4.221,-4.221,-4.1423,-3.7343,-3.6918,-3.6918,-3.6883,-3.6696,-3.5069,-3.2686,-3.2686,-3.1031,-3.1031,-1.5787,-1.2942,-1.2815,-1.2815,-1.1643,-0.896,-0.6937,-0.4166,-0.1523,-0.1523,0.1173,0.1987,0.2797,0.2797,0.8672,1.0257,1.0257,1.2003,1.3185,1.418,1.418,1.5436,1.9322,2.4989,2.6622,2.6622,2.847,3.2691,3.3796,3.3796,3.4969,3.6574,3.8438,3.8438,8.2183,10.4792,11.2776,11.2776,11.9149,13.005,13.0696,13.0696,14.6464,14.7471,15.478,15.4895,15.4895,15.8076,15.9119,16.4675,17.5822,17.5822,17.8343,17.9362,18.5602,18.7783,19.7673,19.7673,20.0103,20.8894,20.8894,21.1009,21.6821,21.7812,21.7812,22.3009,22.3009,22.3606,23.3341,23.9606,25.9147,26.0275,26.0275,26.1165,26.5834,26.5834,27.5495,27.6151,27.6655,27.7817,27.7817,28.7605,29.426,29.8907,30.3862,30.3862,30.6271,31.3066,31.3851,31.8459,31.954,31.955,31.9827,32.9268
0.4875441491995104,-53.7305,-53.7285,-53.7267,-53.7267,-53.7237,-53.7146,-53.7136,-53.7136,-53.69,-53.6615,-53.6497,-53.6496,-44.8979,-44.8979,-44.8971,-44.8958,-44.8949,-44.8949,-15.4034,-14.7648,-14.3651,-14.351,-14.351,-14.1961,-14.15,-14.15,-5.0869,-4.8278,-4.8183,-4.5736,-4.5102,-4.466,-4.466,-4.1786,-4.1786,-4.1631,-3.7838,-3.6961,-3.6823,-3.6823,-3.6821,-3.5425,-3.3031,-3.3031,-3.1213,-3.1213,-1.5407,-1.3002,-1.3002,-1.2102,-1.1112,-0.9334,-0.5914,-0.4352,-0.1315,-0.1315,0.0504,0.1954,0.2541,0.2541,0.8891,1.0717,1.0717,1.1953,1.3336,1.4617,1.4617,1.5292,1.9654,2.3923,2.5768,2.5768,2.7563,3.2055,3.3629,3.3629,3.5081,3.6499,3.8362,3.8362,8.3903,10.4163,11.3165,11.3165,11.9828,13.0431,13.2503,13.2503,14.6228,14.9022,15.4243,15.5136,15.5136,15.8038,15.9023,16.5649,17.3816,17.3816,17.8612,17.9435,18.3654,18.7174,19.6633,19.6633,19.8519,20.887,20.887,21.2129,21.7286,21.7286,21.7411,21.9636,22.2846,22.2846,23.4755,24.1418,25.7034,25.9204,25.9204,26.1851,26.6264,26.6264,27.5407,27.5963,27.8238,27.9982,27.9982,28.983,29.5052,29.7208,30.6448,30.6448,30.8879,30.8976,31.4051,31.7833,31.9446,31.9922,31.994,32.8572
0.5200470914827209,-53.7303,-53.7286,-53.7262,-53.7262,-53.7232,-53.7151,-53.714,-53.714,-53.6884,-53.6631,-53.6498,-53.6498,-44.898,-44.898,-44.897,-44.8959,-44.8949,-44.8949,-15.3657,-14.8003,-14.3595,-14.3408,-14.3408,-14.2106,-14.1615,-14.1615,-5.0522,-4.7945,-4.7929,-4.5986,-4.5189,-4.4634,-4.4634,-4.1836,-4.1362,-4.1362,-3.8243,-3.7032,-3.696,-3.6716,-3.6716,-3.5752,-3.3378,-3.3378,-3.1398,-3.1398,-1.5037,-1.3172,-1.3172,-1.1258,-1.0648,-0.9723,-0.4773,-0.4626,-0.1125,-0.1125,-0.0181,0.2052,0.2282,0.2282,0.9043,1.1226,1.1226,1.1834,1.3475,1.5042,1.5042,1.5151,1.9952,2.2904,2.49,2.49,2.6766,3.1408,3.3471,3.3471,3.5192,3.6425,3.8283,3.8283,8.5619,10.3478,11.354,11.354,12.0531,13.0537,13.4327,13.4327,14.6191,15.0656,15.3694,15.5353,15.5353,15.8014,15.8924,16.668,17.1895,17.1896,17.8564,17.9439,18.2215,18.6686,19.5425,19.5425,19.701,20.9083,20.9083,21.3251,21.5711,21.6785,21.6785,21.7974,22.2696,22.2696,23.6124,24.3367,25.4994,25.8126,25.8126,26.2226,26.6304,26.6304,27.4754,27.5527,28.0687,28.2688,28.2688,29.035,29.5929,29.7914,30.5016,30.9002,30.9002,31.1352,31.4092,31.5899,32.0353,32.0403,32.0651,32.7879
0.5525500337659314,-53.7302,-53.7287,-53.7257,-53.7257,-53.7227,-53.7157,-53.7144,-53.7144,-53.6867,-53.6648,-53.6499,-53.6499,-44.898,-44.898,-44.8969,-44.896,-44.8949,-44.8949,-15.3268,-14.8373,-14.3533,-14.3301,-14.3301,-14.2249,-14.1732,-14.1732,-5.0189,-4.7703,-4.7541,-4.628,-4.5292,-4.4615,-4.4615,-4.2076,-4.0945,-4.0945,-3.8534,-3.7114,-3.7093,-3.6601,-3.6601,-3.6047,-3.372,-3.372,-3.1583,-3.1583,-1.4676,-1.3323,-1.3323,-1.0413,-1.022,-1.0122,-0.4973,-0.3558,-0.0951,-0.0951,-0.0884,0.2027,0.2027,0.2254,0.9127,1.1631,1.1766,1.1766,1.3604,1.5013,1.5458,1.5458,2.0177,2.1965,2.4026,2.4026,2.6134,3.0754,3.3327,3.3327,3.5299,3.635,3.8204,3.8204,8.7319,10.2726,11.3888,11.3888,12.126,13.0375,13.6148,13.6148,14.6348,15.234,15.316,15.5512,15.5512,15.8005,15.8822,16.7703,17.0102,17.0102,17.766,17.9332,18.1902,18.637,19.4158,19.4158,19.5577,20.9449,20.9449,21.1872,21.4356,21.6313,21.6313,21.849,22.2564,22.2564,23.7424,24.5411,25.3044,25.7109,25.7109,26.2342,26.6135,26.6135,27.4206,27.54,28.2112,28.5689,28.5689,29.0173,29.6887,30.0655,30.1204,31.1416,31.1416,31.3075,31.4028,31.4489,32.0924,32.0959,32.1715,32.6474
0.5850529760491417,-53.7301,-53.7288,-53.7252,-53.7252,-53.7221,-53.7162,-53.7148,-53.7148,-53.685,-53.6666,-53.65,-53.65,-44.898,-44.898,-44.8968,-44.896,-44.8949,-44.8949,-15.2869,-14.8754,-14.3463,-14.3193,-14.3193,-14.2388,-14.185,-14.185,-4.9868,-4.7458,-4.7116,-4.6603,-4.5414,-4.46,-4.46,-4.2378,-4.0546,-4.0546,-3.87,-3.7282,-3.7141,-3.6483,-3.6483,-3.6308,-3.4051,-3.4051,-3.1761,-3.1761,-1.4321,-1.3454,-1.3454,-1.0527,-0.9806,-0.9568,-0.5372,-0.2311,-0.1603,-0.079,-0.079,0.1784,0.1784,0.2523,0.9146,1.1328,1.2314,1.2314,1.3724,1.4879,1.5869,1.587,2.0283,2.1144,2.3154,2.3154,2.5725,3.0097,3.3199,3.3199,3.5404,3.6275,3.813,3.813,8.8989,10.1901,11.42,11.42,12.2017,12.9981,13.7935,13.7935,14.667,15.2514,15.4193,15.5571,15.5571,15.8012,15.8721,16.8487,16.8487,16.8591,17.6204,17.9081,18.2558,18.6267,19.2922,19.2922,19.4223,20.8146,20.9898,20.9898,21.5423,21.587,21.587,21.8935,22.2453,22.2453,23.8641,24.752,25.1203,25.6191,25.6191,26.2227,26.5883,26.5883,27.3776,27.5626,28.17,28.8818,28.8818,29.1433,29.7559,29.7922,30.4024,31.2222,31.2902,31.3522,31.3522,31.6248,32.1759,32.2385,32.2843,32.4652
0.6175559183323522,-53.7299,-53.7289,-53.7248,-53.7248,-53.7215,-53.7168,-53.7151,-53.7151,-53.6832,-53.6684,-53.6501,-53.6501,-44.898,-44.898,-44.8968,-44.8961,-44.8949,-44.8949,-15.2461,-14.9146,-14.3387,-14.3084,-14.3084,-14.2524,-14.1967,-14.1967,-4.9554,-4.7213,-4.6941,-4.6661,-4.5553,-4.4588,-4.4588,-4.275,-4.0178,-4.0178,-3.8749,-3.7463,-3.7174,-3.6534,-3.6367,-3.6367,-3.436,-3.436,-3.1926,-3.1926,-1.3968,-1.3563,-1.3563,-1.0934,-0.9392,-0.8727,-0.5806,-0.2338,-0.1071,-0.0644,-0.0644,0.1559,0.1559,0.2811,0.9111,1.0922,1.2838,1.2838,1.3838,1.4749,1.6286,1.6286,2.0246,2.0476,2.2297,2.2297,2.5579,2.9441,3.3089,3.3089,3.5506,3.6198,3.8064,3.8064,9.0616,10.0994,11.4468,11.4468,12.2803,12.9404,13.9647,13.9647,14.7118,15.1934,15.5484,15.5484,15.6028,15.8034,15.8618,16.7114,16.7114,16.9058,17.492,17.8678,18.3733,18.6392,19.1796,19.1796,19.2949,20.4554,21.0374,21.0374,21.5459,21.5459,21.6424,21.9283,22.2361,22.2361,23.9775,24.9484,24.9661,25.5397,25.5397,26.1877,26.562,26.562,27.3485,27.6235,28.0143,29.1948,29.1948,29.3868,29.4098,29.9032,30.7495,31.0482,31.2086,31.5123,31.5125,31.7942,32.207,32.2268,32.3467,32.4132
0.6500588606155626,-53.7298,-53.729,-53.7245,-53.7244,-53.721,-53.7174,-53.7154,-53.7154,-53.6814,-53.6702,-53.6501,-53.6501,-44.898,-44.898,-44.8967,-44.8962,-44.8949,-44.8948,-15.2047,-14.9548,-14.3304,-14.2977,-14.2977,-14.2655,-14.2081,-14.2081,-4.9245,-4.7285,-4.6971,-4.6181,-4.571,-4.4581,-4.4581,-4.318,-3.9857,-3.9857,-3.8704,-3.7654,-3.7189,-3.6724,-3.6261,-3.6261,-3.4634,-3.4634,-3.2069,-3.2069,-1.3649,-1.3649,-1.3614,-1.1339,-0.8971,-0.7891,-0.626,-0.309,-0.0513,-0.0513,0.0118,0.1361,0.1361,0.3059,0.9046,1.0433,1.3304,1.3304,1.3949,1.4624,1.6718,1.6718,1.9985,2.0089,2.1473,2.1473,2.5683,2.8789,3.3001,3.3001,3.5604,3.6121,3.8009,3.8009,9.2189,10.0002,11.4683,11.4683,12.3616,12.8694,14.1216,14.1216,14.765,15.1334,15.5227,15.5227,15.7923,15.807,15.852,16.6042,16.6042,16.8669,17.4381,17.8139,18.5294,18.6728,19.0845,19.0845,19.1758,20.1119,21.0832,21.0832,21.5087,21.5087,21.733,21.9507,22.229,22.229,24.0839,24.7902,25.1796,25.4753,25.4753,26.1269,26.5387,26.5387,27.3358,27.7243,27.8347,29.0844,29.4948,29.4948,29.6702,30.0216,30.8808,31.0822,31.0878,31.6152,31.6153,31.9097,31.9943,32.0166,32.5085,32.5694
0.6825618028987731,-53.7297,-53.7291,-53.7242,-53.7242,-53.7204,-53.718,-53.7156,-53.7156,-53.6796,-53.6721,-53.6502,-53.6502,-44.898,-44.898,-44.8966,-44.8963,-44.8948,-44.8948,-15.1629,-14.9957,-14.3214,-14.2877,-14.2877,-14.2781,-14.2185,-14.2185,-4.8934,-4.7628,-4.6733,-4.5886,-4.5684,-4.4576,-4.4576,-4.3653,-3.9602,-3.9602,-3.8591,-3.7852,-3.7182,-3.688,-3.6174,-3.6174,-3.4856,-3.4856,-3.218,-3.218,-1.3711,-1.3711,-1.3256,-1.174,-0.854,-0.7063,-0.6722,-0.3857,-0.0405,-0.0405,0.1201,0.1201,0.1203,0.3192,0.8988,0.9915,1.367,1.367,1.4057,1.4504,1.7165,1.7165,1.9677,1.9876,2.0716,2.0716,2.5985,2.815,3.2936,3.2936,3.5698,3.6041,3.7968,3.7968,9.3696,9.8919,11.4841,11.4841,12.4455,12.7899,14.2538,14.2538,14.8235,15.0721,15.4847,15.4847,15.812,15.8425,15.9858,16.5301,16.5301,16.7394,17.4643,17.7495,18.7207,18.7247,19.0122,19.0122,19.0655,19.7865,21.1227,21.1227,21.4773,21.4773,21.8114,21.9581,22.224,22.224,24.1866,24.6462,25.3878,25.4277,25.4277,26.037,26.5208,26.5208,27.3433,27.6699,27.8651,28.7822,29.7628,29.7628,29.9596,30.1472,30.7202,30.9279,31.3809,31.6681,31.6682,31.779,31.7795,31.9569,32.7068,32.7306
0.7150647451819835,-53.7295,-53.7292,-53.724,-53.724,-53.7198,-53.7186,-53.7158,-53.7158,-53.6777,-53.6739,-53.6502,-53.6502,-44.898,-44.898,-44.8965,-44.8964,-44.8948,-44.8948,-15.1209,-15.037,-14.3116,-14.2899,-14.2797,-14.2797,-14.2267,-14.2267,-4.8618,-4.7966,-4.6503,-4.6077,-4.5174,-4.4573,-4.4573,-4.415,-3.9436,-3.9436,-3.8434,-3.8054,-3.715,-3.7001,-3.6117,-3.6117,-3.5003,-3.5003,-3.2252,-3.2252,-1.3749,-1.3749,-1.289,-1.2132,-0.8098,-0.7186,-0.6243,-0.4639,-0.0331,-0.0331,0.1094,0.1094,0.2112,0.3121,0.8997,0.9456,1.3903,1.3903,1.4166,1.4388,1.7578,1.7578,1.954,1.9678,2.0106,2.0106,2.6423,2.7533,3.2896,3.2896,3.5788,3.596,3.7943,3.7943,9.513,9.7745,11.4937,11.4937,12.5314,12.7053,14.3456,14.3456,14.8848,15.01,15.4485,15.4485,15.8183,15.8337,16.1816,16.4879,16.4879,16.5666,17.5283,17.6783,18.7919,18.9382,18.9671,18.9671,18.971,19.4817,21.1506,21.1506,21.4551,21.4551,21.8747,21.9486,22.2211,22.2211,24.2899,24.5161,25.3985,25.3985,25.5846,25.9152,26.5097,26.5097,27.3757,27.536,28.0442,28.506,29.9636,29.9636,30.2395,30.2799,30.5665,30.7309,31.589,31.5891,31.6278,31.7127,31.7128,31.9208,32.9129,33.0392
0.747567687465194,-53.7294,-53.7294,-53.7239,-53.7239,-53.7192,-53.7192,-53.7158,-53.7158,-53.6758,-53.6758,-53.6502,-53.6502,-44.898,-44.898,-44.8964,-44.8964,-44.8948,-44.8948,-15.0788,-15.0788,-14.3011,-14.3011,-14.2764,-14.2764,-14.23,-14.23,-4.8296,-4.8296,-4.6284,-4.6284,-4.466,-4.466,-4.4571,-4.4571,-3.9378,-3.9378,-3.8251,-3.8251,-3.7091,-3.7091,-3.6096,-3.6096,-3.5055,-3.5055,-3.2276,-3.2276,-1.3762,-1.3762,-1.2516,-1.2516,-0.7646,-0.7646,-0.5435,-0.5435,-0.0304,-0.0304,0.1056,0.1056,0.2768,0.2768,0.914,0.914,1.3983,1.3983,1.4276,1.4276,1.7774,1.7774,1.9552,1.9552,1.9842,1.9842,2.695,2.695,3.2883,3.2883,3.5876,3.5876,3.7934,3.7934,9.6481,9.6481,11.4969,11.4969,12.6185,12.6185,14.3791,14.3791,14.9474,14.9474,15.4333,15.4333,15.8255,15.8255,16.3768,16.3768,16.4744,16.4744,17.603,17.603,18.8717,18.8717,18.9517,18.9517,19.2007,19.2007,21.1609,21.1609,21.4468,21.4468,21.9208,21.9208,22.2202,22.2202,24.3983,24.3983,25.3887,25.3887,25.7628,25.7628,26.5059,26.5059,27.4383,27.4383,28.2589,28.2589,30.0423,30.0423,30.4197,30.4197,30.4994,30.4994,31.5218,31.5218,31.7186,31.7187,31.8102,31.8108,33.0436,33.1611
0.747567687465194,-53.7294,-53.7294,-53.7239,-53.7239,-53.7192,-53.7192,-53.7158,-53.7158,-53.6758,-53.6758,-53.6502,-53.6502,-44.898,-44.898,-44.8964,-44.8964,-44.8948,-44.8948,-15.0788,-15.0788,-14.3011,-14.3011,-14.2764,-14.2764,-14.23,-14.23,-4.8296,-4.8296,-4.6284,-4.6284,-4.466,-4.466,-4.4571,-4.4571,-3.9378,-3.9378,-3.8251,-3.8251,-3.7091,-3.7091,-3.6096,-3.6096,-3.5055,-3.5055,-3.2276,-3.2276,-1.3762,-1.3762,-1.2516,-1.2516,-0.7646,-0.7646,-0.5435,-0.5435,-0.0304,-0.0304,0.1056,0.1056,0.2768,0.2768,0.914,0.914,1.3983,1.3983,1.4276,1.4276,1.7774,1.7774,1.9552,1.9552,1.9842,1.9842,2.695,2.695,3.2883,3.2883,3.5876,3.5876,3.7934,3.7934,9.6481,9.6481,11.4969,11.4969,12.6185,12.6185,14.3791,14.3791,14.9474,14.9474,15.4333,15.4333,15.8255,15.8255,16.3768,16.3768,16.4744,16.4744,17.603,17.603,18.8717,18.8717,18.9517,18.9517,19.2007,19.2007,21.1609,21.1609,21.4468,21.4468,21.9208,21.9208,22.2202,22.2202,24.3983,24.3983,25.3887,25.3887,25.7628,25.7628,26.5059,26.5059,27.4383,27.4383,28.2589,28.2589,30.0423,30.0423,30.4197,30.4197,30.4994,30.4994,31.5218,31.5218,31.7186,31.7187,31.8102,31.8104,33.0557,33.1642
0.7787163361257925,-53.7294,-53.7294,-53.7239,-53.7239,-53.7192,-53.7192,-53.7158,-53.7158,-53.6758,-53.6758,-53.6502,-53.6502,-44.898,-44.898,-44.8964,-44.8964,-44.8948,-44.8948,-15.0787,-15.0787,-14.3055,-14.3055,-14.2729,-14.2729,-14.2295,-14.2295,-4.8287,-4.8287,-4.6287,-4.6287,-4.4766,-4.4766,-4.4455,-4.4455,-3.9377,-3.9377,-3.8278,-3.8278,-3.7173,-3.7173,-3.6023,-3.6023,-3.5028,-3.5028,-3.2282,-3.2282,-1.3757,-1.3757,-1.2517,-1.2517,-0.7651,-0.7651,-0.5427,-0.5427,-0.0306,-0.0306,0.105,0.105,0.2761,0.2761,0.9132,0.9132,1.3684,1.3684,1.4511,1.4511,1.7781,1.7781,1.9562,1.9562,1.9913,1.9913,2.6994,2.6994,3.2866,3.2866,3.585,3.585,3.7922,3.7922,9.6498,9.6498,11.4861,11.4861,12.632,12.632,14.3745,14.3745,14.953,14.953,15.4322,15.4322,15.819,15.819,16.3391,16.3391,16.5109,16.5109,17.5983,17.5983,18.8606,18.8606,18.9754,18.9754,19.197,19.197,21.1604,21.1604,21.451,21.451,21.922,21.922,22.2248,22.2248,24.3889,24.3889,25.3843,25.3843,25.7527,25.7527,26.5155,26.5155,27.4467,27.4467,28.2494,28.2494,30.0357,30.0357,30.4057,30.4057,30.5228,30.5229,31.5072,31.5072,31.6498,31.65,31.8742,31.875,32.9982,33.1917
0.8098649997377447,-53.7293,-53.7293,-53.724,-53.724,-53.7192,-53.7192,-53.7158,-53.7158,-53.6758,-53.6758,-53.6502,-53.6502,-44.898,-44.898,-44.8964,-44.8964,-44.8948,-44.8948,-15.0782,-15.0782,-14.3145,-14.3145,-14.2663,-14.2663,-14.2276,-14.2276,-4.8259,-4.8259,-4.6295,-4.6295,-4.4896,-4.4896,-4.429,-4.429,-3.9375,-3.9375,-3.8365,-3.8365,-3.736,-3.736,-3.5862,-3.5862,-3.495,-3.495,-3.23,-3.23,-1.3741,-1.3741,-1.252,-1.252,-0.7667,-0.7667,-0.5401,-0.5401,-0.0313,-0.0313,0.1026,0.1026,0.275,0.275,0.9105,0.9105,1.325,1.325,1.476,1.476,1.7803,1.7803,1.9591,1.9591,2.0128,2.0128,2.7125,2.7125,3.2816,3.2816,3.5773,3.5773,3.7888,3.7888,9.6549,9.6549,11.4555,11.4555,12.6705,12.6705,14.3611,14.3611,14.9694,14.9694,15.4289,15.4289,15.8006,15.8006,16.2734,16.2734,16.5731,16.5731,17.5851,17.5851,18.8397,18.8397,19.031,19.031,19.1884,19.1884,21.1578,21.1578,21.4635,21.4635,21.9263,21.9263,22.2387,22.2387,24.3605,24.3605,25.3715,25.3715,25.7265,25.7265,26.5406,26.5406,27.4718,27.4718,28.2231,28.2231,30.0182,30.0182,30.365,30.365,30.5877,30.5877,31.442,31.442,31.5825,31.5826,31.9564,31.9582,33.0121,33.1325
0.8410136483983432,-53.7293,-53.7293,-53.724,-53.724,-53.7193,-53.7193,-53.7157,-53.7157,-53.6758,-53.6758,-53.6502,-53.6502,-44.898,-44.898,-44.8964,-44.8964,-44.8948,-44.8948,-15.0774,-15.0774,-14.3249,-14.3249,-14.2601,-14.2601,-14.2241,-14.2241,-4.8212,-4.8212,-4.6309,-4.6309,-4.5021,-4.5021,-4.4108,-4.4108,-3.9373,-3.9373,-3.8517,-3.8517,-3.7568,-3.7568,-3.5684,-3.5684,-3.4822,-3.4822,-3.2329,-3.2329,-1.3715,-1.3715,-1.2526,-1.2526,-0.7697,-0.7697,-0.5354,-0.5354,-0.0326,-0.0326,0.0971,0.0971,0.2754,0.2754,0.9048,0.9048,1.2814,1.2814,1.4905,1.4905,1.7843,1.7843,1.9629,1.9629,2.0484,2.0484,2.7332,2.7332,3.2729,3.2729,3.5649,3.5649,3.7833,3.7833,9.6632,9.6632,11.4095,11.4095,12.7296,12.7296,14.3404,14.3404,14.9951,14.9951,15.423,15.423,15.7717,15.7717,16.2021,16.2021,16.6385,16.6385,17.5662,17.5662,18.816,18.816,19.0914,19.0914,19.1926,19.1926,21.1499,21.1499,21.4833,21.4833,21.935,21.935,22.2621,22.2621,24.3128,24.3128,25.3517,25.3517,25.6929,25.6929,26.5725,26.5725,27.5134,27.5134,28.1841,28.1841,29.9906,29.9906,30.304,30.304,30.6805,30.6805,31.3327,31.3327,31.5539,31.5539,32.0302,32.0316,33.0169,33.0641
0.8721622970589418,-53.7292,-53.7292,-53.7241,-53.7241,-53.7194,-53.7194,-53.7156,-53.7156,-53.6758,-53.6758,-53.6502,-53.6502,-44.898,-44.898,-44.8964,-44.8964,-44.8948,-44.8948,-15.0764,-15.0764,-14.3354,-14.3354,-14.2555,-14.2555,-14.2193,-14.2193,-4.815,-4.815,-4.6329,-4.6329,-4.514,-4.514,-4.3908,-4.3908,-3.9373,-3.9373,-3.8739,-3.8739,-3.7752,-3.7752,-3.5521,-3.5521,-3.4653,-3.4653,-3.237,-3.237,-1.3677,-1.3677,-1.2535,-1.2535,-0.7742,-0.7742,-0.5283,-0.5283,-0.0346,-0.0346,0.087,0.087,0.28,0.28,0.8946,0.8946,1.2414,1.2414,1.4942,1.4942,1.7904,1.7904,1.9665,1.9665,2.0967,2.0967,2.7603,2.7603,3.2602,3.2602,3.5484,3.5484,3.7762,3.7762,9.6743,9.6743,11.3537,11.3537,12.8037,12.8037,14.314,14.314,15.0284,15.0284,15.4142,15.4142,15.735,15.735,16.1285,16.1286,16.7038,16.7038,17.5448,17.5448,18.7903,18.7903,19.0993,19.0993,19.2636,19.2636,21.1325,21.1325,21.5087,21.5087,21.9496,21.9496,22.2955,22.2955,24.2458,24.2458,25.3272,25.3272,25.6602,25.6602,26.6021,26.6021,27.5707,27.5707,28.138,28.138,29.9436,29.9436,30.2386,30.2386,30.7825,30.7825,31.2277,31.2277,31.5354,31.5355,32.0968,32.0997,32.9578,33.4357
0.903310960670894,-53.7291,-53.7291,-53.7242,-53.7242,-53.7195,-53.7195,-53.7155,-53.7155,-53.6758,-53.6758,-53.6503,-53.6503,-44.898,-44.898,-44.8964,-44.8964,-44.8948,-44.8948,-15.0752,-15.0752,-14.3456,-14.3456,-14.2525,-14.2525,-14.2134,-14.2134,-4.8073,-4.8073,-4.6355,-4.6355,-4.5252,-4.5252,-4.3689,-4.3689,-3.9385,-3.9385,-3.9008,-3.9008,-3.7901,-3.7901,-3.5381,-3.5381,-3.4456,-3.4456,-3.2422,-3.2422,-1.3627,-1.3627,-1.255,-1.255,-0.7804,-0.7804,-0.5186,-0.5186,-0.0373,-0.0373,0.0717,0.0717,0.2909,0.2909,0.8779,0.8779,1.208,1.208,1.489,1.489,1.7982,1.7982,1.9694,1.9694,2.1548,2.1548,2.7922,2.7922,3.243,3.243,3.5288,3.5288,3.7679,3.7679,9.6876,9.6876,11.2931,11.2931,12.8872,12.8872,14.2835,14.2835,15.0675,15.0675,15.4016,15.4016,15.6935,15.6935,16.0547,16.0547,16.7674,16.7674,17.5233,17.5233,18.7636,18.7636,19.0724,19.0724,19.3811,19.3811,21.1016,21.1016,21.5367,21.5367,21.971,21.971,22.3395,22.3396,24.1605,24.1605,25.3007,25.3007,25.634,25.634,26.6231,26.6231,27.6422,27.6422,28.0908,28.0908,29.8589,29.8589,30.1933,30.1933,30.8572,30.8572,31.1687,31.1687,31.5191,31.5191,32.1572,32.1578,32.9643,33.029
0.9344596093314925,-53.729,-53.729,-53.7243,-53.7243,-53.7196,-53.7196,-53.7155,-53.7155,-53.6757,-53.6757,-53.6503,-53.6503,-44.898,-44.898,-44.8964,-44.8964,-44.8948,-44.8948,-15.0739,-15.0739,-14.3551,-14.3551,-14.2505,-14.2505,-14.2073,-14.2073,-4.7984,-4.7984,-4.6387,-4.6387,-4.5357,-4.5357,-4.3451,-4.3451,-3.949,-3.949,-3.9226,-3.9226,-3.8022,-3.8021,-3.5262,-3.5262,-3.4246,-3.4246,-3.2486,-3.2486,-1.3567,-1.3567,-1.2572,-1.2572,-0.788,-0.788,-0.5065,-0.5065,-0.0409,-0.0409,0.0522,0.0522,0.3086,0.3086,0.8533,0.8533,1.1834,1.1834,1.4778,1.4778,1.8073,1.8073,1.9713,1.9713,2.2192,2.2192,2.8271,2.8271,3.2209,3.2209,3.5072,3.5072,3.759,3.759,9.7025,9.7025,11.232,11.232,12.9756,12.9756,14.2502,14.2502,15.111,15.111,15.3847,15.3847,15.6509,15.651,15.9822,15.9822,16.828,16.828,17.5035,17.5035,18.7371,18.7371,19.0365,19.0365,19.5171,19.5171,21.0546,21.0546,21.5643,21.5643,21.9987,21.9987,22.3952,22.3953,24.0592,24.0592,25.2752,25.2752,25.6166,25.6166,26.6322,26.6322,27.7258,27.7258,28.0479,28.0479,29.7332,29.7332,30.1786,30.1786,30.8516,30.8516,31.203,31.203,31.5052,31.5052,32.2107,32.2112,32.9945,33.0519
0.965608257992091,-53.7289,-53.7289,-53.7244,-53.7244,-53.7197,-53.7197,-53.7154,-53.7154,-53.6757,-53.6757,-53.6503,-53.6503,-44.898,-44.898,-44.8964,-44.8964,-44.8948,-44.8948,-15.0725,-15.0725,-14.3636,-14.3636,-14.2492,-14.2492,-14.2013,-14.2013,-4.7887,-4.7887,-4.6426,-4.6426,-4.5453,-4.5453,-4.3192,-4.3192,-3.9787,-3.9787,-3.9275,-3.9275,-3.812,-3.812,-3.5162,-3.5162,-3.4034,-3.4034,-3.256,-3.256,-1.3495,-1.3495,-1.2602,-1.2602,-0.7965,-0.7965,-0.4924,-0.4924,-0.0459,-0.0459,0.0307,0.0307,0.3325,0.3325,0.8209,0.8209,1.1679,1.1679,1.4632,1.4632,1.8169,1.8169,1.972,1.972,2.2862,2.2862,2.8634,2.8634,3.1938,3.1938,3.485,3.485,3.7501,3.7501,9.7182,9.7182,11.1738,11.1738,13.0644,13.0644,14.2155,14.2155,15.1576,15.1576,15.3632,15.3632,15.6103,15.6103,15.9133,15.9133,16.8842,16.8842,17.4862,17.4862,18.7124,18.7124,18.9983,18.9983,19.6633,19.6634,20.9905,20.9905,21.589,21.589,22.0304,22.0304,22.463,22.463,23.9458,23.9458,25.2528,25.2528,25.6079,25.6079,26.6295,26.6295,27.8176,27.8176,28.0141,28.0141,29.5818,29.5818,30.1866,30.1866,30.7904,30.7904,31.2936,31.2936,31.4984,31.4984,32.2551,32.2558,33.0542,33.3903
0.9967569216040433,-53.7288,-53.7288,-53.7245,-53.7245,-53.7198,-53.7198,-53.7153,-53.7153,-53.6757,-53.6757,-53.6503,-53.6503,-44.898,-44.898,-44.8964,-44.8964,-44.8948,-44.8948,-15.0713,-15.0713,-14.3709,-14.3709,-14.2484,-14.2484,-14.1962,-14.1962,-4.7787,-4.7787,-4.6472,-4.6472,-4.5536,-4.5536,-4.2914,-4.2914,-4.0146,-4.0146,-3.9274,-3.9274,-3.8201,-3.8201,-3.508,-3.508,-3.3828,-3.3828,-3.2647,-3.2647,-1.3416,-1.3416,-1.2641,-1.2641,-0.8052,-0.8052,-0.4773,-0.4773,-0.0528,-0.0528,0.0105,0.0105,0.3614,0.3614,0.7826,0.7826,1.1601,1.1601,1.4477,1.4477,1.8262,1.8262,1.9719,1.9719,2.3521,2.3521,2.8993,2.8993,3.1623,3.1623,3.4637,3.4637,3.7418,3.7418,9.7335,9.7335,11.1216,11.1216,13.1492,13.1492,14.1805,14.1805,15.2059,15.2059,15.3385,15.3385,15.5731,15.5731,15.85,15.8501,16.934,16.934,17.4716,17.4716,18.6908,18.6908,18.9611,18.9611,19.8153,19.8153,20.9091,20.9091,21.6093,21.6093,22.0623,22.0623,22.5417,22.5417,23.8255,23.8255,25.2345,25.2345,25.6063,25.6063,26.6173,26.6173,27.9035,27.9035,28.0016,28.0016,29.4207,29.4207,30.2088,30.2088,30.717,30.717,31.3734,31.3734,31.5137,31.5137,32.2885,32.2913,33.0949,33.3567
1.0279055702646418,-53.7286,-53.7286,-53.7246,-53.7246,-53.7199,-53.7199,-53.7152,-53.7152,-53.6757,-53.6757,-53.6503,-53.6503,-44.898,-44.898,-44.8964,-44.8964,-44.8948,-44.8948,-15.0703,-15.0703,-14.3768,-14.3768,-14.2479,-14.2479,-14.1919,-14.1919,-4.7691,-4.7691,-4.6522,-4.6522,-4.5603,-4.5603,-4.2617,-4.2617,-4.0518,-4.0518,-3.9265,-3.9265,-3.8265,-3.8265,-3.5015,-3.5015,-3.3632,-3.3632,-3.2746,-3.2746,-1.3333,-1.3333,-1.2688,-1.2688,-0.8131,-0.8131,-0.4626,-0.4626,-0.0622,-0.0622,-0.0053,-0.0053,0.3934,0.3934,0.7415,0.7415,1.1576,1.1576,1.4331,1.4331,1.8344,1.8344,1.9712,1.9712,2.4125,2.4125,2.9336,2.9336,3.1276,3.1276,3.4447,3.4447,3.7346,3.7346,9.7472,9.7472,11.0779,11.0779,13.2251,13.2251,14.1473,14.1473,15.2528,15.2528,15.3153,15.3153,15.5388,15.5388,15.7956,15.7956,16.9759,16.9759,17.46,17.46,18.6734,18.6734,18.9281,18.9281,19.9692,19.9693,20.8117,20.8117,21.625,21.625,22.0909,22.0909,22.6274,22.6274,23.7053,23.7053,25.2209,25.2209,25.6094,25.6094,26.6001,26.6001,27.9326,27.9326,28.0569,28.0569,29.2631,29.2631,30.24,30.24,30.6455,30.6455,31.4048,31.4048,31.5682,31.5683,32.3104,32.3113,33.1731,33.4777
1.0590542189252403,-53.7286,-53.7286,-53.7247,-53.7247,-53.72,-53.72,-53.7152,-53.7152,-53.6757,-53.6756,-53.6503,-53.6503,-44.898,-44.898,-44.8964,-44.8964,-44.8948,-44.8948,-15.0694,-15.0694,-14.3811,-14.3811,-14.2476,-14.2476,-14.1887,-14.1887,-4.7608,-4.7608,-4.657,-4.657,-4.5653,-4.5653,-4.2301,-4.2301,-4.0892,-4.0892,-3.9256,-3.9256,-3.8313,-3.8313,-3.4969,-3.4969,-3.3449,-3.3449,-3.2858,-3.2858,-1.3253,-1.3253,-1.2739,-1.2739,-0.8195,-0.8195,-0.4499,-0.4499,-0.073,-0.073,-0.0153,-0.0153,0.4254,0.4254,0.702,0.702,1.158,1.158,1.4213,1.4213,1.8408,1.8408,1.9702,1.9702,2.4623,2.4623,2.9653,2.9653,3.0919,3.0919,3.4296,3.4296,3.7291,3.7291,9.7582,9.7582,11.045,11.045,13.2864,13.2864,14.1189,14.1189,15.2753,15.2753,15.3195,15.3195,15.5049,15.5049,15.7533,15.7533,17.0078,17.0078,17.4515,17.4515,18.6609,18.6609,18.902,18.902,20.1213,20.1214,20.7008,20.7008,21.636,21.636,22.1132,22.1132,22.7117,22.7117,23.5956,23.5956,25.2115,25.2115,25.6146,25.6146,26.5827,26.5827,27.9273,27.9273,28.1486,28.1486,29.1222,29.1222,30.2758,30.2758,30.5814,30.5814,31.4089,31.4089,31.6314,31.6314,32.3224,32.323,33.2666,33.3806
1.0902028825371928,-53.7285,-53.7285,-53.7247,-53.7247,-53.72,-53.72,-53.7152,-53.7152,-53.6756,-53.6756,-53.6503,-53.6503,-44.898,-44.898,-44.8964,-44.8964,-44.8948,-44.8948,-15.0689,-15.0689,-14.3837,-14.3837,-14.2474,-14.2474,-14.1868,-14.1868,-4.7549,-4.7549,-4.6607,-4.6607,-4.5683,-4.5683,-4.1968,-4.1968,-4.1261,-4.1261,-3.9249,-3.9249,-3.8342,-3.8342,-3.4941,-3.4941,-3.328,-3.328,-3.2983,-3.2983,-1.3189,-1.3189,-1.2784,-1.2784,-0.8236,-0.8236,-0.4412,-0.4412,-0.0817,-0.0817,-0.0203,-0.0203,0.4518,0.4518,0.6707,0.6707,1.1591,1.1591,1.4135,1.4135,1.845,1.845,1.9694,1.9694,2.4959,2.4959,2.9947,2.9947,3.0578,3.0578,3.4197,3.4197,3.7257,3.7257,9.7653,9.7653,11.0245,11.0245,13.3269,13.3269,14.0992,14.0992,15.2656,15.2656,15.3596,15.3596,15.4702,15.4702,15.7265,15.7265,17.0278,17.0278,17.4462,17.4462,18.6535,18.6535,18.8851,18.8851,20.265,20.265,20.5821,20.5821,21.6425,21.6425,22.1273,22.1273,22.7787,22.7787,23.5131,23.5131,25.206,25.206,25.619,25.619,26.5699,26.5699,27.9216,27.9216,28.2255,28.2255,29.0177,29.0177,30.3091,30.3091,30.5312,30.5312,31.4076,31.4076,31.6753,31.6753,32.3273,32.3275,33.3895,33.6019
1.1213515311977913,-53.7285,-53.7285,-53.7248,-53.7248,-53.72,-53.72,-53.7152,-53.7152,-53.6756,-53.6756,-53.6503,-53.6503,-44.898,-44.898,-44.8964,-44.8964,-44.8948,-44.8948,-15.0687,-15.0687,-14.3846,-14.3846,-14.2473,-14.2473,-14.1861,-14.1861,-4.7528,-4.7528,-4.6621,-4.6621,-4.5693,-4.5693,-4.1628,-4.1628,-4.1613,-4.1613,-3.9246,-3.9246,-3.8352,-3.8352,-3.4931,-3.4931,-3.314,-3.314,-3.3108,-3.3108,-1.3163,-1.3163,-1.2804,-1.2804,-0.8251,-0.8251,-0.4381,-0.4381,-0.0851,-0.0851,-0.0219,-0.0219,0.4628,0.4628,0.658,0.6581,1.1596,1.1596,1.4108,1.4108,1.8464,1.8464,1.9692,1.9692,2.5079,2.5079,3.018,3.018,3.0324,3.0324,3.4163,3.4163,3.7245,3.7245,9.7677,9.7677,11.0175,11.0175,13.3411,13.3411,14.092,14.092,15.2608,15.2608,15.3852,15.3852,15.448,15.448,15.7174,15.7174,17.0347,17.0347,17.4444,17.4444,18.651,18.651,18.8793,18.8793,20.3567,20.3567,20.4988,20.4988,21.6446,21.6446,22.1322,22.1322,22.8056,22.8056,23.481,23.481,25.2043,25.2043,25.6208,25.6208,26.5653,26.5653,27.9197,27.9197,28.2568,28.2568,28.9772,28.9772,30.3246,30.3246,30.5102,30.5102,31.4068,31.4068,31.6908,31.6908,32.3287,32.3292,33.4035,33.7619
1.1213515311977913,-53.7285,-53.7285,-53.7248,-53.7248,-53.72,-53.72,-53.7152,-53.7152,-53.6756,-53.6756,-53.6503,-53.6503,-44.898,-44.898,-44.8964,-44.8964,-44.8948,-44.8948,-15.0687,-15.0687,-14.3846,-14.3846,-14.2473,-14.2473,-14.1861,-14.1861,-4.7528,-4.7528,-4.6621,-4.6621,-4.5693,-4.5693,-4.1628,-4.1628,-4.1613,-4.1613,-3.9246,-3.9246,-3.8352,-3.8352,-3.4931,-3.4931,-3.314,-3.314,-3.3108,-3.3108,-1.3163,-1.3163,-1.2804,-1.2804,-0.8251,-0.8251,-0.4381,-0.4381,-0.0851,-0.0851,-0.0219,-0.0219,0.4628,0.4628,0.658,0.6581,1.1596,1.1596,1.4108,1.4108,1.8464,1.8464,1.9692,1.9692,2.5079,2.5079,3.018,3.018,3.0324,3.0324,3.4163,3.4163,3.7245,3.7245,9.7677,9.7677,11.0175,11.0175,13.3411,13.3411,14.092,14.092,15.2608,15.2608,15.3852,15.3852,15.448,15.448,15.7174,15.7174,17.0347,17.0347,17.4444,17.4444,18.651,18.651,18.8793,18.8793,20.3567,20.3567,20.4988,20.4988,21.6446,21.6446,22.1322,22.1322,22.8056,22.8056,23.481,23.481,25.2043,25.2043,25.6208,25.6208,26.5653,26.5653,27.9197,27.9197,28.2568,28.2568,28.9772,28.9772,30.3246,30.3246,30.5102,30.5102,31.4068,31.4068,31.6908,31.6908,32.3286,32.3289,33.3672,33.5191
1.1543896675229528,-53.7285,-53.7285,-53.7249,-53.7245,-53.7203,-53.7197,-53.7154,-53.7149,-53.6765,-53.6748,-53.6504,-53.6503,-44.898,-44.898,-44.8965,-44.8964,-44.8948,-44.8948,-15.0875,-15.0503,-14.3876,-14.3805,-14.255,-14.2398,-14.1871,-14.1855,-4.766,-4.7413,-4.6748,-4.6482,-4.5893,-4.5482,-4.1979,-4.1779,-4.1424,-4.1282,-3.9291,-3.9218,-3.8471,-3.8249,-3.4943,-3.49,-3.3259,-3.3234,-3.317,-3.2834,-1.3198,-1.3174,-1.2898,-1.2665,-0.8526,-0.7955,-0.4774,-0.4029,-0.0907,-0.0865,-0.0413,0.0085,0.4442,0.4669,0.6433,0.6872,1.1393,1.1679,1.4099,1.4216,1.8278,1.8711,1.9525,1.9871,2.4956,2.5063,2.9868,3.0156,3.0436,3.0594,3.401,3.4345,3.7096,3.7417,9.7248,9.8033,10.9625,11.0826,13.3271,13.3319,14.083,14.115,15.1811,15.2854,15.3333,15.3927,15.4714,15.5213,15.6823,15.7649,16.9749,17.0775,17.3899,17.4964,18.5849,18.721,18.8512,18.9369,20.2874,20.3096,20.5304,20.5837,21.5808,21.7005,22.0763,22.181,22.7425,22.8528,23.4755,23.5246,25.1006,25.2972,25.5236,25.685,26.4858,26.6934,27.7883,28.0523,28.1658,28.2985,28.9807,29.0338,30.1583,30.3719,30.458,30.625,31.3968,31.4429,31.6515,31.7348,32.302,32.365,33.3484,33.6089
1.1874278038481143,-53.7287,-53.7284,-53.7251,-53.7243,-53.7206,-53.7194,-53.7157,-53.7146,-53.6772,-53.6741,-53.6504,-53.6502,-44.898,-44.898,-44.8965,-44.8963,-44.8948,-44.8948,-15.1041,-15.0346,-14.3906,-14.3747,-14.2624,-14.2327,-14.1882,-14.1857,-4.779,-4.7329,-4.6848,-4.6352,-4.6074,-4.5269,-4.232,-4.1918,-4.1221,-4.0955,-3.9355,-3.9198,-3.8589,-3.8186,-3.4925,-3.4853,-3.3391,-3.3339,-3.3221,-3.2558,-1.3298,-1.3185,-1.292,-1.2542,-0.8737,-0.768,-0.5164,-0.3762,-0.1046,-0.0911,-0.0377,0.0354,0.4181,0.4569,0.6411,0.7255,1.117,1.1556,1.4077,1.4528,1.8183,1.8995,1.935,2.0073,2.4615,2.501,2.9568,3.0032,3.0543,3.103,3.3927,3.4495,3.6931,3.7651,9.6859,9.8227,10.9107,11.163,13.2789,13.3143,14.1132,14.1275,15.0996,15.2191,15.3092,15.4032,15.4821,15.6583,15.6704,15.8172,16.9193,17.0795,17.3356,17.5425,18.5297,18.8037,18.8628,18.995,20.176,20.23,20.5946,20.7113,21.4981,21.7593,22.0121,22.2282,22.6598,22.899,23.5103,23.5893,24.9874,25.3751,25.3763,25.7416,26.4759,26.8416,27.6615,28.0082,28.1733,28.3487,29.0719,29.0869,29.9709,30.23,30.5696,30.6837,31.4356,31.4878,31.632,31.7528,32.2851,32.4094,33.2445,33.4999
1.2204659401732758,-53.7288,-53.7284,-53.7251,-53.7241,-53.7209,-53.7191,-53.716,-53.7144,-53.6779,-53.6734,-53.6504,-53.6501,-44.898,-44.898,-44.8966,-44.8963,-44.8949,-44.8948,-15.1184,-15.0217,-14.3932,-14.3674,-14.2698,-14.2262,-14.1894,-14.1864,-4.7914,-4.7268,-4.6918,-4.6238,-4.6236,-4.5054,-4.2641,-4.2036,-4.1017,-4.0645,-3.9428,-3.9188,-3.8708,-3.8164,-3.4872,-3.4791,-3.3521,-3.3455,-3.3262,-3.2306,-1.3399,-1.3198,-1.2941,-1.2436,-0.8874,-0.7436,-0.5542,-0.358,-0.1257,-0.0835,-0.0246,0.0548,0.3933,0.4351,0.6492,0.765,1.094,1.1303,1.405,1.495,1.8189,1.9185,1.9301,2.028,2.4118,2.4908,2.9357,2.9871,3.0566,3.1537,3.3927,3.4582,3.6752,3.7926,9.6518,9.8303,10.8636,11.2534,13.1968,13.3029,14.1318,14.1731,15.0279,15.1251,15.3038,15.4086,15.479,15.6798,15.8014,15.8746,16.8699,17.0399,17.2824,17.5829,18.4972,18.8865,18.8987,19.0571,20.0647,20.1497,20.6614,20.8381,21.403,21.8135,21.9457,22.2751,22.5759,22.9418,23.5712,23.6667,24.8684,25.1979,25.4348,25.7961,26.5139,27.0041,27.5406,27.8369,28.2455,28.4351,29.1357,29.199,29.7879,30.089,30.6512,30.69,31.5097,31.5347,31.645,31.7334,32.2718,32.4654,33.1605,33.5741
1.2535040764984373,-53.729,-53.7284,-53.7252,-53.7238,-53.7212,-53.7188,-53.7162,-53.7142,-53.6784,-53.6729,-53.6505,-53.6501,-44.8981,-44.898,-44.8966,-44.8962,-44.8949,-44.8948,-15.1302,-15.0114,-14.3956,-14.3591,-14.277,-14.2202,-14.1909,-14.1877,-4.8027,-4.7224,-4.6958,-4.6379,-4.6142,-4.4838,-4.294,-4.2133,-4.082,-4.0358,-3.9498,-3.919,-3.8831,-3.8175,-3.4785,-3.4718,-3.3647,-3.3583,-3.3296,-3.2087,-1.3478,-1.3209,-1.2985,-1.2347,-0.894,-0.7227,-0.5894,-0.347,-0.1434,-0.0689,-0.0088,0.0648,0.3737,0.4072,0.6628,0.8025,1.0718,1.0999,1.4024,1.5391,1.8262,1.9085,1.9612,2.0475,2.3521,2.4758,2.925,2.9702,3.0498,3.2059,3.4007,3.4594,3.6562,3.8209,9.6229,9.8305,10.8228,11.347,13.1023,13.2932,14.1301,14.2506,14.9693,15.0284,15.2998,15.4033,15.4755,15.6994,15.9152,15.9608,16.828,16.9657,17.2317,17.6184,18.4828,18.9509,18.9544,19.1285,19.9616,20.0771,20.7242,20.9535,21.303,21.8546,21.8827,22.3241,22.5042,22.979,23.648,23.7477,24.7463,25.0178,25.4699,25.8513,26.577,27.1729,27.4255,27.6806,28.2602,28.5575,29.1769,29.3344,29.6259,29.954,30.6437,30.7215,31.5708,31.5711,31.6907,31.7139,32.2556,32.5299,33.1375,33.6243
1.2865422128235988,-53.7292,-53.7284,-53.7252,-53.7236,-53.7215,-53.7185,-53.7165,-53.714,-53.6788,-53.6726,-53.6505,-53.65,-44.8981,-44.898,-44.8967,-44.8962,-44.8949,-44.8948,-15.1395,-15.0036,-14.3974,-14.3502,-14.2841,-14.2147,-14.1927,-14.1891,-4.8122,-4.7193,-4.6973,-4.6502,-4.6068,-4.4623,-4.3217,-4.2208,-4.0637,-4.0101,-3.9556,-3.9205,-3.8959,-3.8206,-3.467,-3.4639,-3.3767,-3.3719,-3.3322,-3.1909,-1.3529,-1.3219,-1.305,-1.2276,-0.8945,-0.7061,-0.6205,-0.3409,-0.1568,-0.0491,0.0075,0.0649,0.3609,0.3784,0.6777,0.8359,1.0516,1.0691,1.4002,1.5788,1.8281,1.9188,1.9905,2.0645,2.2863,2.4574,2.9244,2.9547,3.0354,3.2555,3.4144,3.4537,3.6371,3.8467,9.5998,9.827,10.7897,11.4359,13.0095,13.2854,14.1253,14.3374,14.9246,14.9315,15.2967,15.3895,15.4778,15.7199,15.9742,16.0948,16.7944,16.8681,17.1859,17.6488,18.4781,19.0005,19.0109,19.2066,19.8722,20.0163,20.78,21.0496,21.2071,21.8278,21.8787,22.3743,22.4524,23.0091,23.7334,23.8235,24.6249,24.855,25.485,25.9045,26.6495,27.3189,27.3386,27.5524,28.2413,28.6857,29.198,29.4628,29.5053,29.8294,30.5935,30.7552,31.558,31.6092,31.6763,31.8211,32.2414,32.5964,33.2404,33.3653
1.3195803491487605,-53.7293,-53.7284,-53.7252,-53.7233,-53.7218,-53.7182,-53.7168,-53.7139,-53.6791,-53.6723,-53.6505,-53.6499,-44.8981,-44.898,-44.8967,-44.8962,-44.8949,-44.8948,-15.1462,-14.9982,-14.3987,-14.3417,-14.2909,-14.2099,-14.1948,-14.1904,-4.8193,-4.7173,-4.6968,-4.6604,-4.6016,-4.4409,-4.3472,-4.2262,-4.0484,-3.9885,-3.9587,-3.923,-3.9093,-3.8243,-3.4559,-3.4537,-3.3875,-3.3862,-3.334,-3.1778,-1.3553,-1.3227,-1.3122,-1.2226,-0.8915,-0.694,-0.6455,-0.3378,-0.166,-0.0267,0.0221,0.0562,0.3531,0.354,0.6908,0.864,1.0353,1.0414,1.3986,1.6109,1.8184,1.9558,2.0151,2.0779,2.2173,2.4393,2.9325,2.9424,3.016,3.2994,3.43,3.4422,3.6195,3.8672,9.583,9.8225,10.7652,11.511,12.9304,13.2797,14.1197,14.4278,14.8357,14.8933,15.2946,15.3749,15.4823,15.7364,16.0199,16.228,16.7576,16.7699,17.1482,17.6727,18.4772,19.029,19.0669,19.2779,19.8014,19.9707,20.8259,21.1203,21.125,21.7847,21.8888,22.4012,22.4396,23.0311,23.8191,23.8855,24.5113,24.7253,25.4879,25.949,26.7198,27.2275,27.4569,27.4883,28.202,28.8055,29.1707,29.4575,29.5715,29.7187,30.5406,30.7722,31.5014,31.6391,31.6991,31.9275,32.2311,32.6487,33.1375,33.2907
1.352618485473922,-53.7294,-53.7284,-53.7251,-53.7231,-53.7221,-53.7179,-53.7171,-53.7138,-53.6793,-53.6721,-53.6505,-53.6499,-44.8981,-44.898,-44.8967,-44.8962,-44.8949,-44.8948,-15.1503,-14.995,-14.3996,-14.3348,-14.2966,-14.206,-14.1972,-14.1913,-4.8238,-4.7161,-4.6952,-4.6678,-4.5985,-4.4202,-4.3703,-4.2294,-4.0377,-3.9755,-3.9548,-3.9255,-3.9233,-3.8271,-3.4492,-3.4401,-3.4001,-3.3958,-3.3351,-3.1698,-1.3559,-1.3232,-1.318,-1.2195,-0.8878,-0.6867,-0.6621,-0.3364,-0.1713,-0.0041,0.0328,0.0412,0.3355,0.3511,0.6997,0.8844,1.0206,1.0245,1.3976,1.6327,1.8066,2.0091,2.0317,2.0867,2.1484,2.4256,2.9346,2.9465,2.9951,3.3339,3.4274,3.4428,3.6062,3.8802,9.5728,9.819,10.7502,11.5623,12.8763,13.2763,14.1153,14.516,14.7451,14.875,15.2933,15.3647,15.4858,15.7468,16.0508,16.3518,16.645,16.7549,17.1229,17.6881,18.4773,19.0446,19.1069,19.3283,19.7547,19.9424,20.8585,21.067,21.1626,21.757,21.892,22.3883,22.4693,23.0445,23.8908,23.9262,24.4216,24.6413,25.486,25.9786,26.775,27.1622,27.3966,27.6021,28.1577,28.9123,29.0982,29.4777,29.6255,29.6466,30.4995,30.779,31.4539,31.6594,31.7198,32.0089,32.2288,32.6755,33.0978,33.2975
1.3856566217990836,-53.7294,-53.7284,-53.7251,-53.723,-53.7222,-53.7177,-53.7173,-53.7138,-53.6794,-53.6721,-53.6505,-53.6499,-44.8981,-44.898,-44.8967,-44.8962,-44.8949,-44.8948,-15.1516,-14.994,-14.3999,-14.332,-14.299,-14.2039,-14.1987,-14.1917,-4.8253,-4.7157,-4.6942,-4.6706,-4.5975,-4.406,-4.3853,-4.2305,-4.0339,-3.973,-3.946,-3.9336,-3.9266,-3.8282,-3.4465,-3.432,-3.4082,-3.3992,-3.3355,-3.1671,-1.3558,-1.3234,-1.3203,-1.2185,-0.8861,-0.6843,-0.6679,-0.336,-0.173,0.0118,0.0277,0.0367,0.3291,0.3503,0.7029,0.8924,1.0124,1.0208,1.3973,1.6407,1.8014,2.0376,2.0558,2.0898,2.097,2.4204,2.9319,2.9577,2.9816,3.3492,3.4188,3.4478,3.6011,3.8847,9.5693,9.8178,10.7451,11.5807,12.857,13.2751,14.1137,14.5704,14.6899,14.8689,15.2928,15.3611,15.487,15.7504,16.0617,16.4279,16.5721,16.7499,17.1138,17.6935,18.4775,19.0495,19.1215,19.3467,19.7381,19.9327,20.8712,21.0452,21.1765,21.7473,21.8928,22.3826,22.4822,23.0489,23.9212,23.9404,24.3849,24.6121,25.4846,25.9888,26.7973,27.1373,27.3757,27.6474,28.1362,28.9958,29.0225,29.5127,29.5699,29.6739,30.4837,30.7806,31.4362,31.6665,31.7274,32.0406,32.2238,32.6671,33.1596,33.2478
1.3856566217990836,-53.7294,-53.7284,-53.7251,-53.723,-53.7222,-53.7177,-53.7173,-53.7138,-53.6794,-53.6721,-53.6505,-53.6499,-44.8981,-44.898,-44.8967,-44.8962,-44.8949,-44.8948,-15.1516,-14.994,-14.3999,-14.332,-14.299,-14.2039,-14.1987,-14.1917,-4.8253,-4.7157,-4.6942,-4.6706,-4.5975,-4.406,-4.3853,-4.2305,-4.0339,-3.973,-3.946,-3.9336,-3.9266,-3.8282,-3.4465,-3.432,-3.4082,-3.3992,-3.3355,-3.1671,-1.3558,-1.3234,-1.3203,-1.2185,-0.8861,-0.6843,-0.6679,-0.336,-0.173,0.0118,0.0277,0.0367,0.3291,0.3503,0.7029,0.8924,1.0124,1.0208,1.3973,1.6407,1.8014,2.0376,2.0558,2.0898,2.097,2.4204,2.9319,2.9577,2.9816,3.3492,3.4188,3.4478,3.6011,3.8847,9.5693,9.8178,10.7451,11.5807,12.857,13.2751,14.1137,14.5704,14.6899,14.8689,15.2928,15.3611,15.487,15.7504,16.0617,16.4279,16.5721,16.7499,17.1138,17.6935,18.4775,19.0495,19.1215,19.3467,19.7381,19.9327,20.8712,21.0452,21.1765,21.7473,21.8928,22.3826,22.4822,23.0489,23.9212,23.9404,24.3849,24.6121,25.4846,25.9888,26.7973,27.1373,27.3757,27.6474,28.1362,28.9958,29.0225,29.5127,29.5699,29.6739,30.4837,30.7806,31.4362,31.6665,31.7274,32.0406,32.2233,32.6692,33.1068,33.3249
1.418694758124245,-53.7294,-53.7283,-53.7254,-53.7228,-53.7225,-53.7181,-53.7169,-53.7135,-53.6803,-53.6711,-53.6505,-53.6498,-44.8981,-44.898,-44.8968,-44.8961,-44.8949,-44.8948,-15.1726,-14.9726,-14.4061,-14.337,-14.3046,-14.1974,-14.1937,-14.1845,-4.8264,-4.7097,-4.7049,-4.6901,-4.5902,-4.3912,-4.3652,-4.1935,-4.0719,-3.985,-3.9744,-3.9542,-3.9504,-3.8148,-3.4382,-3.4211,-3.3849,-3.3841,-3.3372,-3.1542,-1.3521,-1.3375,-1.3166,-1.2037,-0.9188,-0.6933,-0.6541,-0.309,-0.2614,0.0321,0.0385,0.056,0.3366,0.3738,0.6402,0.8881,0.9612,0.9808,1.4157,1.6289,1.7712,2.0873,2.1142,2.1301,2.1313,2.4801,2.8922,2.9845,3.0364,3.3067,3.3784,3.4475,3.6037,3.8931,9.5013,9.8576,10.6788,11.5925,12.9021,13.2789,14.1667,14.6002,14.616,14.6797,15.2548,15.368,15.4957,15.7496,16.1029,16.436,16.6177,16.6898,17.0352,17.7208,18.4995,19.0713,19.1105,19.4883,19.8756,20.087,20.7737,21.0314,21.1788,21.7214,21.8278,22.5438,22.6103,23.2284,23.8288,23.8594,24.2162,24.4264,25.4183,26.0715,26.8424,26.9745,27.3102,27.9122,28.1831,28.987,29.1777,29.2447,29.4175,29.564,30.2807,30.7179,31.5555,31.7555,31.8972,32.1552,32.2348,32.8541,33.1405,33.234
1.4517328944494066,-53.7295,-53.7284,-53.7256,-53.7233,-53.722,-53.7186,-53.7165,-53.7132,-53.6813,-53.6701,-53.6505,-53.6497,-44.8981,-44.8979,-44.8968,-44.8961,-44.8949,-44.8948,-15.1963,-14.9494,-14.4102,-14.342,-14.3107,-14.1904,-14.1899,-14.1773,-4.8289,-4.7408,-4.7263,-4.6641,-4.5825,-4.3741,-4.3436,-4.1559,-4.1098,-4.0159,-3.9987,-3.976,-3.957,-3.7997,-3.4549,-3.3966,-3.3711,-3.3608,-3.3278,-3.1411,-1.3563,-1.3488,-1.3134,-1.1818,-0.9534,-0.7198,-0.619,-0.3563,-0.2904,0.0401,0.0742,0.082,0.3172,0.4179,0.5748,0.8832,0.906,0.9548,1.4363,1.6148,1.7403,2.0851,2.1709,2.1872,2.2062,2.5231,2.8379,3.0391,3.088,3.2645,3.3137,3.4775,3.6067,3.8996,9.4088,9.8999,10.6366,11.6015,12.9424,13.2451,14.2538,14.4845,14.5012,14.6644,15.2079,15.3429,15.5062,15.7757,16.1371,16.4229,16.6261,16.6794,16.987,17.7507,18.5491,19.0974,19.0977,19.6513,20.0055,20.233,20.6856,21.0281,21.1762,21.6955,21.7639,22.6856,22.7492,23.4149,23.7381,23.7786,24.0496,24.2728,25.3563,26.149,26.8267,26.8789,27.2384,28.1036,28.1882,28.9967,29.0775,29.2458,29.3973,29.4599,30.0461,30.6556,31.6731,31.767,32.0101,32.2353,32.3845,33.0095,33.0956,33.4153
1.484771030774568,-53.7295,-53.7284,-53.7258,-53.7239,-53.7214,-53.7192,-53.7161,-53.713,-53.6825,-53.669,-53.6505,-53.6496,-44.8981,-44.8979,-44.8969,-44.896,-44.8949,-44.8948,-15.2225,-14.9246,-14.4122,-14.3468,-14.3173,-14.187,-14.1829,-14.17,-4.8339,-4.7774,-4.7438,-4.6386,-4.5745,-4.3545,-4.321,-4.1468,-4.1197,-4.0577,-4.0123,-4.0022,-3.9548,-3.7836,-3.4767,-3.3732,-3.3576,-3.338,-3.312,-3.1281,-1.3768,-1.3464,-1.3126,-1.1533,-0.9887,-0.7474,-0.5795,-0.4554,-0.2803,0.0506,0.1121,0.1172,0.2939,0.4595,0.5087,0.8571,0.8772,0.9346,1.4574,1.5991,1.709,2.0714,2.2157,2.2662,2.2834,2.5319,2.8133,3.0949,3.1282,3.2236,3.2647,3.5086,3.6102,3.9043,9.2939,9.9443,10.6164,11.607,12.9738,13.1846,14.2854,14.3629,14.3968,14.715,15.1502,15.2967,15.5184,15.8087,16.1622,16.3814,16.5739,16.7589,16.9824,17.7829,18.6229,19.0838,19.1275,19.8307,20.1239,20.3665,20.6096,21.0385,21.1642,21.6699,21.7072,22.7905,22.8962,23.607,23.6527,23.6984,23.8859,24.1722,25.3032,26.2214,26.6981,26.9002,27.1687,27.9262,28.47,28.7716,29.105,29.2611,29.3628,29.6037,29.7959,30.5896,31.749,31.7854,32.0591,32.2254,32.6689,33.0389,33.118,33.163
1.5178091670997296,-53.7295,-53.7286,-53.726,-53.7245,-53.7207,-53.7197,-53.7156,-53.7127,-53.6837,-53.6678,-53.6504,-53.6495,-44.898,-44.8979,-44.8969,-44.8959,-44.8949,-44.8948,-15.2508,-14.8983,-14.4123,-14.3513,-14.3241,-14.1847,-14.1749,-14.1627,-4.8452,-4.8106,-4.762,-4.6146,-4.5665,-4.3323,-4.2985,-4.1822,-4.0995,-4.0912,-4.0247,-4.023,-3.9473,-3.7672,-3.4997,-3.3509,-3.3443,-3.3156,-3.2932,-3.1152,-1.3991,-1.3454,-1.3126,-1.1194,-1.0233,-0.7759,-0.5573,-0.5361,-0.2776,0.0624,0.1444,0.1645,0.2692,0.4439,0.4956,0.8174,0.8699,0.9207,1.4781,1.5825,1.6775,2.0464,2.2655,2.3483,2.3613,2.4964,2.829,3.1331,3.1509,3.1849,3.2576,3.5404,3.6143,3.907,9.1609,9.9904,10.6139,11.6083,12.9915,13.1072,14.0842,14.291,14.4832,14.7672,15.0818,15.2378,15.5321,15.8294,16.1779,16.3196,16.5493,16.8565,17.0177,17.8168,18.7176,19.0697,19.161,20.0225,20.2267,20.4838,20.5478,21.065,21.1377,21.645,21.6646,22.8399,23.0444,23.5796,23.6193,23.727,23.8039,24.145,25.2631,26.2886,26.5925,26.8951,27.1139,27.6982,28.5662,28.7519,28.9645,29.2734,29.4916,29.5412,29.8241,30.5204,31.6844,31.8842,32.0863,32.2088,32.9387,33.0082,33.1482,33.1835
1.550847303424891,-53.7295,-53.7287,-53.7262,-53.725,-53.7203,-53.72,-53.7152,-53.7124,-53.6849,-53.6665,-53.6503,-53.6494,-44.898,-44.8979,-44.897,-44.8959,-44.895,-44.8948,-15.281,-14.8707,-14.4109,-14.3558,-14.3314,-14.1826,-14.1667,-14.1555,-4.8733,-4.8301,-4.7807,-4.593,-4.5586,-4.3074,-4.2777,-4.2157,-4.1409,-4.0932,-4.0342,-4.0161,-3.9338,-3.7509,-3.522,-3.3311,-3.3299,-3.2934,-3.2727,-3.1027,-1.4234,-1.3465,-1.3118,-1.0816,-1.0561,-0.8053,-0.6611,-0.4895,-0.2804,0.073,0.1752,0.2129,0.2466,0.3837,0.5217,0.791,0.8611,0.913,1.4976,1.5652,1.6458,2.0093,2.3199,2.4323,2.4329,2.4394,2.8702,3.1063,3.1496,3.2063,3.291,3.5728,3.6191,3.9079,9.0144,10.038,10.6242,11.6049,12.9903,13.0193,13.8822,14.186,14.6062,14.82,15.0057,15.1696,15.5474,15.8269,16.1852,16.2526,16.5643,16.9708,17.0793,17.8521,18.8294,19.0576,19.1973,20.2224,20.3103,20.5013,20.5823,21.093,21.1083,21.6212,21.6415,22.8273,23.1708,23.5414,23.5417,23.5748,24.0042,24.198,25.2395,26.3501,26.5133,26.857,27.0794,27.4465,28.3762,28.8303,29.0278,29.192,29.292,29.7443,30.0416,30.4489,31.5628,31.9436,32.0999,32.1965,32.8287,32.8567,33.0128,33.2007
1.5838854397500526,-53.7295,-53.7289,-53.7263,-53.7256,-53.7209,-53.7192,-53.7148,-53.7122,-53.6863,-53.6652,-53.6502,-53.6493,-44.898,-44.8979,-44.8971,-44.8958,-44.895,-44.8948,-15.3125,-14.8421,-14.4086,-14.3599,-14.3388,-14.1804,-14.1582,-14.1482,-4.9128,-4.8409,-4.7999,-4.5745,-4.5508,-4.2798,-4.2611,-4.247,-4.1817,-4.1214,-4.0389,-3.986,-3.9133,-3.735,-3.5426,-3.3179,-3.3099,-3.2714,-3.2513,-3.0906,-1.4499,-1.3503,-1.3094,-1.0858,-1.0412,-0.8351,-0.7659,-0.4404,-0.2874,0.0784,0.1953,0.2316,0.2597,0.3367,0.533,0.7823,0.8508,0.9113,1.5151,1.5474,1.6142,1.9596,2.3565,2.3788,2.5176,2.5194,2.921,3.0788,3.1186,3.2604,3.3351,3.6053,3.6249,3.907,8.8584,10.0866,10.6432,11.5966,12.9248,12.9659,13.6806,14.0812,14.724,14.873,14.9291,15.0951,15.5641,15.8038,16.1856,16.1913,16.6195,17.1004,17.1553,17.8889,18.9505,19.0543,19.2359,20.3717,20.4267,20.4707,20.6621,21.0312,21.1668,21.5995,21.6393,22.7673,23.2186,23.4312,23.4649,23.5956,24.2072,24.3172,25.2344,26.4047,26.4632,26.7988,27.0502,27.1859,28.1975,28.7062,29.0585,29.1185,29.2832,30.0066,30.233,30.376,31.4089,31.9083,32.101,32.2001,32.5967,32.7248,32.8807,33.1077
1.616923576075214,-53.7296,-53.7291,-53.7265,-53.7261,-53.7215,-53.7185,-53.7144,-53.712,-53.6876,-53.6639,-53.6501,-53.6492,-44.898,-44.8979,-44.8971,-44.8957,-44.895,-44.8949,-15.345,-14.8129,-14.4058,-14.3639,-14.3464,-14.1777,-14.1496,-14.141,-4.9557,-4.8507,-4.8192,-4.5594,-4.5434,-4.2761,-4.2517,-4.2502,-4.221,-4.1568,-4.0364,-3.9519,-3.8855,-3.7198,-3.561,-3.3044,-3.2908,-3.2495,-3.2292,-3.0791,-1.4788,-1.358,-1.3047,-1.1113,-0.9994,-0.8709,-0.8649,-0.39,-0.2975,0.0751,0.1837,0.2293,0.303,0.3235,0.5292,0.7916,0.8392,0.9149,1.5292,1.53,1.5823,1.8987,2.2771,2.4419,2.5955,2.6071,2.9739,3.0607,3.0932,3.3125,3.3803,3.6317,3.6375,3.9044,8.6962,10.1363,10.6675,11.5834,12.826,12.9163,13.4805,13.9724,14.8207,14.8623,14.925,15.026,15.5823,15.771,16.14,16.1805,16.7071,17.2373,17.2441,17.9269,19.0177,19.1228,19.2763,20.4081,20.4556,20.6319,20.7256,20.9574,21.2368,21.5804,21.6552,22.6826,23.183,23.2971,23.3897,23.7459,24.4107,24.48,25.2486,26.444,26.4505,26.7375,26.9262,27.0048,28.0266,28.5913,28.8518,29.0528,29.4885,30.2694,30.3024,30.358,31.3089,31.7391,32.0886,32.1667,32.4986,32.5716,32.797,33.1129
1.6499617124003756,-53.7296,-53.7293,-53.7267,-53.7267,-53.7222,-53.7177,-53.714,-53.7118,-53.689,-53.6626,-53.65,-53.6491,-44.898,-44.8978,-44.8972,-44.8957,-44.895,-44.8949,-15.378,-14.7833,-14.4031,-14.3677,-14.3541,-14.1741,-14.1408,-14.1339,-5.0,-4.8612,-4.8385,-4.5479,-4.5365,-4.3028,-4.2617,-4.2517,-4.2154,-4.1948,-4.0253,-3.9182,-3.8499,-3.7053,-3.5769,-3.2907,-3.2725,-3.2277,-3.2067,-3.0682,-1.5103,-1.3707,-1.2974,-1.1319,-0.9755,-0.9573,-0.8937,-0.3404,-0.3097,0.0644,0.1402,0.2409,0.342,0.3434,0.5154,0.8132,0.8266,0.9225,1.5105,1.5409,1.5503,1.8294,2.1982,2.5089,2.6731,2.6956,3.0259,3.0534,3.0744,3.3621,3.4239,3.6397,3.6692,3.9001,8.5302,10.1869,10.6949,11.5654,12.7246,12.8426,13.2829,13.8532,14.8153,14.833,14.9755,15.0229,15.6018,15.7392,16.0994,16.1711,16.8179,17.3192,17.4007,17.9668,19.0242,19.2703,19.3182,20.4174,20.4551,20.7762,20.8343,20.8788,21.3144,21.5649,21.6848,22.5913,23.1163,23.1729,23.3159,23.9397,24.6111,24.6683,25.2809,26.4561,26.4848,26.6764,26.6841,26.9282,27.8616,28.4862,28.6824,28.9948,29.5672,30.2284,30.4276,30.5203,31.3528,31.4703,32.0605,32.0978,32.3463,32.5475,32.7241,32.8888
1.682999848725537,-53.7297,-53.7295,-53.7272,-53.7269,-53.7228,-53.7169,-53.7136,-53.7116,-53.6904,-53.6612,-53.6498,-53.649,-44.898,-44.8978,-44.8972,-44.8956,-44.895,-44.8949,-15.4112,-14.7535,-14.4009,-14.3713,-14.3618,-14.1694,-14.1322,-14.1269,-5.0449,-4.8726,-4.8575,-4.5397,-4.53,-4.3272,-4.299,-4.2606,-4.2341,-4.1803,-4.0066,-3.8863,-3.8067,-3.6918,-3.5904,-3.2765,-3.2546,-3.206,-3.1839,-3.0579,-1.5443,-1.3898,-1.2873,-1.1471,-1.0791,-0.9207,-0.916,-0.3235,-0.2953,0.054,0.0858,0.2627,0.3746,0.3767,0.4976,0.8132,0.8404,0.9325,1.4909,1.5178,1.5449,1.7573,2.1219,2.5798,2.7501,2.7843,3.0565,3.0634,3.0753,3.409,3.4651,3.649,3.6996,3.8943,8.3626,10.2383,10.7237,11.5429,12.6216,12.7486,13.0887,13.7188,14.7519,14.7941,15.0238,15.0935,15.6227,15.715,16.0682,16.1585,16.9451,17.3968,17.5695,18.0088,19.0314,19.3614,19.4359,20.3987,20.4676,20.8018,20.8168,21.0303,21.397,21.5543,21.7238,22.5045,23.0409,23.0591,23.2436,24.1549,24.8003,24.8687,25.3287,26.4478,26.4989,26.5033,26.6452,26.8131,27.7016,28.3903,28.5571,28.9437,29.448,30.1539,30.5605,30.7174,31.1996,31.5109,32.0138,32.0386,32.063,32.6422,32.6633,33.0839
1.7160379850506986,-53.7297,-53.7297,-53.7277,-53.727,-53.7234,-53.7162,-53.7132,-53.7114,-53.6917,-53.6598,-53.6497,-53.6489,-44.8979,-44.8978,-44.8973,-44.8956,-44.895,-44.8949,-15.4441,-14.7239,-14.3995,-14.3747,-14.3694,-14.1633,-14.1236,-14.1199,-5.0898,-4.8848,-4.8761,-4.5346,-4.524,-4.3493,-4.335,-4.2763,-4.2739,-4.1426,-3.9826,-3.8567,-3.7564,-3.6794,-3.6015,-3.2617,-3.2369,-3.1845,-3.1609,-3.0483,-1.5806,-1.4163,-1.2744,-1.1812,-1.1569,-0.9446,-0.8762,-0.3385,-0.2607,0.0291,0.0529,0.2913,0.4078,0.4079,0.4797,0.7995,0.8688,0.9431,1.4699,1.4847,1.5336,1.6938,2.05,2.6541,2.8261,2.8725,3.061,3.0684,3.1215,3.4529,3.5036,3.6596,3.7282,3.8869,8.195,10.2907,10.7528,11.5165,12.5177,12.6395,12.899,13.5685,14.6468,14.7987,15.0695,15.1688,15.6448,15.7021,16.0447,16.1437,17.0834,17.4667,17.75,18.0547,19.0457,19.4057,19.6134,20.3531,20.4909,20.7312,20.8492,21.2161,21.4837,21.5497,21.7687,22.4292,22.956,22.9637,23.1729,24.3845,24.9594,25.0712,25.3888,26.2598,26.4996,26.5708,26.6251,26.6626,27.5471,28.3024,28.4761,28.8995,29.1985,30.0788,30.6564,30.7747,31.1559,31.703,31.7352,31.9457,32.0008,32.6215,32.6553,32.8989
1.74907612137586,-53.7299,-53.7298,-53.7282,-53.7271,-53.7241,-53.7154,-53.7129,-53.7113,-53.6931,-53.6585,-53.6495,-53.6488,-44.8979,-44.8978,-44.8973,-44.8955,-44.8951,-44.895,-15.4763,-14.6947,-14.3993,-14.378,-14.3769,-14.1558,-14.1152,-14.113,-5.1342,-4.8977,-4.8941,-4.5319,-4.5188,-4.3692,-4.3692,-4.3134,-4.2968,-4.103,-3.9555,-3.8297,-3.6999,-3.668,-3.6104,-3.246,-3.2189,-3.1634,-3.1379,-3.0394,-1.619,-1.4512,-1.2812,-1.2589,-1.1613,-0.9648,-0.8389,-0.3541,-0.2429,-0.0273,0.0691,0.3248,0.4364,0.4397,0.4639,0.7864,0.8955,0.9529,1.4469,1.4509,1.4923,1.6563,1.9837,2.7314,2.9007,2.959,3.068,3.0877,3.1637,3.4936,3.5391,3.6716,3.7545,3.878,8.0287,10.3442,10.7814,11.4868,12.4134,12.5204,12.7147,13.4057,14.5356,14.8244,15.112,15.2318,15.6679,15.7014,16.0272,16.1273,17.2275,17.5267,17.9413,18.1068,19.0682,19.4514,19.8012,20.2848,20.5224,20.6678,20.875,21.3876,21.5521,21.5742,21.8164,22.3692,22.8638,22.8881,23.1039,24.6257,25.049,25.2629,25.4602,26.1458,26.4648,26.4859,26.6319,26.669,27.4004,28.2184,28.4326,28.8613,28.9159,30.0018,30.3734,31.0259,31.2981,31.3882,31.8526,31.8676,31.9952,32.4686,32.6342,32.8783
1.7821142577010216,-53.7302,-53.7299,-53.7286,-53.7273,-53.7247,-53.7147,-53.7125,-53.7111,-53.6944,-53.6572,-53.6493,-53.6487,-44.8979,-44.8978,-44.8974,-44.8955,-44.8951,-44.895,-15.5074,-14.6662,-14.4002,-14.3842,-14.3812,-14.1469,-14.107,-14.1061,-5.1777,-4.9112,-4.911,-4.5316,-4.5144,-4.4013,-4.3871,-4.3522,-4.32,-4.0619,-3.9271,-3.8057,-3.6577,-3.6382,-3.6171,-3.2293,-3.2005,-3.1427,-3.1151,-3.0311,-1.6592,-1.4945,-1.3788,-1.2409,-1.1607,-0.9806,-0.8046,-0.3701,-0.2432,-0.0825,0.1037,0.3622,0.4508,0.4636,0.4684,0.7745,0.919,0.9608,1.416,1.4212,1.4241,1.6448,1.9239,2.8114,2.9724,3.0418,3.0852,3.1143,3.2019,3.5312,3.5716,3.6848,3.778,3.8677,7.8652,10.399,10.8095,11.4546,12.3093,12.3958,12.537,13.2345,14.424,14.8656,15.1511,15.2791,15.6919,15.7122,16.0143,16.11,17.371,17.5759,18.1429,18.1689,19.0985,19.4984,19.9984,20.201,20.5595,20.6096,20.8964,21.5407,21.5628,21.6684,21.8643,22.3271,22.7827,22.816,23.0367,24.877,25.0299,25.4207,25.5354,26.1426,26.3159,26.3874,26.6644,26.7901,27.2671,28.1314,28.4171,28.6589,28.8291,29.921,30.0661,31.0422,31.2907,31.4082,31.733,31.9593,32.0505,32.2995,32.7024,32.935
1.8151523940261831,-53.7303,-53.73,-53.729,-53.7274,-53.7252,-53.7141,-53.7122,-53.711,-53.6956,-53.6559,-53.6492,-53.6486,-44.8979,-44.8977,-44.8974,-44.8954,-44.8951,-44.895,-15.5372,-14.6387,-14.4021,-14.3912,-14.3844,-14.137,-14.0994,-14.0992,-5.2199,-4.9274,-4.9245,-4.5331,-4.5113,-4.4305,-4.403,-4.3896,-4.3445,-4.02,-3.8985,-3.7849,-3.6485,-3.6218,-3.5724,-3.2112,-3.1812,-3.1226,-3.0928,-3.0235,-1.7008,-1.5457,-1.4734,-1.2206,-1.1556,-0.9924,-0.7735,-0.3861,-0.2573,-0.136,0.1514,0.403,0.4409,0.4904,0.4927,0.765,0.9382,0.9662,1.3463,1.38,1.3923,1.6445,1.8713,2.8933,3.0376,3.112,3.1154,3.1547,3.2358,3.5657,3.6013,3.6991,3.798,3.8561,7.7057,10.4554,10.8368,11.4206,12.2059,12.2694,12.3669,13.0594,14.3155,14.917,15.1866,15.3119,15.7166,15.732,16.0048,16.0925,17.5059,17.6142,18.2465,18.3537,19.1351,19.5469,20.1084,20.2042,20.5544,20.5996,20.9157,21.5827,21.6711,21.7656,21.9103,22.3044,22.7127,22.7492,22.9715,24.916,25.1373,25.4904,25.5869,26.2099,26.2482,26.2555,26.7271,26.9304,27.1572,28.0324,28.4202,28.4653,28.8022,29.7696,29.8325,30.7131,31.449,31.5585,31.5866,31.966,32.1575,32.1685,32.8506,33.0911
1.8481905303513446,-53.7305,-53.7301,-53.7295,-53.7275,-53.7258,-53.7135,-53.7119,-53.7109,-53.6968,-53.6547,-53.649,-53.6486,-44.8978,-44.8977,-44.8975,-44.8954,-44.8951,-44.895,-15.5654,-14.6123,-14.405,-14.3979,-14.3875,-14.1263,-14.0928,-14.0918,-5.2602,-4.9425,-4.9379,-4.5365,-4.5106,-4.4557,-4.4252,-4.417,-4.369,-3.9778,-3.8705,-3.7673,-3.6404,-3.6245,-3.5037,-3.1916,-3.1608,-3.1033,-3.0712,-3.0166,-1.7435,-1.6037,-1.5647,-1.1984,-1.1465,-1.0005,-0.7459,-0.4019,-0.2793,-0.1875,0.2045,0.4339,0.4468,0.5116,0.5177,0.7591,0.9527,0.9692,1.269,1.3426,1.3598,1.6479,1.8261,2.9764,3.0904,3.1561,3.1628,3.2199,3.2657,3.5969,3.6283,3.714,3.8143,3.8432,7.5516,10.5136,10.8637,11.3859,12.1036,12.1441,12.2055,12.8839,14.2121,14.9741,15.2183,15.333,15.7415,15.757,15.9977,16.0752,17.6233,17.6425,18.3459,18.5725,19.1757,19.5974,20.0125,20.4172,20.5009,20.6405,20.9361,21.6121,21.7754,21.8644,21.9525,22.3019,22.6537,22.6893,22.9086,24.752,25.4056,25.4112,25.5912,26.063,26.2338,26.4218,26.8199,27.0847,27.0856,27.9243,28.3462,28.4341,28.7803,29.493,29.7286,30.4164,31.4147,31.4441,31.8195,31.9241,32.0193,32.31,32.8168,33.0511
1.8812286666765061,-53.7307,-53.7302,-53.7298,-53.7276,-53.7262,-53.7129,-53.7116,-53.7108,-53.6978,-53.6535,-53.6489,-53.6485,-44.8978,-44.8977,-44.8975,-44.8954,-44.8951,-44.8951,-15.5917,-14.5875,-14.4084,-14.4041,-14.3908,-14.1153,-14.0865,-14.0848,-5.2982,-4.9564,-4.951,-4.5417,-4.5153,-4.4736,-4.4586,-4.4294,-4.3923,-3.9361,-3.8439,-3.7531,-3.6333,-3.6254,-3.4332,-3.1701,-3.1393,-3.0851,-3.0506,-3.0102,-1.787,-1.667,-1.6522,-1.1747,-1.134,-1.0057,-0.7218,-0.4171,-0.3054,-0.2366,0.2571,0.4297,0.4929,0.5239,0.5461,0.7588,0.9624,0.9699,1.1971,1.304,1.3237,1.6526,1.7886,3.0597,3.1329,3.1908,3.2234,3.2911,3.2916,3.625,3.6532,3.7294,3.8267,3.8292,7.4041,10.574,10.8905,11.3511,12.0031,12.0227,12.054,12.7107,14.1158,15.0334,15.2465,15.3458,15.7664,15.7836,15.9926,16.0586,17.6621,17.7169,18.4701,18.7971,19.2181,19.6501,19.9172,20.449,20.634,20.6811,20.9624,21.6509,21.8529,21.9633,21.9895,22.3178,22.6058,22.6376,22.8482,24.5689,25.2224,25.536,25.6808,25.8146,26.3538,26.6246,26.9393,27.0648,27.2513,27.8268,28.2818,28.4531,28.7632,29.2402,29.5976,30.1694,31.2199,31.4209,31.8466,31.8922,32.0817,32.4171,32.7148,33.1254
1.9142668030016676,-53.7309,-53.7304,-53.7302,-53.7277,-53.7267,-53.7124,-53.7114,-53.7107,-53.6988,-53.6525,-53.6487,-53.6484,-44.8978,-44.8977,-44.8975,-44.8953,-44.8951,-44.8951,-15.6158,-14.5641,-14.4123,-14.41,-14.3942,-14.1043,-14.0804,-14.0785,-5.3335,-4.9689,-4.9634,-4.5487,-4.5281,-4.4894,-4.4814,-4.4401,-4.4135,-3.8958,-3.819,-3.742,-3.6271,-3.6246,-3.3622,-3.1467,-3.1166,-3.0682,-3.0313,-3.0045,-1.8309,-1.7354,-1.734,-1.1499,-1.1188,-1.0087,-0.7009,-0.4316,-0.3333,-0.2829,0.3052,0.4278,0.5289,0.5399,0.5761,0.7659,0.9676,0.9688,1.1337,1.264,1.2843,1.6576,1.7582,3.1423,3.172,3.2238,3.2874,3.3138,3.3579,3.6498,3.6764,3.7447,3.8143,3.8351,7.2649,10.6368,10.9177,11.3173,11.9048,11.9071,11.9136,12.5421,14.0277,15.0919,15.271,15.3531,15.7908,15.8093,15.9888,16.043,17.6745,17.7861,18.6153,19.0249,19.2595,19.7058,19.8253,20.3993,20.7213,20.8377,21.0125,21.6977,21.9071,22.0198,22.0603,22.3468,22.5682,22.5953,22.7905,24.3831,24.9894,25.4192,25.5242,25.962,26.511,26.8252,27.0781,27.1107,27.4224,27.752,28.2489,28.4723,28.7504,29.0128,29.432,29.9841,31.0057,31.3942,31.7682,31.777,32.3226,32.4857,32.7624,33.2783
1.9473049393268291,-53.731,-53.7305,-53.7305,-53.7277,-53.727,-53.7119,-53.7111,-53.7106,-53.6997,-53.6515,-53.6486,-53.6483,-44.8978,-44.8977,-44.8976,-44.8953,-44.8951,-44.8951,-15.6375,-14.5425,-14.4163,-14.4151,-14.3978,-14.0936,-14.0746,-14.0726,-5.3656,-4.9801,-4.975,-4.5575,-4.5451,-4.5172,-4.483,-4.4494,-4.4316,-3.8578,-3.7963,-3.7338,-3.6225,-3.6218,-3.2918,-3.1213,-3.0928,-3.0527,-3.0136,-2.9993,-1.8746,-1.8136,-1.8027,-1.1247,-1.1016,-1.0101,-0.6831,-0.445,-0.3617,-0.3262,0.346,0.4277,0.5263,0.586,0.6081,0.7822,0.9664,0.9689,1.0806,1.2226,1.2419,1.6624,1.7344,3.2105,3.2227,3.2557,3.3327,3.3498,3.4173,3.6713,3.6988,3.7595,3.7987,3.8397,7.1354,10.7025,10.9458,11.2853,11.7857,11.7992,11.8095,12.38,13.9489,15.1479,15.2922,15.3571,15.8143,15.8327,15.9861,16.0288,17.6819,17.8353,18.7726,19.2519,19.2981,19.7391,19.7654,20.3528,20.7625,20.9549,21.1595,21.751,21.9447,22.0428,22.1535,22.3818,22.541,22.5631,22.7358,24.2036,24.7423,25.2087,25.2498,26.248,26.6823,26.9887,27.2266,27.2365,27.5935,27.699,28.2343,28.4873,28.7421,28.8106,29.2444,29.8527,30.7764,31.3712,31.6741,31.6879,32.4718,32.5236,32.6324,33.3293
1.9803430756519906,-53.7311,-53.7307,-53.7307,-53.7278,-53.7273,-53.7115,-53.7109,-53.7105,-53.7005,-53.6506,-53.6485,-53.6483,-44.8977,-44.8977,-44.8976,-44.8953,-44.8952,-44.8951,-15.6567,-14.5226,-14.4201,-14.4198,-14.4017,-14.0837,-14.0693,-14.0675,-5.3943,-4.9899,-4.9855,-4.5677,-4.5619,-4.5419,-4.4824,-4.4572,-4.4463,-3.8231,-3.7762,-3.7281,-3.6195,-3.6173,-3.2237,-3.0944,-3.0684,-3.0388,-2.9976,-2.9944,-1.9174,-1.8862,-1.8712,-1.0996,-1.0831,-1.0104,-0.6681,-0.4572,-0.3896,-0.366,0.3783,0.4289,0.5167,0.6296,0.6421,0.8079,0.9633,0.9673,1.0388,1.1801,1.1972,1.6668,1.7164,3.2482,3.2861,3.2996,3.3484,3.4078,3.4673,3.6894,3.7211,3.7733,3.7829,3.8408,7.0176,10.7711,10.9756,11.2558,11.6715,11.7007,11.718,12.2259,13.8799,15.1996,15.3101,15.3587,15.8363,15.8529,15.9843,16.0162,17.6856,17.8697,18.9303,19.3322,19.4721,19.6605,19.8299,20.3103,20.8074,21.0044,21.3829,21.8084,21.9724,22.0581,22.2403,22.4158,22.523,22.5407,22.6846,24.036,24.4951,24.8837,25.0419,26.5372,26.8596,27.111,27.3749,27.4243,27.6624,27.758,28.2305,28.4925,28.6325,28.7373,29.0592,29.7562,30.537,31.3549,31.5862,31.6113,32.4287,32.4406,32.7015,32.9853
2.013381211977152,-53.7312,-53.731,-53.7309,-53.7278,-53.7275,-53.7111,-53.7107,-53.7105,-53.7011,-53.6499,-53.6483,-53.6482,-44.8977,-44.8977,-44.8976,-44.8952,-44.8952,-44.8951,-15.6732,-14.5046,-14.4238,-14.4238,-14.406,-14.0747,-14.0645,-14.063,-5.4192,-4.9981,-4.9948,-4.5787,-4.5769,-4.5632,-4.4814,-4.4637,-4.4575,-3.7923,-3.7589,-3.7242,-3.6161,-3.6136,-3.1598,-3.0667,-3.0439,-3.0267,-2.9895,-2.9837,-1.9583,-1.9522,-1.9372,-1.0756,-1.0645,-1.0101,-0.6556,-0.4679,-0.4162,-0.4018,0.4021,0.431,0.5017,0.6711,0.6781,0.8404,0.9598,0.9637,1.0077,1.1367,1.1509,1.6707,1.7032,3.2842,3.3142,3.3613,3.3713,3.4593,3.5067,3.7039,3.7435,3.7674,3.7857,3.8388,6.9131,10.8428,11.0074,11.2296,11.5722,11.6125,11.6311,12.0817,13.8211,15.2454,15.3248,15.3591,15.8562,15.8698,15.9828,16.0053,17.6867,17.8936,19.077,19.3609,19.5911,19.6774,19.9002,20.2728,20.86,21.0436,21.6213,21.8672,21.9949,22.0665,22.319,22.4449,22.5129,22.527,22.6372,23.8852,24.2572,24.5628,24.8095,26.8277,27.0378,27.2189,27.5149,27.627,27.6371,27.9088,28.2328,28.4768,28.4808,28.734,28.8957,29.6819,30.2948,31.3466,31.5137,31.5418,32.3442,32.3758,32.7055,32.8558
2.046419348302314,-53.7313,-53.7311,-53.7311,-53.7279,-53.7277,-53.7109,-53.7106,-53.7104,-53.7017,-53.6492,-53.6483,-53.6482,-44.8977,-44.8977,-44.8976,-44.8952,-44.8952,-44.8952,-15.6869,-14.4884,-14.4271,-14.4269,-14.4108,-14.067,-14.0604,-14.0593,-5.4399,-5.0049,-5.0026,-4.5896,-4.5894,-4.5808,-4.4803,-4.4689,-4.4657,-3.7664,-3.7445,-3.7217,-3.6127,-3.6107,-3.1026,-3.0403,-3.0197,-3.0166,-2.984,-2.9721,-2.0105,-1.9982,-1.9957,-1.0536,-1.0467,-1.0094,-0.6452,-0.4769,-0.4406,-0.4328,0.4184,0.4334,0.4841,0.7119,0.7159,0.8749,0.9565,0.9591,0.9859,1.0926,1.1038,1.6741,1.6938,3.3174,3.3391,3.3715,3.4359,3.5025,3.5355,3.7149,3.7532,3.7656,3.7963,3.8345,6.8239,10.9172,11.0417,11.2073,11.4892,11.5352,11.5496,11.9495,13.7728,15.2845,15.3366,15.3588,15.8735,15.8834,15.9818,15.9962,17.6862,17.91,19.2028,19.384,19.5323,19.8575,19.9756,20.241,20.9239,21.0804,21.8602,21.9246,22.0147,22.0696,22.387,22.4677,22.5091,22.5199,22.5943,23.7561,24.0373,24.2587,24.5652,27.1165,27.21,27.3216,27.6196,27.6421,27.8176,28.0379,28.2384,28.3426,28.4459,28.7273,28.7646,29.6257,30.06,31.3458,31.4571,31.482,32.2633,32.2945,32.5154,33.0137
2.0794574846274756,-53.7314,-53.7313,-53.7313,-53.7279,-53.7278,-53.7106,-53.7105,-53.7104,-53.7021,-53.6487,-53.6482,-53.6481,-44.8977,-44.8977,-44.8976,-44.8952,-44.8952,-44.8952,-15.6976,-14.4741,-14.4297,-14.4296,-14.4163,-14.0608,-14.057,-14.0564,-5.4563,-5.0102,-5.0088,-4.5996,-4.5989,-4.5946,-4.4793,-4.4729,-4.4715,-3.7458,-3.7333,-3.7202,-3.6097,-3.6084,-3.0555,-3.0188,-3.0086,-2.9964,-2.9762,-2.9628,-2.0594,-2.0511,-2.028,-1.0347,-1.0309,-1.0087,-0.6368,-0.4841,-0.4619,-0.4584,0.4289,0.4358,0.4667,0.7529,0.7551,0.9067,0.9536,0.9546,0.9714,1.0486,1.0569,1.6768,1.6874,3.3462,3.36,3.3794,3.4915,3.5358,3.5548,3.7221,3.7414,3.7858,3.8049,3.8287,6.752,10.9933,11.0784,11.1894,11.4233,11.4684,11.4749,11.833,13.7352,15.3157,15.3456,15.3582,15.8876,15.8937,15.9809,15.9891,17.685,17.9212,19.3012,19.4014,19.4852,20.0018,20.0514,20.2155,20.9994,21.1137,21.9777,22.0331,22.0693,22.0895,22.4424,22.4836,22.51,22.5174,22.5571,23.6544,23.8455,23.9862,24.3218,27.3657,27.3989,27.4181,27.6076,27.7564,27.9764,28.1392,28.2333,28.2448,28.3892,28.6646,28.7055,29.5866,29.8485,31.3507,31.4158,31.4335,32.1864,32.2148,32.3152,33.031
2.112495620952637,-53.7315,-53.7314,-53.7314,-53.728,-53.7279,-53.7105,-53.7104,-53.7104,-53.7024,-53.6484,-53.6481,-53.6481,-44.8977,-44.8977,-44.8976,-44.8952,-44.8952,-44.8952,-15.7053,-14.4616,-14.4316,-14.4316,-14.4224,-14.0563,-14.0546,-14.0543,-5.4681,-5.014,-5.0134,-4.6068,-4.6063,-4.6046,-4.4786,-4.4758,-4.4752,-3.7308,-3.7252,-3.7193,-3.6075,-3.6068,-3.0223,-3.0056,-3.0029,-2.9744,-2.9652,-2.9561,-2.0968,-2.0927,-2.0531,-1.02,-1.0183,-1.008,-0.6303,-0.4894,-0.4787,-0.4776,0.4352,0.4377,0.4523,0.7932,0.7944,0.9319,0.9508,0.9513,0.9625,1.0059,1.0119,1.6787,1.6833,3.3691,3.3758,3.3849,3.5355,3.5584,3.5666,3.7259,3.733,3.8021,3.8112,3.8227,6.6991,11.0683,11.1161,11.1763,11.3755,11.4092,11.4105,11.7381,13.7083,15.3385,15.3519,15.3576,15.8981,15.9009,15.9803,15.984,17.6837,17.9283,19.3699,19.4135,19.4508,20.1037,20.1184,20.197,21.0781,21.1407,22.0227,22.0493,22.0677,22.2933,22.4838,22.4936,22.5134,22.5172,22.5273,23.5873,23.6938,23.7635,24.0957,27.4897,27.5037,27.5999,27.6653,27.8613,28.0556,28.1864,28.209,28.2505,28.3236,28.5859,28.6517,29.5632,29.6825,31.3587,31.3886,31.3979,32.1262,32.1435,32.1882,33.0966
2.1455337572777986,-53.7315,-53.7315,-53.7315,-53.728,-53.728,-53.7104,-53.7104,-53.7104,-53.7026,-53.6482,-53.6481,-53.6481,-44.8977,-44.8977,-44.8977,-44.8952,-44.8952,-44.8952,-15.7101,-14.4513,-14.4328,-14.4328,-14.429,-14.0536,-14.0532,-14.0531,-5.4753,-5.0163,-5.0161,-4.6112,-4.611,-4.6106,-4.4782,-4.4775,-4.4773,-3.7218,-3.7204,-3.7189,-3.6061,-3.6059,-3.0039,-2.9998,-2.9994,-2.9573,-2.9549,-2.9521,-2.1206,-2.1195,-2.0692,-1.0107,-1.0103,-1.0076,-0.6261,-0.4925,-0.4898,-0.4895,0.4384,0.439,0.4427,0.8294,0.8298,0.9475,0.9483,0.9495,0.9577,0.9688,0.9733,1.6799,1.681,3.384,3.3858,3.3881,3.5644,3.5709,3.5728,3.7269,3.7283,3.8126,3.815,3.818,6.6667,11.1341,11.1499,11.1683,11.3466,11.3583,11.3614,11.6742,13.6922,15.3522,15.3555,15.357,15.9045,15.9052,15.9799,15.9808,17.6827,17.9322,19.4099,19.4206,19.4299,20.1628,20.1651,20.1857,21.1405,21.1584,22.0538,22.061,22.066,22.4433,22.4989,22.5076,22.5093,22.5166,22.5176,23.5606,23.5951,23.614,23.9159,27.5679,27.5682,27.5954,27.8915,27.9538,28.0219,28.2317,28.2467,28.2543,28.2626,28.5277,28.5629,29.5518,29.5813,31.3659,31.3736,31.3761,32.0899,32.0954,32.1057,33.0653
2.1785718936029603,-53.7315,-53.7315,-53.7315,-53.728,-53.728,-53.7104,-53.7103,-53.7103,-53.7027,-53.6481,-53.6481,-53.6481,-44.8977,-44.8977,-44.8977,-44.8952,-44.8952,-44.8952,-15.7118,-14.4459,-14.4333,-14.4333,-14.4333,-14.0528,-14.0528,-14.0528,-5.4777,-5.017,-5.017,-4.6127,-4.6127,-4.6127,-4.4781,-4.478,-4.478,-3.7188,-3.7188,-3.7188,-3.6056,-3.6056,-2.9982,-2.9982,-2.9982,-2.9507,-2.9507,-2.9507,-2.1288,-2.1288,-2.0747,-1.0075,-1.0075,-1.0075,-0.6246,-0.4936,-0.4936,-0.4936,0.4394,0.4394,0.4394,0.8473,0.8473,0.9474,0.9474,0.9474,0.9561,0.9561,0.9561,1.6803,1.6803,3.3892,3.3892,3.3892,3.5747,3.5747,3.5747,3.7269,3.7269,3.8163,3.8163,3.8163,6.6558,11.1656,11.1656,11.1656,11.3369,11.3369,11.3369,11.6514,13.6867,15.3567,15.3567,15.3567,15.9066,15.9066,15.9795,15.9795,17.6823,17.9333,19.4229,19.4229,19.4229,20.1819,20.1819,20.1819,21.1646,21.1646,22.0652,22.0652,22.0652,22.5005,22.5005,22.5005,22.5178,22.5178,22.5178,23.5607,23.5607,23.5607,23.8391,27.5939,27.5939,27.5939,27.9988,27.9988,27.9989,28.2313,28.2553,28.2553,28.2553,28.5047,28.5047,29.5484,29.5484,31.3688,31.3688,31.3688,32.0739,32.0739,32.079,33.066
2.1785718936029603,-53.7315,-53.7315,-53.7315,-53.728,-53.728,-53.7104,-53.7103,-53.7103,-53.7027,-53.6481,-53.6481,-53.6481,-44.8977,-44.8977,-44.8977,-44.8952,-44.8952,-44.8952,-15.7118,-14.4459,-14.4333,-14.4333,-14.4333,-14.0528,-14.0528,-14.0528,-5.4777,-5.017,-5.017,-4.6127,-4.6127,-4.6127,-4.4781,-4.478,-4.478,-3.7188,-3.7188,-3.7188,-3.6056,-3.6056,-2.9982,-2.9982,-2.9982,-2.9507,-2.9507,-2.9507,-2.1288,-2.1288,-2.0747,-1.0075,-1.0075,-1.0075,-0.6246,-0.4936,-0.4936,-0.4936,0.4394,0.4394,0.4394,0.8473,0.8473,0.9474,0.9474,0.9474,0.9561,0.9561,0.9561,1.6803,1.6803,3.3892,3.3892,3.3892,3.5747,3.5747,3.5747,3.7269,3.7269,3.8163,3.8163,3.8163,6.6558,11.1656,11.1656,11.1656,11.3369,11.3369,11.3369,11.6514,13.6867,15.3567,15.3567,15.3567,15.9066,15.9066,15.9795,15.9795,17.6823,17.9333,19.4229,19.4229,19.4229,20.1819,20.1819,20.1819,21.1646,21.1646,22.0652,22.0652,22.0652,22.5005,22.5005,22.5005,22.5178,22.5178,22.5178,23.5607,23.5607,23.5607,23.8391,27.5939,27.5939,27.5939,27.9988,27.9988,27.9989,28.2313,28.2553,28.2553,28.2553,28.5047,28.5047,29.5484,29.5484,31.3688,31.3688,31.3688,32.0739,32.0739,32.0786,33.0648
2.2109425240226224,-53.7315,-53.7315,-53.7315,-53.728,-53.728,-53.7104,-53.7104,-53.7103,-53.7026,-53.6482,-53.6481,-53.6481,-44.8977,-44.8977,-44.8977,-44.8952,-44.8952,-44.8952,-15.7102,-14.4512,-14.4329,-14.4329,-14.4292,-14.0536,-14.0531,-14.0531,-5.4754,-5.0162,-5.0162,-4.6111,-4.6111,-4.6109,-4.4782,-4.4774,-4.4774,-3.7207,-3.7207,-3.7194,-3.606,-3.606,-3.0023,-3.0023,-2.9982,-2.9562,-2.9537,-2.9537,-2.1204,-2.1204,-2.0694,-1.0111,-1.0086,-1.0086,-0.626,-0.4916,-0.4916,-0.489,0.4388,0.4388,0.4424,0.8304,0.8304,0.9488,0.9489,0.9489,0.953,0.9719,0.9719,1.6805,1.6805,3.3854,3.3854,3.3876,3.5653,3.5717,3.5717,3.7277,3.7277,3.8137,3.816,3.8161,6.6663,11.1299,11.1621,11.1621,11.3519,11.3519,11.36,11.6734,13.6919,15.3528,15.356,15.356,15.9049,15.9049,15.9803,15.9803,17.6827,17.9322,19.4075,19.4266,19.4266,20.1649,20.1649,20.1849,21.1501,21.1501,22.0589,22.0589,22.0636,22.4429,22.5045,22.5045,22.5139,22.515,22.515,23.5544,23.6059,23.6059,23.9127,27.5608,27.586,27.586,27.9351,27.9351,27.9962,28.2356,28.2356,28.2603,28.2664,28.5455,28.5455,29.5659,29.5659,31.3651,31.375,31.375,32.0854,32.098,32.0989,33.0807
2.2433131544422844,-53.7315,-53.7314,-53.7314,-53.7279,-53.7279,-53.7104,-53.7104,-53.7103,-53.7024,-53.6484,-53.6481,-53.6481,-44.8977,-44.8977,-44.8977,-44.8952,-44.8952,-44.8952,-15.7056,-14.4612,-14.4317,-14.4317,-14.4227,-14.0563,-14.0544,-14.0544,-5.4685,-5.0138,-5.0138,-4.6064,-4.6064,-4.6058,-4.4787,-4.4755,-4.4755,-3.7267,-3.7267,-3.7213,-3.6071,-3.6071,-3.0156,-3.0156,-2.9982,-2.9721,-2.9609,-2.9609,-2.0961,-2.0961,-2.054,-1.0217,-1.0119,-1.0119,-0.63,-0.4857,-0.4857,-0.4756,0.437,0.437,0.4505,0.7965,0.7965,0.9445,0.9445,0.9446,0.9531,1.0112,1.0112,1.681,1.681,3.3744,3.3744,3.3827,3.5379,3.5619,3.5619,3.7298,3.7298,3.8056,3.8155,3.8155,6.6974,11.0551,11.1555,11.1555,11.3931,11.3931,11.4003,11.7359,13.7074,15.341,15.3538,15.3538,15.8998,15.8998,15.982,15.982,17.6836,17.9283,19.3626,19.4369,19.4369,20.114,20.114,20.1941,21.1124,21.1124,22.042,22.042,22.0585,22.2913,22.5025,22.5065,22.5065,22.5158,22.5158,23.5609,23.734,23.734,24.0845,27.4762,27.5548,27.5548,27.8026,27.8026,27.9849,28.1678,28.1678,28.2753,28.3606,28.6236,28.6236,29.6218,29.6218,31.3559,31.3941,31.3941,32.1129,32.1656,32.1779,33.0689
2.2756837848619464,-53.7314,-53.7313,-53.7313,-53.7279,-53.7279,-53.7106,-53.7106,-53.7103,-53.7021,-53.6487,-53.6482,-53.6482,-44.8977,-44.8977,-44.8976,-44.8952,-44.8952,-44.8952,-15.6981,-14.4732,-14.4298,-14.4298,-14.4166,-14.0607,-14.0564,-14.0564,-5.4571,-5.0098,-5.0098,-4.5987,-4.5987,-4.5974,-4.4796,-4.4722,-4.4722,-3.7367,-3.7367,-3.7248,-3.6089,-3.6089,-3.0389,-3.0389,-2.9982,-2.9969,-2.969,-2.969,-2.0582,-2.0582,-2.0298,-1.038,-1.0172,-1.0172,-0.6359,-0.4761,-0.4761,-0.4552,0.4341,0.4341,0.4612,0.7597,0.7597,0.9335,0.9363,0.9363,0.9602,1.0576,1.0576,1.6821,1.6821,3.3575,3.3575,3.3747,3.4943,3.5444,3.5444,3.733,3.733,3.791,3.8154,3.8154,6.7481,10.9682,11.1516,11.1516,11.4394,11.454,11.454,11.8297,13.7332,15.3215,15.3498,15.3498,15.8912,15.8912,15.9849,15.9849,17.6846,17.9211,19.2913,19.4506,19.4506,20.0321,20.0321,20.2091,21.0645,21.0645,22.0194,22.0194,22.05,22.0844,22.4848,22.493,22.493,22.5328,22.5328,23.5927,23.9278,23.9278,24.2983,27.3639,27.4701,27.4701,27.6834,27.6834,27.9635,28.0556,28.0556,28.3005,28.496,28.6872,28.6872,29.7221,29.7221,31.3453,31.4265,31.4265,32.1573,32.2661,32.2694,33.0761
2.3080544152816085,-53.7313,-53.7312,-53.7312,-53.7278,-53.7278,-53.7108,-53.7108,-53.7103,-53.7017,-53.6492,-53.6482,-53.6482,-44.8977,-44.8977,-44.8976,-44.8952,-44.8952,-44.8952,-15.6878,-14.4872,-14.4273,-14.4273,-14.4114,-14.0666,-14.0594,-14.0594,-5.4414,-5.0043,-5.0043,-4.5884,-4.5884,-4.586,-4.4808,-4.4674,-4.4674,-3.7507,-3.7507,-3.73,-3.6115,-3.6115,-3.0707,-3.0707,-3.0282,-2.9982,-2.9771,-2.9771,-2.0096,-2.0096,-1.9988,-1.0585,-1.0244,-1.0244,-0.6435,-0.4629,-0.4629,-0.4291,0.4299,0.4299,0.47,0.7237,0.7237,0.9248,0.925,0.925,0.97,1.1066,1.1066,1.6841,1.6841,3.3363,3.3363,3.3638,3.437,3.5184,3.5184,3.736,3.736,3.7691,3.8166,3.8166,6.8169,10.8769,11.1533,11.1533,11.4776,11.5308,11.5308,11.9455,13.7691,15.2948,15.3435,15.3435,15.8792,15.8792,15.9889,15.9889,17.6847,17.9095,19.1987,19.459,19.459,19.9302,19.9302,20.2298,21.0187,21.0187,21.8498,21.995,21.995,22.0378,22.4623,22.475,22.475,22.5538,22.5538,23.6441,24.1681,24.1681,24.5239,27.2386,27.3174,27.3174,27.6085,27.6085,27.912,27.912,27.9341,28.3353,28.6622,28.7223,28.7223,29.8634,29.8634,31.3386,31.4723,31.4723,32.2197,32.384,32.4348,33.0863
2.3404250457012705,-53.7312,-53.731,-53.731,-53.7277,-53.7277,-53.711,-53.711,-53.7103,-53.7012,-53.6498,-53.6483,-53.6482,-44.8977,-44.8977,-44.8976,-44.8952,-44.8952,-44.8952,-15.6747,-14.5031,-14.424,-14.424,-14.4067,-14.0739,-14.0632,-14.0632,-5.4214,-4.9974,-4.9974,-4.5757,-4.5757,-4.5719,-4.4823,-4.4605,-4.4605,-3.7689,-3.7689,-3.7375,-3.6148,-3.6148,-3.1079,-3.1079,-3.0638,-2.9982,-2.9853,-2.9853,-1.9627,-1.9529,-1.9529,-1.0815,-1.0329,-1.0329,-0.6527,-0.4466,-0.4466,-0.3988,0.4247,0.4247,0.4705,0.6895,0.6895,0.9106,0.9106,0.9251,0.9822,1.1562,1.1562,1.6877,1.6877,3.3122,3.3122,3.35,3.3683,3.4842,3.4842,3.7368,3.7368,3.7393,3.8205,3.8205,6.9021,10.7838,11.1616,11.1616,11.517,11.6216,11.6216,12.0773,13.815,15.2616,15.3345,15.3345,15.8637,15.8637,15.9945,15.9945,17.682,17.8927,19.0913,19.439,19.439,19.8371,19.8371,20.256,20.9817,20.9817,21.6026,21.9718,21.9718,22.0225,22.4371,22.4533,22.4533,22.5772,22.5772,23.7083,24.4383,24.4383,24.7413,27.1109,27.1373,27.1373,27.5355,27.5355,27.7588,27.7588,27.9014,28.38,28.7357,28.7357,28.8556,30.0341,30.0341,31.3405,31.5309,31.5309,32.2816,32.5027,32.5386,33.1235
2.3727956761209326,-53.7311,-53.7308,-53.7308,-53.7275,-53.7275,-53.7113,-53.7113,-53.7103,-53.7006,-53.6506,-53.6483,-53.6483,-44.8977,-44.8977,-44.8976,-44.8953,-44.8951,-44.8951,-15.659,-14.5209,-14.4202,-14.4202,-14.4027,-14.0821,-14.0676,-14.0676,-5.3974,-4.9892,-4.9892,-4.5613,-4.5613,-4.5554,-4.484,-4.4513,-4.4513,-3.791,-3.7909,-3.7477,-3.6189,-3.6189,-3.1479,-3.1479,-3.1012,-2.9983,-2.994,-2.994,-1.9233,-1.8908,-1.8908,-1.1055,-1.0426,-1.0426,-0.6636,-0.4273,-0.4273,-0.3654,0.4186,0.4186,0.4567,0.6577,0.6577,0.8936,0.8936,0.9412,0.9967,1.2048,1.2048,1.6936,1.6936,3.2862,3.2862,3.2907,3.3338,3.4426,3.4426,3.7013,3.7338,3.7338,3.8278,3.8278,7.0016,10.6896,11.1761,11.1761,11.5583,11.7249,11.7249,12.2219,13.8706,15.2226,15.322,15.322,15.8449,15.8449,16.0022,16.0022,17.6717,17.8712,18.9768,19.3549,19.3549,19.7961,19.7961,20.2872,20.9549,20.9549,21.3511,21.9512,21.9512,22.0041,22.4111,22.4285,22.4285,22.6016,22.6016,23.7799,24.7224,24.7224,24.9327,26.9551,26.9551,26.9887,27.4227,27.4227,27.6302,27.6302,27.8735,28.4348,28.7389,28.7389,29.0752,30.2206,30.2206,31.3546,31.6008,31.6009,32.3563,32.602,32.6759,33.1185
2.4051663065405946,-53.731,-53.7306,-53.7306,-53.7273,-53.7273,-53.7116,-53.7116,-53.7103,-53.6998,-53.6515,-53.6484,-53.6484,-44.8977,-44.8977,-44.8976,-44.8953,-44.8951,-44.8951,-15.6407,-14.5407,-14.4157,-14.4157,-14.3992,-14.0911,-14.0727,-14.0727,-5.3697,-4.9797,-4.9797,-4.5458,-4.5458,-4.5371,-4.4859,-4.439,-4.439,-3.8168,-3.8168,-3.7613,-3.624,-3.624,-3.1887,-3.1887,-3.1382,-3.0033,-3.0033,-2.9983,-1.8819,-1.8251,-1.8251,-1.1291,-1.0531,-1.0531,-0.6763,-0.4054,-0.4054,-0.3297,0.4116,0.4116,0.4259,0.6281,0.6281,0.8741,0.8741,0.9764,1.0132,1.2507,1.2507,1.7031,1.7031,3.2065,3.2591,3.2591,3.3153,3.3949,3.3949,3.6552,3.7267,3.7267,3.838,3.838,7.1137,10.5943,11.1964,11.1964,11.6011,11.8398,11.8398,12.3777,13.9353,15.1791,15.3047,15.3047,15.823,15.823,16.0123,16.0123,17.6446,17.8493,18.8634,19.2074,19.2074,19.8139,19.8139,20.3231,20.9375,20.9375,21.1,21.9343,21.9343,21.9825,22.3865,22.4016,22.4016,22.626,22.626,23.8549,25.0015,25.0015,25.0798,26.7816,26.7816,26.8787,27.2723,27.2723,27.5354,27.5354,27.8636,28.4996,28.7411,28.7411,29.3204,30.4118,30.4118,31.3828,31.6797,31.6798,32.4529,32.6563,32.6809,33.2341
2.4375369369602566,-53.7309,-53.7304,-53.7304,-53.7271,-53.7271,-53.712,-53.712,-53.7103,-53.699,-53.6524,-53.6485,-53.6485,-44.8977,-44.8977,-44.8976,-44.8953,-44.8951,-44.8951,-15.62,-14.5626,-14.4107,-14.4107,-14.3962,-14.1004,-14.0784,-14.0784,-5.3386,-4.9692,-4.9692,-4.53,-4.53,-4.5173,-4.488,-4.4231,-4.4231,-3.8461,-3.8461,-3.7789,-3.6303,-3.6303,-3.2289,-3.2289,-3.1729,-3.0132,-3.0132,-2.9983,-1.8397,-1.7578,-1.7578,-1.1512,-1.064,-1.064,-0.6911,-0.381,-0.381,-0.2926,0.3802,0.4041,0.4041,0.6005,0.6005,0.8526,0.8526,1.0297,1.0314,1.2921,1.2921,1.7178,1.7178,3.1178,3.231,3.231,3.295,3.3429,3.3429,3.6012,3.7163,3.7163,3.8498,3.8498,7.2362,10.4975,11.2216,11.2216,11.6447,11.9653,11.9653,12.5437,14.0084,15.1322,15.2813,15.2813,15.7987,15.7987,16.0254,16.0254,17.5875,17.835,18.7592,19.0274,19.0274,19.8655,19.8655,20.3632,20.8526,20.9281,20.9281,21.9213,21.9213,21.9581,22.3656,22.3732,22.3732,22.6497,22.6497,23.9303,25.1663,25.2468,25.2468,26.6247,26.6247,26.7829,27.1335,27.1335,27.4502,27.4502,27.8887,28.5745,28.7489,28.7489,29.5903,30.5996,30.5996,31.4256,31.7641,31.7642,32.5458,32.6521,32.6791,33.249
2.4699075673799187,-53.7308,-53.7302,-53.7302,-53.7268,-53.7268,-53.7124,-53.7124,-53.7103,-53.6981,-53.6535,-53.6485,-53.6485,-44.8977,-44.8977,-44.8976,-44.8953,-44.8951,-44.8951,-15.5971,-14.5864,-14.4052,-14.4052,-14.3936,-14.1099,-14.0845,-14.0845,-5.3044,-4.9579,-4.9579,-4.5144,-4.5144,-4.4967,-4.4902,-4.403,-4.403,-3.8785,-3.8785,-3.8011,-3.6381,-3.6381,-3.2675,-3.2675,-3.2036,-3.0233,-3.0233,-2.9983,-1.7976,-1.6901,-1.6901,-1.1708,-1.0752,-1.0752,-0.7083,-0.3544,-0.3544,-0.2548,0.3239,0.3963,0.3963,0.5746,0.5746,0.8296,0.8296,1.0508,1.0978,1.327,1.327,1.7394,1.7394,3.0267,3.2006,3.2006,3.2734,3.2895,3.2895,3.5395,3.7033,3.7033,3.8625,3.8625,7.3674,10.3989,11.2505,11.2505,11.6882,12.1002,12.1002,12.7191,14.0887,15.0834,15.25,15.25,15.773,15.773,16.042,16.042,17.4929,17.8325,18.67,18.8348,18.8348,19.9348,19.9348,20.4068,20.6113,20.9256,20.9256,21.912,21.912,21.9311,22.3444,22.3444,22.3502,22.6725,22.6725,24.0034,25.1856,25.4126,25.4126,26.4888,26.4888,26.6958,27.0623,27.0623,27.3647,27.3647,27.9657,28.6596,28.7653,28.7653,29.8833,30.7777,30.7777,31.4826,31.8483,31.8485,32.5923,32.5953,32.7,33.2126
2.5022781977995807,-53.7307,-53.7301,-53.7301,-53.7264,-53.7264,-53.7128,-53.7128,-53.7103,-53.6971,-53.6546,-53.6486,-53.6486,-44.8977,-44.8977,-44.8975,-44.8953,-44.8951,-44.8951,-15.5724,-14.612,-14.3994,-14.3994,-14.3914,-14.1192,-14.0911,-14.091,-5.2678,-4.9459,-4.9459,-4.4994,-4.4994,-4.4925,-4.4758,-4.3787,-4.3787,-3.9135,-3.9135,-3.8281,-3.6478,-3.6478,-3.3038,-3.3037,-3.2293,-3.0336,-3.0336,-2.9984,-1.7564,-1.6235,-1.6235,-1.187,-1.0864,-1.0864,-0.728,-0.3256,-0.3256,-0.2174,0.2615,0.3885,0.3885,0.5496,0.5496,0.8057,0.8057,1.071,1.1772,1.354,1.354,1.7691,1.7691,2.9352,3.1634,3.1634,3.2407,3.2407,3.2508,3.4706,3.6882,3.6882,3.8751,3.8751,7.5056,10.298,11.2821,11.2821,11.7306,12.2434,12.2434,12.9032,14.1748,15.0342,15.2087,15.2087,15.7474,15.7474,16.0624,16.0624,17.3624,17.8394,18.5977,18.6396,18.6396,20.0144,20.0144,20.3781,20.4532,20.9297,20.9297,21.9017,21.9051,21.9051,22.3158,22.3158,22.3421,22.6948,22.6948,24.0713,25.1455,25.4542,25.4542,26.3688,26.3688,26.6068,27.0933,27.0933,27.2994,27.2994,28.1026,28.7547,28.7918,28.7918,30.1974,30.9408,30.9408,31.5526,31.9223,31.9228,32.5083,32.5273,32.7281,32.8623
2.5346488282192428,-53.7305,-53.7299,-53.7299,-53.726,-53.726,-53.7133,-53.7133,-53.7103,-53.696,-53.6558,-53.6487,-53.6487,-44.8978,-44.8978,-44.8975,-44.8953,-44.8951,-44.8951,-15.5462,-14.6392,-14.3933,-14.3933,-14.3896,-14.128,-14.0979,-14.0979,-5.2291,-4.9337,-4.9337,-4.4947,-4.4845,-4.4845,-4.4551,-4.3506,-4.3506,-3.9505,-3.9505,-3.8597,-3.6599,-3.6599,-3.337,-3.337,-3.2492,-3.0439,-3.0439,-2.9984,-1.7167,-1.5591,-1.5591,-1.1992,-1.0974,-1.0974,-0.7504,-0.2947,-0.2947,-0.1815,0.1974,0.3809,0.3809,0.525,0.525,0.7817,0.7817,1.0917,1.2651,1.3726,1.3726,1.8073,1.8073,2.8453,3.1134,3.1134,3.2039,3.2039,3.2278,3.3952,3.6718,3.6718,3.8872,3.8872,7.6493,10.1944,11.3153,11.3153,11.7711,12.3935,12.3935,13.0952,14.2645,14.9865,15.1557,15.1557,15.7234,15.7234,16.087,16.087,17.2021,17.8528,18.4471,18.4471,18.5407,20.1001,20.1001,20.155,20.5016,20.9407,20.9407,21.8703,21.8991,21.8991,22.2876,22.2876,22.3431,22.7181,22.7181,24.1299,25.065,25.376,25.376,26.2578,26.2578,26.5083,27.0881,27.0881,27.4003,27.4003,28.2953,28.8286,28.8286,28.8598,30.5295,31.084,31.084,31.6342,31.9664,31.9668,32.4351,32.4396,32.5425,32.7815
2.567019458638905,-53.7304,-53.7298,-53.7298,-53.7255,-53.7255,-53.7139,-53.7139,-53.7103,-53.6949,-53.657,-53.6488,-53.6488,-44.8978,-44.8978,-44.8975,-44.8954,-44.8951,-44.8951,-15.5188,-14.6675,-14.388,-14.3871,-14.3871,-14.1363,-14.1047,-14.1047,-5.1892,-4.9213,-4.9213,-4.4969,-4.4695,-4.4695,-4.4353,-4.3193,-4.3193,-3.9889,-3.9889,-3.8953,-3.6746,-3.6746,-3.3668,-3.3667,-3.2636,-3.0537,-3.0537,-2.9984,-1.6792,-1.498,-1.498,-1.2068,-1.1081,-1.1081,-0.7757,-0.2618,-0.2618,-0.149,0.1358,0.3736,0.3736,0.5001,0.5001,0.7584,0.7584,1.1122,1.3592,1.3834,1.3834,1.8534,1.8534,2.7589,3.0524,3.0524,3.1785,3.1785,3.2051,3.314,3.6546,3.6546,3.8985,3.8985,7.7969,10.0876,11.3489,11.3489,11.8091,12.5493,12.5493,13.2938,14.3553,14.9427,15.0899,15.0899,15.702,15.702,16.116,16.116,17.0186,17.8709,18.261,18.261,18.4954,19.9442,20.1883,20.1883,20.5513,20.959,20.959,21.8375,21.8922,21.8922,22.2593,22.2593,22.3544,22.745,22.745,24.172,24.9681,25.2218,25.2218,26.1593,26.1593,26.3993,26.9931,26.9931,27.6781,27.6781,28.531,28.8761,28.8761,28.9751,30.8751,31.2013,31.2013,31.7269,31.9578,31.958,32.2856,32.4072,32.4133,32.7647
2.599390089058567,-53.7303,-53.7297,-53.7297,-53.7249,-53.7249,-53.7144,-53.7144,-53.7104,-53.6937,-53.6583,-53.6488,-53.6488,-44.8978,-44.8978,-44.8975,-44.8954,-44.8951,-44.8951,-15.4909,-14.6966,-14.3867,-14.3809,-14.3809,-14.1439,-14.1116,-14.1116,-5.1487,-4.9093,-4.9093,-4.499,-4.4537,-4.4537,-4.4167,-4.2858,-4.2858,-4.028,-4.028,-3.9338,-3.6925,-3.6925,-3.3926,-3.3926,-3.2728,-3.0631,-3.0631,-2.9984,-1.6443,-1.4412,-1.4412,-1.2094,-1.1184,-1.1184,-0.8041,-0.2271,-0.2271,-0.1236,0.0823,0.3662,0.3662,0.4746,0.4746,0.7367,0.7367,1.1322,1.3879,1.3879,1.4574,1.9057,1.9057,2.6779,2.9857,2.9857,3.1602,3.1602,3.183,3.2278,3.6372,3.6372,3.9087,3.9087,7.9469,9.9775,11.3818,11.3818,11.8438,12.7089,12.7089,13.4975,14.4435,14.9059,15.0109,15.0109,15.684,15.684,16.1491,16.1491,16.8178,17.8924,18.084,18.084,18.4576,19.7477,20.2758,20.2758,20.6009,20.9856,20.9856,21.8037,21.883,21.883,22.2291,22.2291,22.3767,22.7788,22.7788,24.1857,24.8806,25.0292,25.0292,26.079,26.079,26.2826,26.8804,26.8804,28.0181,28.0181,28.795,28.936,28.936,29.1002,31.2256,31.2835,31.2835,31.8338,31.907,31.9071,32.0309,32.4314,32.4701,32.7726
2.631760719478229,-53.7302,-53.7297,-53.7297,-53.7244,-53.7244,-53.715,-53.715,-53.7104,-53.6926,-53.6595,-53.6489,-53.6489,-44.8978,-44.8978,-44.8975,-44.8954,-44.895,-44.895,-15.4631,-14.7256,-14.3855,-14.3749,-14.3749,-14.1506,-14.1182,-14.1182,-5.1087,-4.8979,-4.8979,-4.5009,-4.4367,-4.4367,-4.3999,-4.251,-4.251,-4.067,-4.067,-3.9735,-3.7134,-3.7134,-3.4144,-3.4144,-3.2778,-3.0716,-3.0716,-2.9985,-1.6127,-1.3894,-1.3894,-1.2069,-1.1283,-1.1283,-0.8352,-0.1906,-0.1906,-0.1125,0.0454,0.3579,0.3579,0.4491,0.4491,0.7172,0.7172,1.1509,1.3878,1.3878,1.5575,1.9626,1.9626,2.6043,2.9166,2.9166,3.138,3.1466,3.1466,3.1623,3.62,3.62,3.9178,3.9178,8.0981,9.8641,11.413,11.413,11.875,12.8706,12.8706,13.7041,14.5246,14.881,14.9196,14.9196,15.6695,15.6695,16.1863,16.1863,16.6045,17.9172,17.9186,17.9186,18.4236,19.5688,20.3588,20.3588,20.6494,21.021,21.021,21.7699,21.8712,21.8712,22.1947,22.1947,22.4102,22.8236,22.8236,24.1567,24.8205,24.8205,24.8273,26.0201,26.0201,26.1625,26.7639,26.7639,28.3743,28.3743,29.017,29.017,29.0738,29.2348,31.3183,31.3183,31.5575,31.776,31.8578,31.858,31.9709,32.4768,32.4938,32.7955
2.664131349897891,-53.7302,-53.7296,-53.7296,-53.7238,-53.7238,-53.7156,-53.7156,-53.7104,-53.6915,-53.6607,-53.649,-53.649,-44.8978,-44.8978,-44.8975,-44.8954,-44.895,-44.895,-15.4362,-14.7536,-14.3846,-14.3693,-14.3693,-14.1563,-14.1243,-14.1243,-5.0704,-4.8875,-4.8875,-4.5026,-4.4181,-4.4181,-4.3851,-4.2167,-4.2167,-4.1047,-4.1047,-4.0127,-3.7371,-3.7371,-3.432,-3.432,-3.2796,-3.0792,-3.0791,-2.9985,-1.5847,-1.3434,-1.3434,-1.1991,-1.1379,-1.1379,-0.8688,-0.1529,-0.1529,-0.1227,0.0332,0.3469,0.3469,0.4253,0.4253,0.7005,0.7005,1.1679,1.3848,1.3848,1.657,2.0221,2.0221,2.5403,2.8472,2.8472,3.046,3.1364,3.1364,3.1435,3.6039,3.6039,3.9255,3.9255,8.2487,9.7475,11.4413,11.4413,11.902,13.0317,13.0317,13.9091,14.5942,14.818,14.818,14.8734,15.6582,15.6582,16.2264,16.2264,16.3825,17.7673,17.7673,17.9447,18.3905,19.4104,20.4339,20.4339,20.6954,21.0652,21.0652,21.7372,21.8579,21.8579,22.1541,22.1541,22.4539,22.8821,22.8821,24.0827,24.6084,24.6084,24.8184,25.9834,25.9834,26.0434,26.6484,26.6484,28.6928,28.6928,29.154,29.154,29.3547,29.3783,31.3006,31.3006,31.5298,31.8104,31.8368,31.8372,32.206,32.5251,32.551,32.8749
2.6965019803175534,-53.7301,-53.7296,-53.7296,-53.7231,-53.7231,-53.7162,-53.7162,-53.7103,-53.6905,-53.6618,-53.649,-53.649,-44.8978,-44.8978,-44.8974,-44.8954,-44.895,-44.895,-15.4111,-14.7797,-14.3839,-14.3642,-14.3642,-14.161,-14.1298,-14.1298,-5.0352,-4.8784,-4.8784,-4.504,-4.3976,-4.3976,-4.3726,-4.1887,-4.1887,-4.1357,-4.1357,-4.0495,-3.7627,-3.7627,-3.4457,-3.4457,-3.2793,-3.0855,-3.0855,-2.9985,-1.5609,-1.3035,-1.3035,-1.1865,-1.1473,-1.1473,-0.9041,-0.1474,-0.115,-0.115,0.0397,0.3303,0.3303,0.4065,0.4065,0.6869,0.6869,1.1827,1.3805,1.3805,1.7526,2.0823,2.0823,2.4881,2.7793,2.7793,2.9541,3.1273,3.1292,3.1292,3.5895,3.5895,3.932,3.932,8.397,9.6286,11.466,11.466,11.9247,13.189,13.189,14.1037,14.6545,14.7093,14.7093,14.8866,15.6499,15.6499,16.155,16.268,16.268,17.6331,17.6331,17.9746,18.3565,19.2758,20.4979,20.4979,20.7372,21.1164,21.1164,21.7069,21.8451,21.8451,22.1067,22.1067,22.5056,22.9555,22.9555,23.9803,24.4019,24.4019,24.8438,25.9298,25.9681,25.9681,26.5374,26.5374,28.8919,28.8919,29.4147,29.4147,29.5296,29.625,31.2471,31.2471,31.2927,31.8357,31.836,31.9578,32.4803,32.5717,32.5904,32.7649
2.7288726107372154,-53.73,-53.7295,-53.7295,-53.7226,-53.7226,-53.7168,-53.7168,-53.7103,-53.6896,-53.6627,-53.6491,-53.6491,-44.8978,-44.8978,-44.8974,-44.8954,-44.895,-44.895,-15.3894,-14.8024,-14.3834,-14.3601,-14.3601,-14.1647,-14.1344,-14.1344,-5.0048,-4.871,-4.871,-4.5052,-4.375,-4.375,-4.3627,-4.1957,-4.1957,-4.1328,-4.1328,-4.0816,-3.7885,-3.7885,-3.4559,-3.4559,-3.2778,-3.0907,-3.0907,-2.9985,-1.5417,-1.27,-1.27,-1.1697,-1.1567,-1.1567,-0.9397,-0.1739,-0.0783,-0.0783,0.0522,0.3076,0.3076,0.3948,0.3948,0.6764,0.6764,1.1948,1.3758,1.3758,1.8395,2.1407,2.1407,2.4501,2.7152,2.7152,2.8658,3.114,3.1242,3.1242,3.5774,3.5774,3.937,3.937,8.54,9.5094,11.486,11.486,11.9427,13.3371,13.3371,14.2682,14.5987,14.5987,14.7268,14.9146,15.6437,15.6437,15.9245,16.3081,16.3081,17.5197,17.5197,18.0059,18.3209,19.1682,20.5486,20.5486,20.7728,21.1705,21.1705,21.6804,21.8354,21.8354,22.0543,22.0543,22.5607,23.0413,23.0413,23.8712,24.2084,24.2084,24.8869,25.8266,25.9721,25.9721,26.4343,26.4343,28.9893,28.9893,29.6856,29.7657,29.7657,29.8698,31.0683,31.1829,31.1829,31.8271,31.8272,32.0511,32.5286,32.5844,32.678,32.7867
2.7612432411568775,-53.73,-53.7295,-53.7295,-53.7221,-53.7221,-53.7173,-53.7173,-53.7103,-53.6889,-53.6635,-53.6491,-53.6491,-44.8978,-44.8978,-44.8974,-44.8954,-44.895,-44.895,-15.3723,-14.8203,-14.383,-14.3569,-14.3569,-14.1674,-14.1379,-14.1379,-4.9812,-4.8655,-4.8655,-4.506,-4.3554,-4.3501,-4.3501,-4.2267,-4.2267,-4.1088,-4.1088,-4.1067,-3.812,-3.812,-3.4628,-3.4628,-3.2762,-3.0944,-3.0944,-2.9985,-1.5276,-1.2429,-1.2429,-1.1663,-1.1663,-1.1503,-0.9732,-0.1952,-0.0459,-0.0459,0.0637,0.283,0.283,0.3885,0.3885,0.6691,0.6691,1.2037,1.3718,1.3718,1.911,2.1932,2.1932,2.4283,2.6587,2.6587,2.7872,3.1042,3.121,3.121,3.5682,3.5682,3.9406,3.9406,8.6721,9.3947,11.5008,11.5008,11.9557,13.4669,13.4669,14.3748,14.4957,14.4957,14.847,14.9452,15.6396,15.6396,15.6935,16.3429,16.3429,17.4321,17.4321,18.0375,18.2854,19.0901,20.5851,20.5851,20.8003,21.2204,21.2204,21.6596,21.832,21.832,22.002,22.002,22.6124,23.1329,23.1329,23.7747,24.0384,24.0384,24.9333,25.7409,25.9916,25.9916,26.3437,26.3437,29.0441,29.0441,29.8399,30.0704,30.1248,30.1248,30.8645,31.1266,31.1266,31.7816,31.7818,32.1173,32.4387,32.5272,32.5767,32.689
2.7936138715765395,-53.73,-53.7295,-53.7295,-53.7217,-53.7217,-53.7176,-53.7176,-53.7103,-53.6885,-53.6639,-53.6491,-53.6491,-44.8978,-44.8978,-44.8974,-44.8955,-44.895,-44.895,-15.3613,-14.8318,-14.3828,-14.3549,-14.3549,-14.169,-14.1401,-14.1401,-4.9661,-4.8621,-4.8621,-4.5066,-4.351,-4.3234,-4.3234,-4.259,-4.259,-4.1229,-4.0896,-4.0896,-3.8293,-3.8293,-3.4668,-3.4668,-3.2749,-3.0967,-3.0967,-2.9985,-1.5189,-1.2229,-1.2229,-1.1758,-1.1758,-1.1321,-1.0002,-0.2087,-0.0223,-0.0223,0.0715,0.2634,0.2634,0.3856,0.3856,0.6647,0.6647,1.2092,1.3691,1.3691,1.9587,2.2325,2.2325,2.4211,2.6171,2.6171,2.7289,3.0982,3.1193,3.1193,3.5625,3.5625,3.9428,3.9428,8.7792,9.2982,11.5099,11.5099,11.9635,13.562,13.562,14.4166,14.4166,14.4225,14.9658,15.0219,15.4669,15.6372,15.6372,16.3671,16.3671,17.3759,17.3759,18.0642,18.2554,19.0428,20.6069,20.6069,20.8177,21.2565,21.2565,21.6462,21.8355,21.8355,21.9587,21.9587,22.6508,23.2131,23.2131,23.7073,23.9104,23.9104,24.9696,25.682,26.0181,26.0181,26.2745,26.2745,29.0747,29.0747,29.9732,30.205,30.4252,30.4252,30.7011,31.0888,31.0888,31.688,31.688,32.1543,32.3889,32.4302,32.4629,32.6707
2.8259845019962015,-53.73,-53.7295,-53.7295,-53.7215,-53.7215,-53.7178,-53.7178,-53.7103,-53.6883,-53.6641,-53.6491,-53.6491,-44.8978,-44.8978,-44.8974,-44.8955,-44.895,-44.895,-15.3575,-14.8357,-14.3827,-14.3542,-14.3542,-14.1695,-14.1409,-14.1409,-4.9609,-4.861,-4.861,-4.5068,-4.3495,-4.3017,-4.3017,-4.2827,-4.2827,-4.1285,-4.0823,-4.0823,-3.8358,-3.8358,-3.4682,-3.4682,-3.2744,-3.0974,-3.0974,-2.9985,-1.516,-1.2141,-1.2141,-1.1811,-1.1811,-1.1237,-1.0115,-0.2133,-0.0134,-0.0134,0.0742,0.2557,0.2557,0.3847,0.3847,0.6633,0.6633,1.2111,1.3682,1.3682,1.9755,2.2477,2.2477,2.4208,2.6011,2.6011,2.7064,3.0961,3.1188,3.1188,3.5605,3.5605,3.9435,3.9435,8.8256,9.2554,11.5129,11.5129,11.9662,13.5983,13.5983,14.3856,14.3856,14.435,14.9744,15.1827,15.2909,15.6364,15.6364,16.3759,16.3759,17.3565,17.3565,18.0758,18.2427,19.0272,20.6142,20.6142,20.8237,21.2699,21.2699,21.6416,21.8395,21.8395,21.9401,21.9401,22.6651,23.2482,23.2482,23.683,23.8594,23.8594,24.9836,25.6606,26.0324,26.0324,26.2459,26.2459,29.0849,29.0849,30.0337,30.2529,30.5562,30.5562,30.6305,31.0756,31.0756,31.6254,31.6255,32.1683,32.3659,32.3904,32.4236,32.6713
2.8259845019962015,-53.73,-53.7295,-53.7295,-53.7215,-53.7215,-53.7178,-53.7178,-53.7103,-53.6883,-53.6641,-53.6491,-53.6491,-44.8978,-44.8978,-44.8974,-44.8955,-44.895,-44.895,-15.3575,-14.8357,-14.3827,-14.3542,-14.3542,-14.1695,-14.1409,-14.1409,-4.9609,-4.861,-4.861,-4.5068,-4.3495,-4.3017,-4.3017,-4.2827,-4.2827,-4.1285,-4.0823,-4.0823,-3.8358,-3.8358,-3.4682,-3.4682,-3.2744,-3.0974,-3.0974,-2.9985,-1.516,-1.2141,-1.2141,-1.1811,-1.1811,-1.1237,-1.0115,-0.2133,-0.0134,-0.0134,0.0742,0.2557,0.2557,0.3847,0.3847,0.6633,0.6633,1.2111,1.3682,1.3682,1.9755,2.2477,2.2477,2.4208,2.6011,2.6011,2.7064,3.0961,3.1188,3.1188,3.5605,3.5605,3.9435,3.9435,8.8256,9.2554,11.5129,11.5129,11.9662,13.5983,13.5983,14.3856,14.3856,14.435,14.9744,15.1827,15.2909,15.6364,15.6364,16.3759,16.3759,17.3565,17.3565,18.0758,18.2427,19.0272,20.6142,20.6142,20.8237,21.2699,21.2699,21.6416,21.8395,21.8395,21.9401,21.9401,22.6651,23.2482,23.2482,23.683,23.8594,23.8594,24.9836,25.6606,26.0324,26.0324,26.2459,26.2459,29.0849,29.0849,30.0337,30.2529,30.5562,30.5562,30.6305,31.0756,31.0756,31.6254,31.6255,32.1683,32.3727,32.3899,32.5217,32.6691
2.8586837714514988,-53.73,-53.7295,-53.7295,-53.7216,-53.7216,-53.7178,-53.7178,-53.7104,-53.6883,-53.6641,-53.6491,-53.6491,-44.8978,-44.8978,-44.8974,-44.8955,-44.895,-44.895,-15.3561,-14.8364,-14.3824,-14.3553,-14.3539,-14.1694,-14.1414,-14.1414,-4.9591,-4.8609,-4.8598,-4.5074,-4.3624,-4.3054,-4.295,-4.2777,-4.2752,-4.1311,-4.082,-4.0799,-3.8372,-3.8354,-3.4683,-3.4678,-3.2761,-3.1001,-3.0986,-3.001,-1.5143,-1.225,-1.2247,-1.1672,-1.1655,-1.1221,-1.0113,-0.2218,-0.016,-0.0079,0.0766,0.2534,0.2558,0.3842,0.3857,0.6664,0.6678,1.2062,1.3656,1.3709,1.9784,2.2393,2.2493,2.4248,2.5789,2.6012,2.7283,3.093,3.1158,3.1182,3.5555,3.5619,3.9392,3.943,8.8313,9.2628,11.4899,11.5141,11.9922,13.592,13.6057,14.3783,14.3891,14.4418,14.9752,15.1935,15.287,15.6361,15.6454,16.3729,16.3824,17.3504,17.3513,18.0748,18.2409,19.0241,20.6064,20.6118,20.8169,21.242,21.2688,21.6276,21.7934,21.8307,21.9301,21.9645,22.6919,23.2245,23.2542,23.7186,23.8619,23.8804,25.0207,25.6946,25.8811,25.8897,26.3899,26.3962,29.055,29.0602,29.9962,30.2621,30.5363,30.5631,30.5979,31.061,31.0812,31.644,31.6711,32.1751,32.3434,32.365,32.45,32.7408
2.8913830531145255,-53.7299,-53.7295,-53.7294,-53.7216,-53.7216,-53.7178,-53.7177,-53.7104,-53.6881,-53.6643,-53.6492,-53.6491,-44.8979,-44.8978,-44.8974,-44.8955,-44.895,-44.895,-15.3521,-14.8382,-14.3813,-14.3581,-14.3526,-14.169,-14.1429,-14.1427,-4.9537,-4.8607,-4.8561,-4.5093,-4.3869,-4.3123,-4.2887,-4.2671,-4.2534,-4.1373,-4.0812,-4.0743,-3.8413,-3.8341,-3.4686,-3.4668,-3.2809,-3.1079,-3.1021,-3.0083,-1.5093,-1.2422,-1.2394,-1.1412,-1.1411,-1.1131,-1.0093,-0.2442,-0.0235,0.005,0.0836,0.2465,0.2565,0.383,0.3888,0.6756,0.6807,1.1921,1.3586,1.3792,1.9865,2.2172,2.2535,2.4332,2.5364,2.6016,2.7704,3.0801,3.1074,3.1202,3.5408,3.5658,3.9265,3.9415,8.8481,9.2849,11.432,11.5177,12.059,13.5741,13.6277,14.3575,14.3995,14.4612,14.9783,15.2241,15.2767,15.6352,15.6713,16.364,16.4018,17.3324,17.3361,18.0718,18.2362,19.0148,20.5837,20.6048,20.7972,21.1612,21.2654,21.5894,21.6858,21.8233,21.8821,22.0169,22.7586,23.1807,23.272,23.7991,23.8737,23.941,25.1278,25.6537,25.6851,25.7943,26.5962,26.6243,28.9679,28.9892,29.8972,30.2904,30.4765,30.4976,30.5969,31.0185,31.0892,31.6978,31.7907,32.1962,32.2537,32.2698,32.3876,32.8614
2.9240823225698223,-53.7298,-53.7294,-53.7292,-53.7217,-53.7216,-53.7178,-53.7177,-53.7106,-53.6878,-53.6645,-53.6493,-53.6492,-44.8979,-44.8978,-44.8973,-44.8955,-44.895,-44.895,-15.3454,-14.8415,-14.3799,-14.3624,-14.3507,-14.1684,-14.1454,-14.1449,-4.9449,-4.8602,-4.8501,-4.5125,-4.4139,-4.3195,-4.2837,-4.2538,-4.2266,-4.1438,-4.0796,-4.068,-3.8479,-3.832,-3.4691,-3.4651,-3.2887,-3.1206,-3.1083,-3.02,-1.5013,-1.2586,-1.251,-1.1294,-1.1103,-1.0886,-1.0003,-0.275,-0.0354,0.0189,0.0953,0.2345,0.2574,0.3833,0.3944,0.6901,0.7006,1.1699,1.3488,1.3926,1.9978,2.1867,2.2592,2.435,2.4955,2.6031,2.8156,3.0559,3.0956,3.1273,3.5172,3.5716,3.9054,3.9392,8.8757,9.3208,11.3565,11.5234,12.1485,13.5472,13.6641,14.3261,14.4167,14.4896,14.9855,15.2601,15.2733,15.6335,15.7112,16.3497,16.433,17.302,17.311,18.0649,18.2308,18.9992,20.5481,20.5937,20.7651,21.0351,21.2589,21.5406,21.5468,21.7917,21.8253,22.0802,22.831,23.1612,23.3005,23.8542,23.9347,24.0338,25.2922,25.4211,25.4872,25.9511,26.7986,26.8643,28.8304,28.8783,29.7567,30.3381,30.3769,30.3939,30.6061,30.953,31.091,31.7782,31.9424,32.1559,32.2134,32.2431,32.415,32.8988
2.95678160423285,-53.7298,-53.7294,-53.729,-53.7218,-53.7217,-53.7179,-53.7176,-53.7107,-53.6874,-53.6648,-53.6494,-53.6492,-44.8979,-44.8978,-44.8973,-44.8956,-44.895,-44.895,-15.3361,-14.8463,-14.3785,-14.3673,-14.348,-14.1679,-14.1487,-14.1481,-4.9327,-4.8591,-4.8418,-4.5168,-4.4416,-4.3267,-4.2795,-4.2385,-4.1997,-4.1474,-4.0771,-4.0627,-3.8565,-3.8293,-3.4693,-3.4628,-3.2989,-3.1375,-3.1176,-3.0349,-1.4908,-1.2735,-1.2598,-1.1237,-1.0757,-1.0684,-0.9712,-0.3102,-0.0511,0.0291,0.1117,0.2178,0.257,0.3881,0.4023,0.709,0.7253,1.1415,1.3386,1.4105,2.0086,2.1529,2.2642,2.4109,2.475,2.6063,2.8589,3.0229,3.0837,3.1384,3.4858,3.5782,3.8763,3.9359,8.9134,9.3693,11.2732,11.5308,12.2496,13.5146,13.7146,14.2877,14.4402,14.5219,14.9992,15.2457,15.3307,15.6306,15.7625,16.3306,16.4745,17.2593,17.2765,18.051,18.2292,18.9767,20.5014,20.5794,20.7217,20.875,21.2466,21.3886,21.4985,21.6724,21.8314,22.1498,22.8694,23.2021,23.3381,23.8687,24.046,24.1462,25.1875,25.309,25.5058,26.1546,26.9919,27.1099,28.6534,28.7375,29.5877,30.2385,30.2926,30.4047,30.5891,30.8743,31.0875,31.8706,32.04,32.0774,32.2491,32.2969,32.4458,33.0086
2.9894808736881466,-53.7297,-53.7293,-53.7287,-53.7219,-53.7218,-53.7179,-53.7175,-53.711,-53.6869,-53.6651,-53.6496,-53.6493,-44.8979,-44.8979,-44.8972,-44.8956,-44.895,-44.8949,-15.3243,-14.8528,-14.3799,-14.3696,-14.3447,-14.1677,-14.1529,-14.152,-4.9176,-4.8573,-4.8314,-4.5223,-4.4696,-4.3339,-4.2775,-4.2212,-4.1766,-4.1433,-4.0734,-4.0593,-3.8663,-3.8261,-3.4691,-3.4597,-3.3111,-3.1581,-3.1308,-3.0518,-1.478,-1.2869,-1.2665,-1.1186,-1.0626,-1.0378,-0.9177,-0.3476,-0.0701,0.0343,0.1321,0.1973,0.252,0.4012,0.4114,0.7316,0.7528,1.109,1.3303,1.4323,2.0127,2.1224,2.2665,2.3675,2.4661,2.6121,2.8976,2.9835,3.0755,3.1525,3.4487,3.5849,3.8396,3.932,8.9603,9.4289,11.1867,11.5396,12.3561,13.4797,13.7785,14.2462,14.4696,14.5531,15.022,15.2307,15.397,15.6262,15.8228,16.3073,16.5243,17.2046,17.234,18.0262,18.2374,18.9472,20.4433,20.5599,20.6704,20.6948,21.2154,21.227,21.4758,21.5409,21.8375,22.2237,22.8682,23.2996,23.3829,23.8767,24.165,24.2569,24.9717,25.1682,25.7444,26.3928,27.177,27.3588,28.4489,28.5784,29.3986,30.0686,30.1978,30.4848,30.5371,30.7915,31.0856,31.9371,32.0347,32.0381,32.3599,32.4055,32.4979,33.0346
3.0221801553511733,-53.7296,-53.7291,-53.7283,-53.722,-53.7219,-53.718,-53.7174,-53.7112,-53.6863,-53.6656,-53.6498,-53.6493,-44.898,-44.8979,-44.8972,-44.8957,-44.895,-44.8949,-15.3101,-14.8613,-14.3852,-14.3676,-14.3406,-14.1679,-14.1577,-14.1566,-4.9002,-4.8538,-4.819,-4.5287,-4.4977,-4.3412,-4.2797,-4.2024,-4.1609,-4.1276,-4.068,-4.0575,-3.8768,-3.8228,-3.4682,-3.456,-3.3248,-3.1816,-3.1489,-3.0689,-1.4636,-1.2989,-1.2722,-1.1146,-1.0616,-0.997,-0.8491,-0.3858,-0.0919,0.0353,0.1556,0.1743,0.2403,0.4201,0.4238,0.7572,0.7809,1.0752,1.3262,1.4571,1.9997,2.105,2.2642,2.3209,2.4508,2.6201,2.9296,2.9405,3.0747,3.169,3.4086,3.5911,3.7959,3.9275,9.0154,9.4971,11.0993,11.5491,12.4634,13.4452,13.8552,14.2048,14.5039,14.579,15.0555,15.2177,15.4671,15.6197,15.8899,16.2808,16.5798,17.1387,17.1854,17.9891,18.2596,18.9098,20.3651,20.5135,20.5222,20.6265,21.0302,21.2042,21.4119,21.4753,21.842,22.2995,22.8489,23.4212,23.4325,23.8794,24.276,24.3289,24.7896,25.0979,25.996,26.6529,27.3566,27.6096,28.2281,28.414,29.1968,29.8766,30.1051,30.4497,30.5721,30.7101,31.094,31.9037,32.0233,32.0836,32.4266,32.5816,32.5848,33.1167
3.0548794248064706,-53.7296,-53.7289,-53.7279,-53.7221,-53.722,-53.7181,-53.7173,-53.7115,-53.6856,-53.6662,-53.6499,-53.6494,-44.898,-44.8979,-44.8971,-44.8957,-44.895,-44.8949,-15.2937,-14.872,-14.3914,-14.3638,-14.336,-14.1687,-14.163,-14.162,-4.8823,-4.8471,-4.8048,-4.5361,-4.5259,-4.3488,-4.2866,-4.1822,-4.1479,-4.1084,-4.0607,-4.0546,-3.8872,-3.8195,-3.4661,-3.4516,-3.3394,-3.207,-3.1723,-3.0851,-1.4479,-1.3098,-1.2776,-1.1154,-1.0567,-0.9537,-0.7717,-0.4236,-0.1165,0.0338,0.1498,0.1804,0.2232,0.4267,0.4539,0.7853,0.8077,1.0428,1.3279,1.4841,1.9677,2.1024,2.2563,2.2754,2.4247,2.6284,2.8978,2.9538,3.0817,3.1877,3.3693,3.5963,3.7464,3.9226,9.0776,9.5714,11.0125,11.5588,12.5671,13.4131,13.9436,14.1666,14.5421,14.5976,15.0992,15.208,15.5373,15.6105,15.9618,16.2523,16.6382,17.0632,17.1331,17.9423,18.2977,18.8642,20.2369,20.3661,20.4496,20.6107,20.8403,21.185,21.2959,21.4921,21.8445,22.3747,22.822,23.485,23.5439,23.8717,24.3242,24.337,24.6963,25.133,26.2437,26.9208,27.5315,27.8609,28.0005,28.2643,28.989,29.6735,30.0069,30.3354,30.6314,30.6596,31.118,31.84,32.0148,32.1402,32.5069,32.703,32.7414,33.1726
3.0875786942617673,-53.7296,-53.7288,-53.7275,-53.7223,-53.7221,-53.7181,-53.7172,-53.7119,-53.6848,-53.6669,-53.6501,-53.6495,-44.898,-44.8979,-44.897,-44.8958,-44.8949,-44.8949,-15.2752,-14.885,-14.397,-14.3592,-14.3308,-14.1704,-14.1684,-14.1679,-4.8677,-4.8335,-4.7892,-4.5543,-4.5444,-4.3567,-4.2973,-4.1611,-4.1363,-4.0952,-4.0509,-4.0443,-3.897,-3.8166,-3.4627,-3.4466,-3.3547,-3.2334,-3.2005,-3.1,-1.4311,-1.3197,-1.2832,-1.1232,-1.0435,-0.9085,-0.6902,-0.4591,-0.1438,0.0312,0.1252,0.1901,0.2179,0.4291,0.4887,0.8155,0.8316,1.0146,1.336,1.5122,1.9267,2.105,2.2325,2.2423,2.3878,2.6319,2.8616,2.9715,3.0909,3.208,3.337,3.6002,3.6923,3.9174,9.1457,9.6479,10.9284,11.568,12.6626,13.385,14.0425,14.1351,14.5827,14.6089,15.1507,15.2029,15.5979,15.6039,16.0362,16.2226,16.6962,16.9805,17.0805,17.8903,18.3527,18.8099,20.0636,20.2463,20.3532,20.617,20.6577,21.1728,21.1992,21.5208,21.8453,22.4456,22.7888,23.5384,23.6416,23.8549,24.2544,24.3114,24.7488,25.2597,26.4703,27.1743,27.6845,27.7743,28.1102,28.1767,28.7817,29.4698,29.8941,30.2103,30.5607,30.7339,31.159,31.7726,32.0112,32.1768,32.5971,32.8177,32.8768,33.3019
3.120277975924794,-53.7295,-53.7286,-53.727,-53.7224,-53.7222,-53.7182,-53.7171,-53.7122,-53.6839,-53.6677,-53.6502,-53.6496,-44.898,-44.8979,-44.897,-44.8959,-44.8949,-44.8948,-15.2549,-14.9005,-14.4016,-14.3544,-14.3252,-14.175,-14.1742,-14.1719,-4.8579,-4.8117,-4.7725,-4.5827,-4.5534,-4.3648,-4.3107,-4.1396,-4.1339,-4.083,-4.0381,-4.0254,-3.906,-3.8145,-3.4579,-3.4409,-3.3703,-3.2598,-3.2324,-3.1136,-1.4133,-1.3285,-1.2894,-1.1365,-1.023,-0.8621,-0.6141,-0.4847,-0.174,0.0288,0.1013,0.1667,0.243,0.426,0.5256,0.8474,0.8516,0.9933,1.35,1.5404,1.884,2.1063,2.1931,2.2225,2.3423,2.6224,2.8407,2.9841,3.0932,3.2297,3.3195,3.6028,3.6353,3.912,9.2183,9.7217,10.8499,11.5761,12.7447,13.3615,14.1135,14.1502,14.6145,14.6238,15.1981,15.2113,15.5813,15.6623,16.1115,16.193,16.7498,16.8942,17.0316,17.8388,18.4255,18.7473,19.8867,20.1082,20.2461,20.4958,20.6377,21.1254,21.1676,21.5578,21.8448,22.5075,22.7478,23.5914,23.6407,23.8864,24.1611,24.2824,24.8781,25.4342,26.6591,27.3615,27.5575,27.7802,28.2445,28.3441,28.5912,29.276,29.7602,30.0898,30.497,30.7881,31.2166,31.707,32.0095,32.1987,32.683,32.8604,32.9804,33.2944
3.152977245380091,-53.7295,-53.7285,-53.7266,-53.7225,-53.7223,-53.7182,-53.717,-53.7126,-53.6829,-53.6686,-53.6503,-53.6496,-44.898,-44.8979,-44.8969,-44.8959,-44.8949,-44.8948,-15.2332,-14.9183,-14.4046,-14.3493,-14.3194,-14.1808,-14.1807,-14.1749,-4.8502,-4.785,-4.7551,-4.611,-4.563,-4.3731,-4.3258,-4.1449,-4.1182,-4.0631,-4.0222,-4.004,-3.9142,-3.8136,-3.4519,-3.4346,-3.3859,-3.285,-3.2666,-3.1263,-1.3946,-1.3363,-1.2959,-1.1529,-0.9974,-0.8154,-0.5823,-0.4636,-0.2069,0.0271,0.079,0.1378,0.2713,0.4163,0.5628,0.8671,0.8807,0.9806,1.3678,1.5677,1.8447,2.1036,2.1584,2.1974,2.2911,2.5947,2.8409,2.9906,3.0833,3.2525,3.3219,3.5782,3.6042,3.9065,9.2941,9.7863,10.7818,11.5825,12.8088,13.3419,14.1042,14.2643,14.6169,14.6629,15.2073,15.2635,15.5609,15.7073,16.1643,16.187,16.7918,16.8084,16.9939,17.7932,18.5174,18.6785,19.7208,19.9415,20.1353,20.3587,20.6697,21.0753,21.1675,21.6002,21.8441,22.5543,22.6971,23.5384,23.6443,23.9793,24.0731,24.2943,25.0281,25.6235,26.7963,27.36,27.4016,27.9047,28.339,28.4612,28.6429,29.1057,29.6071,29.9817,30.444,30.8139,31.2897,31.6474,32.0065,32.2115,32.7489,32.7714,33.0871,33.2511
3.1856765270431184,-53.7295,-53.7284,-53.7261,-53.7226,-53.7225,-53.7181,-53.717,-53.713,-53.6819,-53.6695,-53.6504,-53.6497,-44.898,-44.8979,-44.8968,-44.896,-44.8949,-44.8948,-15.2105,-14.9379,-14.406,-14.3443,-14.3135,-14.1875,-14.1861,-14.1785,-4.8427,-4.7563,-4.7375,-4.6389,-4.5729,-4.3814,-4.3417,-4.1635,-4.0971,-4.0382,-4.003,-3.9841,-3.9217,-3.8142,-3.4453,-3.4277,-3.4011,-3.3075,-3.3019,-3.1382,-1.3749,-1.343,-1.3029,-1.1711,-0.9685,-0.7697,-0.6026,-0.3901,-0.2421,0.0264,0.0588,0.1079,0.2983,0.4002,0.5992,0.8783,0.915,0.9772,1.3856,1.5928,1.813,2.0956,2.1303,2.1676,2.2368,2.5535,2.8585,2.9884,3.0644,3.2761,3.3416,3.5241,3.6044,3.901,9.3713,9.8328,10.7312,11.5866,12.8519,13.3246,14.107,14.3805,14.6199,14.698,15.2204,15.313,15.5379,15.7344,16.1371,16.2635,16.7282,16.8055,16.984,17.7572,18.6058,18.6318,19.5676,19.7598,20.0256,20.2391,20.7112,21.0469,21.1704,21.6453,21.8444,22.5787,22.6349,23.4072,23.6991,24.005,24.0838,24.3412,25.1782,25.8022,26.8689,27.1966,27.3593,28.0653,28.1565,28.74,28.8754,28.9804,29.4462,29.8846,30.4064,30.8099,31.3771,31.5963,31.9986,32.2214,32.5974,32.8189,33.1368,33.2468
3.218375796498415,-53.7295,-53.7284,-53.7257,-53.7226,-53.7226,-53.718,-53.717,-53.7133,-53.681,-53.6705,-53.6505,-53.6498,-44.8981,-44.898,-44.8968,-44.8961,-44.8949,-44.8948,-15.1879,-14.9585,-14.4056,-14.3395,-14.3079,-14.1938,-14.1911,-14.1827,-4.8352,-4.7278,-4.7205,-4.6652,-4.5827,-4.3898,-4.3576,-4.1856,-4.0762,-4.0117,-3.981,-3.9677,-3.9278,-3.8169,-3.4394,-3.4202,-3.4154,-3.3372,-3.3252,-3.1492,-1.3548,-1.3486,-1.3099,-1.1898,-0.9382,-0.7271,-0.6333,-0.3083,-0.278,0.0266,0.0409,0.0789,0.3218,0.379,0.6344,0.8856,0.95,0.9825,1.3985,1.6144,1.7937,2.0822,2.1104,2.1336,2.182,2.5069,2.8865,2.9761,3.0415,3.3003,3.3718,3.4774,3.6038,3.8955,9.4475,9.8528,10.7063,11.588,12.8734,13.3078,14.1166,14.489,14.629,14.7312,15.2405,15.3505,15.515,15.7444,16.1113,16.3397,16.6588,16.782,17.0126,17.7307,18.5436,18.7628,19.4196,19.5857,19.9209,20.1294,20.76,21.0358,21.1741,21.6892,21.8491,22.5606,22.5749,23.2763,23.7608,23.9618,24.187,24.4137,25.3143,25.9405,26.8725,27.0911,27.3352,27.9747,28.1701,28.9287,29.0362,29.0985,29.3028,29.7957,30.3915,30.7866,31.4773,31.5495,31.9793,32.2261,32.3691,32.8137,33.1249,33.1758
3.251075078161442,-53.7294,-53.7284,-53.7253,-53.7228,-53.7225,-53.7179,-53.7171,-53.7136,-53.68,-53.6714,-53.6505,-53.6498,-44.8981,-44.898,-44.8967,-44.8961,-44.8949,-44.8948,-15.1672,-14.9784,-14.4035,-14.3353,-14.3029,-14.1995,-14.1953,-14.1872,-4.8286,-4.7063,-4.7055,-4.6838,-4.5914,-4.398,-4.3726,-4.2085,-4.0552,-3.9871,-3.9574,-3.9554,-3.9313,-3.8216,-3.4368,-3.4282,-3.4123,-3.3713,-3.3353,-3.1589,-1.3529,-1.3355,-1.3167,-1.2069,-0.9092,-0.6912,-0.6625,-0.3113,-0.2328,0.0254,0.0274,0.0534,0.3399,0.3546,0.6686,0.8898,0.9854,0.9948,1.4027,1.6309,1.7902,2.0653,2.0962,2.0973,2.1308,2.461,2.9205,2.9567,3.0138,3.3248,3.4079,3.4419,3.6026,3.8901,9.5181,9.8432,10.7118,11.5861,12.8746,13.2908,14.1226,14.5631,14.6508,14.7801,15.2666,15.3678,15.4966,15.7454,16.0865,16.4046,16.6054,16.7489,17.0617,17.7103,18.4971,18.9145,19.2612,19.4445,19.8241,20.027,20.8141,21.0369,21.1767,21.7253,21.8635,22.4754,22.5414,23.1558,23.8357,23.9405,24.2872,24.5057,25.4213,26.0054,26.8344,27.0713,27.3462,27.8036,28.1815,28.9631,29.1074,29.3069,29.3828,29.7146,30.4117,30.7669,31.4987,31.5874,31.9124,32.1421,32.2303,32.7959,33.1184,33.2849
3.283774347616739,-53.7294,-53.7284,-53.7251,-53.723,-53.7222,-53.7177,-53.7173,-53.7138,-53.6794,-53.6721,-53.6505,-53.6499,-44.8981,-44.898,-44.8967,-44.8962,-44.8949,-44.8948,-15.1516,-14.994,-14.3999,-14.332,-14.299,-14.2039,-14.1987,-14.1917,-4.8253,-4.7157,-4.6942,-4.6706,-4.5975,-4.406,-4.3853,-4.2305,-4.0339,-3.973,-3.946,-3.9336,-3.9266,-3.8282,-3.4465,-3.432,-3.4082,-3.3992,-3.3355,-3.1671,-1.3558,-1.3234,-1.3203,-1.2185,-0.8861,-0.6843,-0.6679,-0.336,-0.173,0.0118,0.0277,0.0367,0.3291,0.3503,0.7029,0.8924,1.0124,1.0208,1.3973,1.6407,1.8014,2.0376,2.0558,2.0898,2.097,2.4204,2.9319,2.9577,2.9816,3.3492,3.4188,3.4478,3.6011,3.8847,9.5693,9.8178,10.7451,11.5807,12.857,13.2751,14.1137,14.5704,14.6899,14.8689,15.2928,15.3611,15.487,15.7504,16.0617,16.4279,16.5721,16.7499,17.1138,17.6935,18.4775,19.0495,19.1215,19.3467,19.7381,19.9327,20.8712,21.0452,21.1765,21.7473,21.8928,22.3826,22.4822,23.0489,23.9212,23.9404,24.3849,24.6121,25.4846,25.9888,26.7973,27.1373,27.3757,27.6474,28.1362,28.9958,29.0225,29.5127,29.5699,29.6739,30.4837,30.7806,31.4362,31.6665,31.7274,32.0406,32.2234,32.6661,33.1133,33.2434
3.283774347616739,-53.7294,-53.7284,-53.7251,-53.723,-53.7222,-53.7177,-53.7173,-53.7138,-53.6794,-53.6721,-53.6505,-53.6499,-44.8981,-44.898,-44.8967,-44.8962,-44.8949,-44.8948,-15.1516,-14.994,-14.3999,-14.332,-14.299,-14.2039,-14.1987,-14.1917,-4.8253,-4.7157,-4.6942,-4.6706,-4.5975,-4.406,-4.3853,-4.2305,-4.0339,-3.973,-3.946,-3.9336,-3.9266,-3.8282,-3.4465,-3.432,-3.4082,-3.3992,-3.3355,-3.1671,-1.3558,-1.3234,-1.3203,-1.2185,-0.8861,-0.6843,-0.6679,-0.336,-0.173,0.0118,0.0277,0.0367,0.3291,0.3503,0.7029,0.8924,1.0124,1.0208,1.3973,1.6407,1.8014,2.0376,2.0558,2.0898,2.097,2.4204,2.9319,2.9577,2.9816,3.3492,3.4188,3.4478,3.6011,3.8847,9.5693,9.8178,10.7451,11.5807,12.857,13.2751,14.1137,14.5704,14.6899,14.8689,15.2928,15.3611,15.487,15.7504,16.0617,16.4279,16.5721,16.7499,17.1138,17.6935,18.4775,19.0495,19.1215,19.3467,19.7381,19.9327,20.8712,21.0452,21.1765,21.7473,21.8928,22.3826,22.4822,23.0489,23.9212,23.9404,24.3849,24.6121,25.4846,25.9888,26.7973,27.1373,27.3757,27.6474,28.1362,28.9958,29.0225,29.5127,29.5699,29.6739,30.4837,30.7806,31.4362,31.6665,31.7274,32.0405,32.2233,32.6693,33.1027,33.2956
3.3168124839419004,-53.7294,-53.7284,-53.7251,-53.7231,-53.7221,-53.7179,-53.7171,-53.7138,-53.6793,-53.6721,-53.6505,-53.6499,-44.8981,-44.898,-44.8967,-44.8962,-44.8949,-44.8948,-15.1503,-14.995,-14.3996,-14.3348,-14.2966,-14.206,-14.1972,-14.1913,-4.8238,-4.7161,-4.6952,-4.6678,-4.5985,-4.4202,-4.3704,-4.2294,-4.0377,-3.9755,-3.9547,-3.9255,-3.9233,-3.8271,-3.4492,-3.4401,-3.4001,-3.3958,-3.3351,-3.1698,-1.3559,-1.3232,-1.318,-1.2195,-0.8878,-0.6867,-0.6621,-0.3364,-0.1713,-0.0041,0.0328,0.0412,0.3355,0.3511,0.6997,0.8844,1.0206,1.0245,1.3976,1.6327,1.8066,2.0091,2.0317,2.0867,2.1484,2.4256,2.9346,2.9465,2.9951,3.3339,3.4274,3.4428,3.6062,3.8802,9.5728,9.819,10.7502,11.5623,12.8763,13.2763,14.1153,14.516,14.7451,14.875,15.2933,15.3647,15.4858,15.7468,16.0508,16.3518,16.6451,16.7549,17.1229,17.6881,18.4773,19.0446,19.1069,19.3283,19.7547,19.9424,20.8585,21.067,21.1626,21.757,21.892,22.3883,22.4693,23.0445,23.8908,23.9262,24.4216,24.6413,25.486,25.9786,26.775,27.1622,27.3966,27.6021,28.1577,28.9123,29.0982,29.4777,29.6255,29.6466,30.4995,30.779,31.4539,31.6594,31.7198,32.0089,32.2263,32.6783,33.1442,33.2937
3.3498506202670617,-53.7293,-53.7284,-53.7252,-53.7233,-53.7218,-53.7182,-53.7168,-53.7139,-53.6791,-53.6723,-53.6505,-53.6499,-44.8981,-44.898,-44.8967,-44.8962,-44.8949,-44.8948,-15.1462,-14.9982,-14.3987,-14.3417,-14.2909,-14.2099,-14.1948,-14.1904,-4.8193,-4.7173,-4.6968,-4.6604,-4.6016,-4.4409,-4.3472,-4.2262,-4.0484,-3.9885,-3.9587,-3.923,-3.9093,-3.8243,-3.4559,-3.4537,-3.3875,-3.3862,-3.334,-3.1778,-1.3553,-1.3227,-1.3122,-1.2226,-0.8915,-0.694,-0.6455,-0.3378,-0.166,-0.0267,0.0221,0.0562,0.3531,0.354,0.6908,0.864,1.0353,1.0414,1.3986,1.6109,1.8184,1.9558,2.0151,2.0779,2.2173,2.4393,2.9325,2.9424,3.016,3.2994,3.43,3.4422,3.6195,3.8672,9.583,9.8225,10.7652,11.511,12.9304,13.2798,14.1197,14.4278,14.8357,14.8933,15.2946,15.3749,15.4823,15.7364,16.0199,16.228,16.7576,16.7699,17.1482,17.6727,18.4772,19.029,19.0669,19.2779,19.8014,19.9707,20.8259,21.1203,21.125,21.7847,21.8888,22.4012,22.4396,23.0311,23.8191,23.8855,24.5113,24.7253,25.4879,25.949,26.7198,27.2275,27.4569,27.4883,28.202,28.8055,29.1707,29.4575,29.5715,29.7187,30.5406,30.7722,31.5014,31.6391,31.699,31.9275,32.2311,32.6463,33.0951,33.3079
3.382888756592223,-53.7292,-53.7284,-53.7252,-53.7236,-53.7215,-53.7185,-53.7165,-53.714,-53.6788,-53.6726,-53.6505,-53.65,-44.8981,-44.898,-44.8967,-44.8962,-44.8949,-44.8948,-15.1395,-15.0037,-14.3974,-14.3502,-14.2841,-14.2147,-14.1927,-14.1891,-4.8122,-4.7193,-4.6973,-4.6502,-4.6068,-4.4623,-4.3217,-4.2208,-4.0637,-4.0101,-3.9556,-3.9205,-3.8959,-3.8206,-3.467,-3.4639,-3.3767,-3.3719,-3.3322,-3.1909,-1.3529,-1.3219,-1.305,-1.2276,-0.8945,-0.7061,-0.6205,-0.3409,-0.1568,-0.0491,0.0075,0.0649,0.3609,0.3784,0.6777,0.8359,1.0516,1.0691,1.4002,1.5788,1.8281,1.9188,1.9905,2.0645,2.2863,2.4575,2.9244,2.9547,3.0354,3.2555,3.4144,3.4537,3.6371,3.8467,9.5998,9.827,10.7897,11.4359,13.0095,13.2854,14.1253,14.3374,14.9246,14.9315,15.2967,15.3895,15.4778,15.7199,15.9742,16.0948,16.7944,16.8681,17.1859,17.6488,18.4781,19.0005,19.0109,19.2066,19.8722,20.0163,20.78,21.0496,21.2071,21.8278,21.8787,22.3743,22.4524,23.0091,23.7334,23.8235,24.6249,24.855,25.485,25.9045,26.6495,27.3189,27.3386,27.5524,28.2413,28.6857,29.198,29.4628,29.5053,29.8294,30.5935,30.7552,31.558,31.6092,31.6763,31.8211,32.2421,32.6042,33.1178,33.3781
3.4159268929173847,-53.729,-53.7284,-53.7252,-53.7238,-53.7212,-53.7188,-53.7162,-53.7142,-53.6784,-53.673,-53.6505,-53.6501,-44.8981,-44.898,-44.8966,-44.8962,-44.8949,-44.8948,-15.1302,-15.0114,-14.3956,-14.3591,-14.277,-14.2202,-14.1909,-14.1877,-4.8027,-4.7224,-4.6958,-4.6379,-4.6142,-4.4838,-4.294,-4.2133,-4.082,-4.0358,-3.9498,-3.919,-3.8831,-3.8175,-3.4785,-3.4718,-3.3647,-3.3583,-3.3296,-3.2087,-1.3478,-1.3209,-1.2985,-1.2347,-0.894,-0.7227,-0.5894,-0.347,-0.1434,-0.0689,-0.0088,0.0648,0.3737,0.4072,0.6628,0.8025,1.0718,1.0999,1.4024,1.5391,1.8262,1.9085,1.9612,2.0475,2.3521,2.4758,2.925,2.9702,3.0498,3.2059,3.4007,3.4594,3.6562,3.8209,9.6229,9.8305,10.8228,11.347,13.1023,13.2932,14.1301,14.2506,14.9693,15.0284,15.2998,15.4033,15.4755,15.6994,15.9152,15.9608,16.828,16.9657,17.2317,17.6184,18.4828,18.9509,18.9544,19.1285,19.9616,20.0771,20.7242,20.9535,21.303,21.8546,21.8827,22.3241,22.5042,22.979,23.648,23.7477,24.7463,25.0178,25.4699,25.8513,26.577,27.1729,27.4255,27.6806,28.2602,28.5575,29.1769,29.3344,29.6259,29.954,30.6437,30.7215,31.5708,31.5711,31.6907,31.714,32.2555,32.5293,33.1651,33.4708
3.4489650292425464,-53.7288,-53.7284,-53.7251,-53.7241,-53.7209,-53.7191,-53.716,-53.7144,-53.6779,-53.6735,-53.6504,-53.6501,-44.898,-44.898,-44.8966,-44.8963,-44.8949,-44.8948,-15.1184,-15.0217,-14.3932,-14.3674,-14.2698,-14.2262,-14.1894,-14.1864,-4.7914,-4.7268,-4.6918,-4.6238,-4.6236,-4.5054,-4.2641,-4.2036,-4.1017,-4.0645,-3.9428,-3.9188,-3.8708,-3.8164,-3.4872,-3.4791,-3.3521,-3.3455,-3.3262,-3.2306,-1.3399,-1.3198,-1.2941,-1.2436,-0.8874,-0.7436,-0.5542,-0.358,-0.1257,-0.0835,-0.0246,0.0548,0.3933,0.4351,0.6492,0.765,1.094,1.1303,1.405,1.495,1.8189,1.9185,1.9301,2.028,2.4118,2.4908,2.9357,2.9871,3.0566,3.1537,3.3927,3.4582,3.6752,3.7926,9.6518,9.8303,10.8636,11.2534,13.1968,13.3029,14.1318,14.1731,15.0279,15.1251,15.3038,15.4086,15.479,15.6798,15.8014,15.8746,16.8699,17.0399,17.2824,17.5829,18.4972,18.8865,18.8987,19.0571,20.0647,20.1497,20.6614,20.8381,21.403,21.8135,21.9457,22.2751,22.5759,22.9418,23.5712,23.6667,24.8684,25.1979,25.4348,25.7961,26.5139,27.0041,27.5406,27.8369,28.2455,28.4351,29.1357,29.199,29.7879,30.089,30.6512,30.69,31.5097,31.5346,31.645,31.7334,32.2706,32.4653,33.1523,33.5387
3.4820031655677077,-53.7287,-53.7284,-53.7251,-53.7243,-53.7206,-53.7194,-53.7157,-53.7146,-53.6772,-53.6741,-53.6504,-53.6502,-44.898,-44.898,-44.8965,-44.8963,-44.8948,-44.8948,-15.1041,-15.0346,-14.3906,-14.3747,-14.2624,-14.2327,-14.1882,-14.1857,-4.779,-4.7329,-4.6848,-4.6352,-4.6074,-4.5269,-4.232,-4.1918,-4.1221,-4.0955,-3.9355,-3.9198,-3.8589,-3.8186,-3.4925,-3.4853,-3.3391,-3.3339,-3.3221,-3.2558,-1.3298,-1.3185,-1.292,-1.2542,-0.8737,-0.768,-0.5164,-0.3762,-0.1046,-0.0911,-0.0377,0.0354,0.4181,0.4569,0.6411,0.7255,1.117,1.1556,1.4077,1.4528,1.8183,1.8995,1.935,2.0073,2.4615,2.501,2.9568,3.0032,3.0543,3.103,3.3927,3.4495,3.6931,3.7651,9.6859,9.8227,10.9107,11.163,13.2789,13.3143,14.1132,14.1275,15.0996,15.2191,15.3092,15.4032,15.4821,15.6583,15.6704,15.8172,16.9193,17.0795,17.3356,17.5425,18.5297,18.8037,18.8628,18.995,20.176,20.23,20.5946,20.7113,21.4981,21.7593,22.0121,22.2282,22.6598,22.899,23.5103,23.5893,24.9874,25.3751,25.3763,25.7416,26.4759,26.8416,27.6615,28.0082,28.1733,28.3487,29.0719,29.0869,29.9709,30.23,30.5696,30.6837,31.4356,31.4878,31.632,31.7528,32.285,32.4092,33.2001,33.533
3.5150413018928695,-53.7285,-53.7285,-53.7249,-53.7245,-53.7203,-53.7197,-53.7154,-53.7149,-53.6765,-53.6748,-53.6504,-53.6503,-44.898,-44.898,-44.8965,-44.8964,-44.8948,-44.8948,-15.0875,-15.0503,-14.3876,-14.3805,-14.255,-14.2398,-14.1871,-14.1855,-4.766,-4.7413,-4.6748,-4.6482,-4.5893,-4.5482,-4.1979,-4.1779,-4.1424,-4.1282,-3.9291,-3.9218,-3.8471,-3.8249,-3.4943,-3.49,-3.3259,-3.3234,-3.317,-3.2834,-1.3198,-1.3174,-1.2898,-1.2665,-0.8526,-0.7955,-0.4774,-0.4029,-0.0907,-0.0865,-0.0413,0.0085,0.4442,0.4669,0.6433,0.6872,1.1393,1.1679,1.4099,1.4216,1.8278,1.8711,1.9525,1.9871,2.4956,2.5063,2.9868,3.0156,3.0436,3.0594,3.401,3.4345,3.7096,3.7417,9.7248,9.8033,10.9625,11.0826,13.3271,13.3319,14.083,14.115,15.1811,15.2854,15.3333,15.3927,15.4714,15.5213,15.6823,15.7649,16.9749,17.0775,17.3899,17.4964,18.5849,18.721,18.8512,18.9369,20.2874,20.3096,20.5304,20.5837,21.5808,21.7005,22.0763,22.181,22.7425,22.8528,23.4755,23.5246,25.1006,25.2972,25.5236,25.685,26.4858,26.6934,27.7883,28.0523,28.1658,28.2985,28.9807,29.0338,30.1583,30.3719,30.458,30.625,31.3968,31.4429,31.6516,31.7348,32.3019,32.3651,33.4107,33.7671
3.5480794382180307,-53.7285,-53.7285,-53.7248,-53.7248,-53.72,-53.72,-53.7152,-53.7152,-53.6756,-53.6756,-53.6503,-53.6503,-44.898,-44.898,-44.8964,-44.8964,-44.8948,-44.8948,-15.0687,-15.0687,-14.3846,-14.3846,-14.2473,-14.2473,-14.1861,-14.1861,-4.7528,-4.7528,-4.6621,-4.6621,-4.5693,-4.5693,-4.1628,-4.1628,-4.1613,-4.1613,-3.9246,-3.9246,-3.8352,-3.8352,-3.4931,-3.4931,-3.314,-3.314,-3.3108,-3.3108,-1.3163,-1.3163,-1.2804,-1.2804,-0.8251,-0.8251,-0.4381,-0.4381,-0.0851,-0.0851,-0.0219,-0.0219,0.4628,0.4628,0.658,0.6581,1.1596,1.1596,1.4108,1.4108,1.8464,1.8464,1.9692,1.9692,2.5079,2.5079,3.018,3.018,3.0324,3.0324,3.4163,3.4163,3.7245,3.7245,9.7677,9.7677,11.0175,11.0175,13.3411,13.3411,14.092,14.092,15.2608,15.2608,15.3852,15.3852,15.448,15.448,15.7174,15.7174,17.0347,17.0347,17.4444,17.4444,18.651,18.651,18.8793,18.8793,20.3567,20.3567,20.4988,20.4988,21.6446,21.6446,22.1322,22.1322,22.8056,22.8056,23.481,23.481,25.2043,25.2043,25.6208,25.6208,26.5653,26.5653,27.9197,27.9197,28.2568,28.2568,28.9772,28.9772,30.3246,30.3246,30.5102,30.5102,31.4068,31.4068,31.6908,31.6908,32.3287,32.3288,33.3683,33.5322
3.5480794382180307,-53.7285,-53.7285,-53.7248,-53.7248,-53.72,-53.72,-53.7152,-53.7152,-53.6756,-53.6756,-53.6503,-53.6503,-44.898,-44.898,-44.8964,-44.8964,-44.8948,-44.8948,-15.0687,-15.0687,-14.3846,-14.3846,-14.2473,-14.2473,-14.1861,-14.1861,-4.7528,-4.7528,-4.6621,-4.6621,-4.5693,-4.5693,-4.1628,-4.1628,-4.1613,-4.1613,-3.9246,-3.9246,-3.8352,-3.8352,-3.4931,-3.4931,-3.314,-3.314,-3.3108,-3.3108,-1.3163,-1.3163,-1.2804,-1.2804,-0.8251,-0.8251,-0.4381,-0.4381,-0.0851,-0.0851,-0.0219,-0.0219,0.4628,0.4628,0.658,0.6581,1.1596,1.1596,1.4108,1.4108,1.8464,1.8464,1.9692,1.9692,2.5079,2.5079,3.018,3.018,3.0324,3.0324,3.4163,3.4163,3.7245,3.7245,9.7677,9.7677,11.0175,11.0175,13.3411,13.3411,14.092,14.092,15.2608,15.2608,15.3852,15.3852,15.448,15.448,15.7174,15.7174,17.0347,17.0347,17.4444,17.4444,18.651,18.651,18.8793,18.8793,20.3567,20.3567,20.4988,20.4988,21.6446,21.6446,22.1322,22.1322,22.8056,22.8056,23.481,23.481,25.2043,25.2043,25.6208,25.6208,26.5653,26.5653,27.9197,27.9197,28.2568,28.2568,28.9772,28.9772,30.3246,30.3246,30.5102,30.5102,31.4068,31.4068,31.6908,31.6908,32.3288,32.3295,33.3763,33.6874
3.5811175745431925,-53.7285,-53.7285,-53.7251,-53.7245,-53.7203,-53.7197,-53.7155,-53.7148,-53.6769,-53.6744,-53.6504,-53.6502,-44.898,-44.898,-44.8965,-44.8964,-44.8948,-44.8948,-15.0968,-15.0409,-14.3889,-14.3802,-14.2583,-14.2364,-14.1871,-14.1844,-4.7708,-4.7336,-4.6823,-4.6429,-4.5989,-4.5398,-4.177,-4.1714,-4.1522,-4.1468,-3.9309,-3.9216,-3.8544,-3.8208,-3.4936,-3.4872,-3.3323,-3.3273,-3.2936,-3.2926,-1.3195,-1.3153,-1.2983,-1.2587,-0.8677,-0.7818,-0.4941,-0.3831,-0.1013,-0.0975,-0.0411,0.0222,0.4448,0.4744,0.6301,0.6881,1.1241,1.1741,1.4141,1.4189,1.8224,1.885,1.9478,1.9932,2.5074,2.5077,3.0026,3.0112,3.039,3.0523,3.3904,3.4415,3.7059,3.7452,9.6999,9.8251,10.9419,11.0981,13.3136,13.3557,14.0557,14.1357,15.1211,15.2903,15.3396,15.396,15.5093,15.523,15.6578,15.7816,16.9422,17.1104,17.3639,17.5177,18.5725,18.6986,18.8601,18.9773,20.347,20.3603,20.498,20.5241,21.5657,21.7125,22.0605,22.1996,22.753,22.886,23.4408,23.5273,25.0572,25.32,25.5105,25.6763,26.4535,26.7629,27.7377,28.0915,28.1847,28.3082,28.9138,29.0719,30.1059,30.2774,30.5055,30.6536,31.3978,31.4472,31.6707,31.7772,32.2909,32.3903,33.3185,33.5606
3.6141557108683537,-53.7286,-53.7285,-53.7254,-53.7242,-53.7207,-53.7194,-53.7158,-53.7144,-53.6782,-53.6731,-53.6504,-53.6501,-44.898,-44.898,-44.8966,-44.8963,-44.8949,-44.8948,-15.1248,-15.0138,-14.3929,-14.3763,-14.2692,-14.2257,-14.1872,-14.1821,-4.7873,-4.7159,-4.7016,-4.6276,-4.6251,-4.511,-4.191,-4.1801,-4.1423,-4.1314,-3.9414,-3.9208,-3.8773,-3.8116,-3.4882,-3.4774,-3.3488,-3.3399,-3.2746,-3.2703,-1.3316,-1.3142,-1.3056,-1.2358,-0.9091,-0.7385,-0.5504,-0.3295,-0.1601,-0.1095,-0.0217,0.0628,0.4211,0.4796,0.604,0.7201,1.0791,1.1619,1.4167,1.4442,1.8156,1.9253,1.9398,2.0194,2.505,2.508,2.9875,2.9962,3.0601,3.0738,3.3637,3.4666,3.6904,3.7672,9.6252,9.8671,10.8775,11.1786,13.2701,13.3614,14.0295,14.1832,14.9563,15.2483,15.279,15.4227,15.5719,15.5737,15.7066,15.8469,16.843,17.1601,17.2776,17.5854,18.5308,18.6357,18.9909,19.0929,20.337,20.3593,20.5203,20.5679,21.4807,21.7664,21.9892,22.2556,22.7296,22.9931,23.4054,23.5806,24.8992,25.2878,25.4976,25.6163,26.4745,26.9992,27.581,28.0893,28.1412,28.4198,28.8948,29.1815,29.8728,29.9887,30.6407,30.7055,31.4205,31.4551,31.7796,31.885,32.2695,32.4748,33.1889,33.6286
3.647193847193515,-53.7287,-53.7285,-53.7257,-53.7238,-53.721,-53.7191,-53.7161,-53.714,-53.6794,-53.6719,-53.6504,-53.65,-44.898,-44.898,-44.8967,-44.8962,-44.8949,-44.8948,-15.1524,-14.9878,-14.3961,-14.3729,-14.28,-14.2153,-14.1863,-14.1796,-4.8019,-4.7289,-4.6943,-4.6515,-4.6086,-4.4833,-4.204,-4.1882,-4.1326,-4.1162,-3.9567,-3.9219,-3.9019,-3.8068,-3.4786,-3.4657,-3.3625,-3.3473,-3.2551,-3.2468,-1.3493,-1.3123,-1.3057,-1.2126,-0.9486,-0.6957,-0.6068,-0.2788,-0.2308,-0.118,0.0067,0.0974,0.393,0.4792,0.5792,0.7531,1.0331,1.1299,1.4117,1.478,1.8264,1.9153,1.9962,2.0469,2.4985,2.5115,2.9728,2.9846,3.0846,3.0943,3.3366,3.492,3.6788,3.7898,9.5464,9.888,10.8317,11.2553,13.2094,13.3621,14.015,14.2316,14.793,15.1636,15.2531,15.451,15.5109,15.6269,15.8656,15.912,16.747,17.1798,17.1879,17.6512,18.5312,18.5552,19.1713,19.22,20.3318,20.3612,20.557,20.6245,21.396,21.8056,21.9219,22.2928,22.7364,23.1249,23.3737,23.6414,24.7365,25.1419,25.4707,25.5533,26.5946,27.2472,27.4753,27.9775,28.0524,28.586,28.9177,29.2933,29.663,29.6741,30.7063,30.7364,31.3581,31.5398,31.9364,31.9974,32.2587,32.5886,33.133,33.5598
3.6802319835186768,-53.7288,-53.7286,-53.726,-53.7236,-53.7213,-53.7189,-53.7163,-53.7135,-53.6806,-53.6708,-53.6504,-53.6499,-44.898,-44.898,-44.8967,-44.8961,-44.8949,-44.8948,-15.1792,-14.9633,-14.3983,-14.3704,-14.2904,-14.2052,-14.1843,-14.1768,-4.8148,-4.7526,-4.6985,-4.6519,-4.5935,-4.4569,-4.2162,-4.1954,-4.1237,-4.1019,-3.9768,-3.9348,-3.9163,-3.8053,-3.4687,-3.4543,-3.3724,-3.3466,-3.2356,-3.2223,-1.3674,-1.3097,-1.3039,-1.1897,-0.9855,-0.6628,-0.6541,-0.3124,-0.2263,-0.1227,0.0388,0.1264,0.3619,0.4743,0.5553,0.7852,0.9914,1.0874,1.3987,1.5085,1.8514,1.9102,2.062,2.075,2.4879,2.5189,2.9584,2.9765,3.1116,3.1117,3.3105,3.5179,3.6721,3.8122,9.4657,9.8834,10.8105,11.3249,13.1324,13.3614,14.0117,14.2782,14.6372,15.0761,15.2328,15.4436,15.4773,15.6656,15.9756,16.0113,16.6684,17.0971,17.1756,17.7173,18.4791,18.5653,19.3586,19.3734,20.3343,20.3714,20.6006,20.6904,21.3184,21.8249,21.8672,22.3075,22.7699,23.2748,23.3473,23.7092,24.5721,24.987,25.2974,25.5663,26.7497,27.3822,27.5512,27.8542,27.9079,28.6628,29.0089,29.2876,29.4672,29.5276,30.6924,30.8003,31.2896,31.6214,32.0645,32.1032,32.2497,32.725,33.1096,33.4823
3.7132701198438385,-53.7289,-53.7287,-53.7263,-53.7233,-53.7215,-53.7187,-53.7165,-53.7131,-53.6817,-53.6697,-53.6504,-53.6498,-44.898,-44.898,-44.8968,-44.896,-44.8949,-44.8948,-15.205,-14.9406,-14.3992,-14.3688,-14.3003,-14.1958,-14.1813,-14.1742,-4.8257,-4.7776,-4.7202,-4.6316,-4.5798,-4.4322,-4.2274,-4.2016,-4.1163,-4.089,-4.0008,-3.9617,-3.9164,-3.8059,-3.4625,-3.4457,-3.3768,-3.3351,-3.2164,-3.1973,-1.3848,-1.3063,-1.3016,-1.1674,-1.019,-0.7181,-0.6155,-0.3938,-0.1793,-0.1235,0.0724,0.1503,0.3293,0.4658,0.5321,0.8116,0.9599,1.0399,1.381,1.5276,1.8858,1.9154,2.1027,2.1315,2.4739,2.5307,2.9447,2.9714,3.1248,3.1375,3.2889,3.5433,3.672,3.8339,9.3845,9.8525,10.8161,11.3854,13.0415,13.3623,14.0171,14.3213,14.4917,14.9903,15.2173,15.3746,15.4998,15.6874,16.036,16.1125,16.6328,17.0068,17.161,17.7823,18.4111,18.6202,19.5092,19.588,20.3467,20.3917,20.6445,20.7634,21.2558,21.7886,21.8653,22.3028,22.8201,23.3075,23.4558,23.7826,24.4073,24.8371,25.1279,25.5192,26.8875,27.4059,27.704,27.7574,27.8235,28.5786,28.9792,29.1859,29.5,29.5661,30.6816,30.8367,31.2208,31.6921,32.138,32.1979,32.2305,32.8626,33.2465,33.3453
3.746308256169,-53.729,-53.7289,-53.7267,-53.723,-53.7217,-53.7185,-53.7167,-53.7127,-53.6828,-53.6687,-53.6503,-53.6497,-44.898,-44.8979,-44.8969,-44.896,-44.8949,-44.8948,-15.2295,-14.92,-14.3986,-14.3682,-14.3097,-14.187,-14.1774,-14.1717,-4.8348,-4.8032,-4.7432,-4.6069,-4.5673,-4.4094,-4.2377,-4.2067,-4.1111,-4.0783,-4.0274,-3.9898,-3.9133,-3.8078,-3.461,-3.4423,-3.3742,-3.3135,-3.198,-3.172,-1.4014,-1.3022,-1.2991,-1.1463,-1.0483,-0.7722,-0.5886,-0.4679,-0.1347,-0.1206,0.1057,0.1695,0.2969,0.4547,0.5095,0.8221,0.9492,0.9906,1.3623,1.5321,1.9242,1.9323,2.1292,2.2009,2.4576,2.5465,2.9327,2.9682,3.1331,3.1537,3.2805,3.5651,3.6811,3.8543,9.3043,9.7995,10.8459,11.4352,12.9397,13.3672,14.0268,14.3594,14.3609,14.9079,15.2068,15.3055,15.5168,15.6913,16.0922,16.1386,16.6682,16.9191,17.149,17.8434,18.3529,18.6841,19.6719,19.8074,20.3726,20.4224,20.682,20.8415,21.2168,21.7371,21.8793,22.2843,22.8752,23.2772,23.639,23.857,24.2434,24.6964,24.9813,25.4175,26.9311,27.4407,27.6015,27.6768,28.0761,28.4091,28.6657,29.3817,29.5618,29.691,30.6817,30.8457,31.1546,31.7528,32.1634,32.2054,32.2805,32.9981,33.1228,33.3361
3.7793463924941615,-53.729,-53.729,-53.7271,-53.7227,-53.7218,-53.7184,-53.7169,-53.7123,-53.6838,-53.6678,-53.6502,-53.6496,-44.898,-44.8979,-44.897,-44.8959,-44.8949,-44.8948,-15.2523,-14.9018,-14.3963,-14.3684,-14.3184,-14.179,-14.1728,-14.1694,-4.8422,-4.8288,-4.7647,-4.5809,-4.5561,-4.3889,-4.2471,-4.2106,-4.1093,-4.0722,-4.053,-4.017,-3.9075,-3.8106,-3.4625,-3.4435,-3.3654,-3.2852,-3.1806,-3.1469,-1.4175,-1.2973,-1.2966,-1.1268,-1.0729,-0.825,-0.6146,-0.4909,-0.1143,-0.0929,0.1367,0.1832,0.267,0.4417,0.4879,0.8114,0.9413,0.9647,1.3455,1.5234,1.9593,1.9616,2.1547,2.2661,2.4407,2.5652,2.9244,2.9653,3.1368,3.1509,3.2949,3.5798,3.7018,3.8731,9.2264,9.7316,10.8948,11.4737,12.8301,13.3778,14.0301,14.2542,14.3913,14.8303,15.1999,15.2396,15.526,15.6792,16.1012,16.1436,16.7542,16.842,17.1477,17.8983,18.3054,18.7487,19.8454,20.0193,20.4205,20.4625,20.7066,20.9232,21.2101,21.6896,21.8937,22.2563,22.9255,23.2442,23.8294,23.9216,24.0825,24.5673,24.8751,25.2788,26.8134,27.3248,27.6637,27.732,28.216,28.2339,28.475,29.5497,29.6922,29.8215,30.6976,30.8237,31.0968,31.8062,32.14,32.2022,32.3477,32.963,33.0549,33.4149
3.8123845288193228,-53.7292,-53.7291,-53.7275,-53.7225,-53.7219,-53.7182,-53.7171,-53.7119,-53.6847,-53.667,-53.6501,-53.6495,-44.898,-44.8979,-44.897,-44.8958,-44.8949,-44.8949,-15.2733,-14.886,-14.3925,-14.3695,-14.3262,-14.1725,-14.1678,-14.1668,-4.8535,-4.848,-4.7843,-4.554,-4.5461,-4.3709,-4.2557,-4.2133,-4.1129,-4.0876,-4.0593,-4.0409,-3.8995,-3.814,-3.4649,-3.4471,-3.353,-3.2537,-3.1644,-3.1222,-1.4332,-1.2939,-1.2918,-1.1093,-1.0925,-0.8761,-0.6896,-0.464,-0.1049,-0.055,0.1637,0.1874,0.2451,0.4274,0.4674,0.7902,0.8934,0.9954,1.333,1.5055,1.9929,1.9932,2.1805,2.3233,2.4252,2.5843,2.9229,2.9603,3.1351,3.1367,3.3271,3.5867,3.7328,3.8898,9.1521,9.6556,10.9573,11.501,12.7157,13.3948,14.0019,14.1962,14.4156,14.7585,15.1676,15.2077,15.5222,15.6583,16.0361,16.1902,16.7395,16.8897,17.1594,17.9457,18.2689,18.8089,20.0262,20.1978,20.51,20.5117,20.7179,21.007,21.2382,21.648,21.9093,22.2207,22.9643,23.21,23.9052,23.983,24.0131,24.4534,24.8284,25.1262,26.5867,27.1255,27.7816,27.8317,28.0648,28.0656,28.6656,29.685,29.8625,29.956,30.7325,30.7683,31.0533,31.8545,32.1089,32.194,32.3954,32.8081,32.8607,33.1223
3.8454226651444845,-53.7293,-53.7292,-53.7279,-53.7223,-53.7219,-53.7181,-53.7172,-53.7116,-53.6855,-53.6663,-53.6499,-53.6494,-44.898,-44.8979,-44.8971,-44.8958,-44.895,-44.8949,-15.2923,-14.8727,-14.3875,-14.3711,-14.333,-14.1691,-14.1627,-14.1625,-4.8767,-4.8524,-4.8018,-4.5372,-4.5266,-4.3557,-4.2636,-4.2155,-4.1245,-4.112,-4.0586,-4.0568,-3.8895,-3.8178,-3.4671,-3.4515,-3.3392,-3.2217,-3.1497,-3.0984,-1.4486,-1.2905,-1.2856,-1.1072,-1.0943,-0.9252,-0.7713,-0.4273,-0.093,-0.0222,0.1754,0.1857,0.2387,0.4131,0.4483,0.7672,0.8475,1.0316,1.326,1.4824,2.0135,2.0311,2.2075,2.3697,2.4137,2.5999,2.9316,2.9494,3.1183,3.1341,3.3669,3.5882,3.7696,3.9043,9.0826,9.5774,11.0292,11.5181,12.5988,13.4182,13.9334,14.1949,14.4311,14.693,15.1118,15.2106,15.4976,15.6408,15.9634,16.2321,16.666,16.9992,17.1826,17.9849,18.2436,18.8623,20.2076,20.3155,20.5623,20.6676,20.7245,21.0917,21.2964,21.6136,21.9269,22.1791,22.9872,23.1766,23.7564,23.9877,24.1521,24.3702,24.8545,24.993,26.3181,26.8947,27.6969,27.7227,28.0885,28.1534,28.9134,29.8127,30.029,30.0935,30.6868,30.7881,31.0228,31.8999,32.09,32.1609,32.3994,32.6626,32.8268,33.1094
3.878460801469646,-53.7295,-53.7293,-53.7283,-53.7221,-53.7218,-53.718,-53.7174,-53.7112,-53.6862,-53.6657,-53.6498,-53.6494,-44.898,-44.8979,-44.8972,-44.8957,-44.895,-44.8949,-15.3091,-14.8619,-14.3815,-14.3732,-14.3389,-14.1679,-14.1576,-14.1572,-4.8978,-4.8557,-4.8171,-4.5293,-4.4989,-4.3433,-4.2705,-4.2187,-4.1447,-4.1323,-4.0688,-4.0562,-3.8786,-3.8217,-3.4686,-3.4558,-3.3251,-3.1912,-3.1366,-3.0758,-1.4636,-1.2859,-1.2788,-1.1177,-1.0826,-0.9717,-0.8492,-0.3886,-0.0791,0.0035,0.1539,0.2026,0.2422,0.4003,0.431,0.7451,0.8047,1.0692,1.325,1.4575,2.0218,2.0707,2.2336,2.4045,2.4106,2.6085,2.9291,2.9523,3.1073,3.1297,3.4085,3.5864,3.808,3.9163,9.0192,9.5018,11.1073,11.5267,12.4818,13.4472,13.8538,14.2202,14.4371,14.6341,15.0635,15.2194,15.4512,15.633,15.8916,16.2691,16.5959,17.0992,17.2136,18.0158,18.2288,18.908,20.3755,20.3909,20.6166,20.7433,20.8597,21.177,21.3762,21.5888,21.9462,22.1326,22.9904,23.1473,23.6108,23.9707,24.1597,24.3476,24.9426,24.948,26.0396,26.6465,27.4829,27.5178,28.2692,28.3424,29.1535,29.9416,30.1729,30.2314,30.5932,30.8614,31.0001,31.9444,32.0846,32.097,32.3545,32.5566,32.5873,33.0916
3.9114989377948075,-53.7296,-53.7294,-53.7286,-53.7219,-53.7218,-53.718,-53.7175,-53.711,-53.6869,-53.6652,-53.6496,-53.6493,-44.8979,-44.8979,-44.8972,-44.8956,-44.895,-44.8949,-15.3236,-14.8532,-14.3755,-14.375,-14.3438,-14.1677,-14.1529,-14.1523,-4.9164,-4.8579,-4.8303,-4.5226,-4.4709,-4.3334,-4.2767,-4.2256,-4.1702,-4.1446,-4.0743,-4.058,-3.8675,-3.8255,-3.4693,-3.4595,-3.3116,-3.1638,-3.1251,-3.0548,-1.4776,-1.2792,-1.2711,-1.1249,-1.0762,-1.0154,-0.9182,-0.3497,-0.064,0.0195,0.1316,0.2158,0.2476,0.3907,0.416,0.7246,0.7657,1.1059,1.3294,1.4333,2.0195,2.1106,2.2524,2.4215,2.4275,2.61,2.8987,2.9829,3.1039,3.1247,3.4489,3.5824,3.8449,3.9259,8.963,9.4323,11.1893,11.5287,12.3667,13.4799,13.7796,14.2548,14.434,14.5813,15.0264,15.2316,15.3921,15.6315,15.8243,16.301,16.5329,17.1832,17.2481,18.0389,18.2231,18.9457,20.4505,20.5009,20.6711,20.8012,21.0431,21.2673,21.4703,21.578,21.9654,22.0829,22.9696,23.1271,23.4826,23.941,24.0843,24.2856,25.0314,25.091,25.7687,26.3964,27.2649,27.2988,28.4677,28.536,29.3764,30.0726,30.2908,30.3617,30.501,30.9421,30.9833,31.9904,31.9985,32.1023,32.2734,32.4446,32.4866,32.9697
3.944537074119969,-53.7297,-53.7294,-53.729,-53.7218,-53.7217,-53.7179,-53.7176,-53.7108,-53.6874,-53.6648,-53.6494,-53.6492,-44.8979,-44.8979,-44.8973,-44.8956,-44.895,-44.8949,-15.3357,-14.8465,-14.3777,-14.3686,-14.3476,-14.1679,-14.1488,-14.1483,-4.9321,-4.8593,-4.8412,-4.517,-4.4428,-4.3255,-4.2819,-4.2373,-4.1979,-4.1476,-4.0776,-4.0619,-3.8571,-3.8289,-3.4694,-3.4626,-3.2993,-3.1404,-3.1154,-3.0362,-1.4904,-1.2699,-1.2623,-1.1301,-1.0798,-1.0554,-0.9714,-0.3118,-0.0489,0.024,0.1117,0.2272,0.252,0.3849,0.4038,0.7058,0.7315,1.1398,1.3379,1.4113,2.0104,2.1494,2.2597,2.4391,2.4493,2.6072,2.8603,3.0182,3.1058,3.1198,3.4857,3.5771,3.878,3.9331,8.9152,9.3716,11.2729,11.5264,12.2557,13.5141,13.716,14.292,14.4241,14.5344,15.0012,15.2463,15.33,15.6325,15.7639,16.3276,16.4788,17.2494,17.2821,18.0552,18.2244,18.9757,20.5026,20.5638,20.7219,20.9135,21.1742,21.378,21.5722,21.5887,21.9811,22.033,22.9205,23.1222,23.3823,23.9108,23.9946,24.1672,25.2116,25.2662,25.5191,26.161,27.0488,27.074,28.6597,28.7152,29.5769,30.2053,30.3866,30.4056,30.4853,30.9771,31.014,31.8899,32.0257,32.1355,32.1718,32.3271,32.4398,32.9855
3.9775752104451305,-53.7298,-53.7295,-53.7292,-53.7217,-53.7216,-53.7178,-53.7177,-53.7106,-53.6878,-53.6645,-53.6493,-53.6492,-44.8979,-44.8978,-44.8973,-44.8955,-44.895,-44.895,-15.3451,-14.8416,-14.3797,-14.3628,-14.3506,-14.1684,-14.1454,-14.1451,-4.9445,-4.8602,-4.8498,-4.5126,-4.4148,-4.3185,-4.2862,-4.2515,-4.2262,-4.144,-4.0798,-4.0676,-3.8482,-3.8318,-3.4691,-3.465,-3.289,-3.1217,-3.1077,-3.0205,-1.5011,-1.2578,-1.252,-1.1355,-1.101,-1.0901,-1.0001,-0.276,-0.0349,0.0179,0.0955,0.2379,0.2547,0.3827,0.3947,0.6891,0.703,1.1691,1.3484,1.3931,1.9983,2.1855,2.2582,2.4403,2.4894,2.6038,2.8169,3.052,3.11,3.1158,3.5168,3.5712,3.9056,3.9381,8.8767,9.3221,11.3552,11.5221,12.1519,13.5465,13.6652,14.3277,14.411,14.494,14.9861,15.2619,15.2723,15.634,15.7123,16.3485,16.4348,17.2983,17.3125,18.0656,18.2297,18.9986,20.5477,20.5906,20.7645,21.046,21.2374,21.4997,21.631,21.6747,21.987,21.9881,22.8459,23.1385,23.3148,23.8867,23.9,24.0437,25.2995,25.4274,25.466,25.9562,26.8318,26.8461,28.8308,28.8685,29.7514,30.3367,30.3404,30.4654,30.5547,30.9911,31.0626,31.7857,31.9438,32.1671,32.1897,32.2521,32.42,32.886
4.010613346770292,-53.7299,-53.7295,-53.7294,-53.7216,-53.7216,-53.7178,-53.7177,-53.7104,-53.6881,-53.6643,-53.6492,-53.6491,-44.8979,-44.8978,-44.8974,-44.8955,-44.895,-44.895,-15.3519,-14.8383,-14.3813,-14.3582,-14.3526,-14.169,-14.1429,-14.1427,-4.9536,-4.8607,-4.856,-4.5094,-4.3874,-4.3119,-4.29,-4.2655,-4.2534,-4.1375,-4.0812,-4.0741,-3.8415,-3.834,-3.4686,-3.4668,-3.2811,-3.1083,-3.1021,-3.0086,-1.5092,-1.2426,-1.2394,-1.1469,-1.1337,-1.1137,-1.0093,-0.2447,-0.0235,0.0051,0.0837,0.2471,0.2557,0.383,0.3888,0.6755,0.6814,1.1917,1.3584,1.3794,1.9867,2.2167,2.2535,2.4337,2.535,2.6018,2.7714,3.0787,3.1141,3.1145,3.5405,3.5658,3.9263,3.9413,8.8486,9.2855,11.4309,11.5175,12.0607,13.5736,13.6282,14.3578,14.3983,14.4623,14.9785,15.225,15.2763,15.6353,15.6719,16.3637,16.4025,17.3314,17.3362,18.0719,18.236,19.0146,20.5833,20.6043,20.7967,21.1625,21.2613,21.5837,21.7113,21.7656,21.9518,21.9814,22.7616,23.1766,23.275,23.8033,23.8705,23.9439,25.1307,25.6549,25.6745,25.7969,26.6126,26.6175,28.9667,28.986,29.8946,30.2913,30.4568,30.532,30.5768,31.0259,31.0825,31.7002,31.7928,32.2145,32.2609,32.2907,32.5069,32.842
4.043651483095453,-53.73,-53.7295,-53.7295,-53.7216,-53.7216,-53.7178,-53.7178,-53.7104,-53.6883,-53.6641,-53.6491,-53.6491,-44.8978,-44.8978,-44.8974,-44.8955,-44.895,-44.895,-15.3561,-14.8364,-14.3824,-14.3553,-14.3539,-14.1694,-14.1414,-14.1414,-4.9591,-4.8609,-4.8597,-4.5074,-4.3626,-4.3054,-4.2951,-4.2771,-4.2754,-4.1312,-4.082,-4.0798,-3.8373,-3.8354,-3.4683,-3.4678,-3.2761,-3.1002,-3.0986,-3.0011,-1.5143,-1.2255,-1.2246,-1.1675,-1.1647,-1.122,-1.0113,-0.222,-0.016,-0.0078,0.0766,0.2534,0.2558,0.3842,0.3857,0.6665,0.6679,1.2061,1.3656,1.371,1.9785,2.2392,2.2493,2.4249,2.5785,2.6012,2.7287,3.0929,3.1163,3.1176,3.5554,3.5619,3.9392,3.943,8.8314,9.263,11.4895,11.5141,11.9927,13.5919,13.6058,14.3783,14.389,14.4419,14.9752,15.1937,15.2869,15.6361,15.6456,16.3728,16.3826,17.3503,17.3513,18.0748,18.2409,19.0241,20.6062,20.6117,20.8167,21.2417,21.2685,21.6272,21.7968,21.8239,21.9378,21.9595,22.6925,23.2239,23.2544,23.7193,23.8619,23.8809,25.0215,25.6953,25.8801,25.8864,26.3952,26.3953,29.0545,29.0596,29.9955,30.2623,30.5345,30.566,30.5958,31.0612,31.0807,31.6445,31.672,32.1953,32.3429,32.3558,32.4148,32.7483
4.076689619420614,-53.73,-53.7295,-53.7295,-53.7215,-53.7215,-53.7178,-53.7178,-53.7103,-53.6883,-53.6641,-53.6491,-53.6491,-44.8978,-44.8978,-44.8974,-44.8955,-44.895,-44.895,-15.3575,-14.8357,-14.3827,-14.3542,-14.3542,-14.1695,-14.1409,-14.1409,-4.9609,-4.861,-4.861,-4.5068,-4.3495,-4.3017,-4.3017,-4.2827,-4.2827,-4.1285,-4.0823,-4.0823,-3.8358,-3.8358,-3.4682,-3.4682,-3.2744,-3.0974,-3.0974,-2.9985,-1.516,-1.2141,-1.2141,-1.1811,-1.1811,-1.1237,-1.0115,-0.2133,-0.0134,-0.0134,0.0742,0.2557,0.2557,0.3847,0.3847,0.6633,0.6633,1.2111,1.3682,1.3682,1.9755,2.2477,2.2477,2.4208,2.6011,2.6011,2.7064,3.0961,3.1188,3.1188,3.5605,3.5605,3.9435,3.9435,8.8256,9.2554,11.5129,11.5129,11.9662,13.5983,13.5983,14.3856,14.3856,14.435,14.9744,15.1827,15.2909,15.6364,15.6364,16.3759,16.3759,17.3565,17.3565,18.0758,18.2427,19.0272,20.6142,20.6142,20.8237,21.2699,21.2699,21.6416,21.8395,21.8395,21.9401,21.9401,22.6651,23.2482,23.2482,23.683,23.8594,23.8594,24.9836,25.6606,26.0324,26.0324,26.2459,26.2459,29.0849,29.0849,30.0337,30.2529,30.5562,30.5562,30.6305,31.0756,31.0756,31.6254,31.6255,32.1681,32.3661,32.3899,32.4572,32.6692
4.076689619420614,-53.73,-53.7295,-53.7295,-53.7215,-53.7215,-53.7178,-53.7178,-53.7103,-53.6883,-53.6641,-53.6491,-53.6491,-44.8978,-44.8978,-44.8974,-44.8955,-44.895,-44.895,-15.3575,-14.8357,-14.3827,-14.3542,-14.3542,-14.1695,-14.1409,-14.1409,-4.9609,-4.861,-4.861,-4.5068,-4.3495,-4.3017,-4.3017,-4.2827,-4.2827,-4.1285,-4.0823,-4.0823,-3.8358,-3.8358,-3.4682,-3.4682,-3.2744,-3.0974,-3.0974,-2.9985,-1.516,-1.2141,-1.2141,-1.1811,-1.1811,-1.1237,-1.0115,-0.2133,-0.0134,-0.0134,0.0742,0.2557,0.2557,0.3847,0.3847,0.6633,0.6633,1.2111,1.3682,1.3682,1.9755,2.2477,2.2477,2.4208,2.6011,2.6011,2.7064,3.0961,3.1188,3.1188,3.5605,3.5605,3.9435,3.9435,8.8256,9.2554,11.5129,11.5129,11.9662,13.5983,13.5983,14.3856,14.3856,14.435,14.9744,15.1827,15.2909,15.6364,15.6364,16.3759,16.3759,17.3565,17.3565,18.0758,18.2427,19.0272,20.6142,20.6142,20.8237,21.2699,21.2699,21.6416,21.8395,21.8395,21.9401,21.9401,22.6651,23.2482,23.2482,23.683,23.8594,23.8594,24.9836,25.6606,26.0324,26.0324,26.2459,26.2459,29.0849,29.0849,30.0337,30.2529,30.5562,30.5562,30.6305,31.0756,31.0756,31.6254,31.6255,32.1712,32.3849,32.3913,32.5752,32.6712
4.109388888875912,-53.73,-53.7295,-53.7295,-53.7216,-53.7216,-53.7178,-53.7178,-53.7104,-53.6883,-53.6641,-53.6491,-53.6491,-44.8978,-44.8978,-44.8974,-44.8955,-44.895,-44.895,-15.3561,-14.8364,-14.3824,-14.3553,-14.3539,-14.1694,-14.1414,-14.1414,-4.9591,-4.8609,-4.8598,-4.5074,-4.3624,-4.3054,-4.295,-4.2777,-4.2752,-4.1311,-4.082,-4.0799,-3.8372,-3.8354,-3.4683,-3.4678,-3.2761,-3.1001,-3.0986,-3.001,-1.5143,-1.225,-1.2247,-1.1672,-1.1655,-1.1221,-1.0113,-0.2218,-0.016,-0.0079,0.0766,0.2534,0.2558,0.3842,0.3857,0.6664,0.6678,1.2062,1.3656,1.3709,1.9784,2.2393,2.2493,2.4248,2.5789,2.6012,2.7283,3.093,3.1158,3.1182,3.5555,3.5619,3.9392,3.943,8.8313,9.2628,11.4899,11.5141,11.9922,13.592,13.6057,14.3783,14.3891,14.4418,14.9752,15.1935,15.287,15.6361,15.6454,16.3729,16.3824,17.3504,17.3513,18.0748,18.2409,19.0241,20.6064,20.6118,20.8169,21.242,21.2688,21.6276,21.7934,21.8307,21.9301,21.9645,22.6919,23.2245,23.2542,23.7186,23.8619,23.8804,25.0207,25.6946,25.8811,25.8897,26.3899,26.3962,29.055,29.0602,29.9962,30.2621,30.5363,30.5631,30.5979,31.061,31.0812,31.644,31.6711,32.1751,32.3438,32.3461,32.4511,32.7267
4.142088170538938,-53.7299,-53.7295,-53.7294,-53.7216,-53.7216,-53.7178,-53.7177,-53.7104,-53.6881,-53.6643,-53.6492,-53.6491,-44.8979,-44.8978,-44.8974,-44.8955,-44.895,-44.895,-15.3521,-14.8382,-14.3813,-14.3581,-14.3526,-14.169,-14.1429,-14.1427,-4.9537,-4.8607,-4.8561,-4.5093,-4.3869,-4.3123,-4.2887,-4.2671,-4.2534,-4.1373,-4.0812,-4.0743,-3.8413,-3.8341,-3.4686,-3.4668,-3.2809,-3.1079,-3.1021,-3.0083,-1.5093,-1.2422,-1.2394,-1.1412,-1.1411,-1.1131,-1.0093,-0.2442,-0.0235,0.005,0.0836,0.2465,0.2565,0.383,0.3888,0.6756,0.6807,1.1921,1.3586,1.3792,1.9865,2.2172,2.2535,2.4332,2.5364,2.6016,2.7704,3.0801,3.1074,3.1202,3.5408,3.5658,3.9265,3.9415,8.8481,9.2849,11.432,11.5177,12.059,13.5741,13.6277,14.3575,14.3995,14.4612,14.9783,15.2241,15.2767,15.6352,15.6713,16.364,16.4018,17.3324,17.3361,18.0718,18.2362,19.0148,20.5837,20.6048,20.7972,21.1612,21.2654,21.5894,21.6858,21.8233,21.8821,22.0169,22.7586,23.1807,23.272,23.7991,23.8737,23.941,25.1278,25.6537,25.6851,25.7943,26.5962,26.6243,28.9679,28.9892,29.8972,30.2904,30.4765,30.4976,30.5969,31.0185,31.0892,31.6978,31.7906,32.1959,32.2604,32.2723,32.3842,32.8501
4.174787439994235,-53.7298,-53.7294,-53.7292,-53.7217,-53.7216,-53.7178,-53.7177,-53.7106,-53.6878,-53.6645,-53.6493,-53.6492,-44.8979,-44.8978,-44.8973,-44.8955,-44.895,-44.895,-15.3454,-14.8415,-14.3799,-14.3624,-14.3507,-14.1684,-14.1454,-14.1449,-4.9449,-4.8602,-4.8501,-4.5125,-4.4139,-4.3195,-4.2837,-4.2538,-4.2266,-4.1438,-4.0796,-4.068,-3.8479,-3.832,-3.469,-3.4651,-3.2887,-3.1206,-3.1083,-3.02,-1.5013,-1.2586,-1.251,-1.1294,-1.1103,-1.0886,-1.0003,-0.275,-0.0354,0.0189,0.0953,0.2345,0.2574,0.3833,0.3944,0.6901,0.7006,1.1699,1.3488,1.3926,1.9978,2.1867,2.2592,2.435,2.4955,2.6031,2.8156,3.0559,3.0956,3.1273,3.5172,3.5716,3.9054,3.9392,8.8757,9.3208,11.3565,11.5234,12.1485,13.5472,13.6641,14.3261,14.4167,14.4896,14.9855,15.2601,15.2733,15.6335,15.7112,16.3497,16.433,17.302,17.311,18.0649,18.2308,18.9992,20.5481,20.5937,20.7651,21.0351,21.2589,21.5406,21.5468,21.7917,21.8253,22.0802,22.831,23.1612,23.3005,23.8542,23.9347,24.0338,25.2922,25.4211,25.4872,25.9511,26.7986,26.8643,28.8304,28.8783,29.7567,30.3381,30.3769,30.3939,30.6061,30.953,31.091,31.7782,31.9424,32.1556,32.2131,32.2525,32.4239,32.9072
4.207486721657262,-53.7298,-53.7294,-53.729,-53.7218,-53.7217,-53.7179,-53.7176,-53.7107,-53.6874,-53.6648,-53.6494,-53.6492,-44.8979,-44.8978,-44.8973,-44.8956,-44.895,-44.895,-15.3361,-14.8463,-14.3785,-14.3673,-14.348,-14.1679,-14.1487,-14.1481,-4.9327,-4.8591,-4.8418,-4.5168,-4.4416,-4.3267,-4.2795,-4.2385,-4.1997,-4.1474,-4.0771,-4.0627,-3.8565,-3.8293,-3.4693,-3.4628,-3.2989,-3.1375,-3.1176,-3.0349,-1.4908,-1.2735,-1.2598,-1.1237,-1.0757,-1.0684,-0.9712,-0.3102,-0.0511,0.0291,0.1117,0.2178,0.257,0.3881,0.4023,0.709,0.7253,1.1415,1.3386,1.4105,2.0086,2.1529,2.2642,2.4109,2.475,2.6063,2.8589,3.0229,3.0837,3.1384,3.4858,3.5782,3.8763,3.9359,8.9134,9.3693,11.2732,11.5308,12.2496,13.5146,13.7146,14.2877,14.4402,14.5219,14.9992,15.2457,15.3307,15.6306,15.7625,16.3306,16.4745,17.2593,17.2765,18.051,18.2292,18.9767,20.5014,20.5794,20.7217,20.875,21.2466,21.3886,21.4985,21.6724,21.8314,22.1498,22.8694,23.2021,23.3381,23.8687,24.046,24.1462,25.1875,25.309,25.5058,26.1546,26.9919,27.1099,28.6534,28.7375,29.5877,30.2385,30.2926,30.4047,30.5891,30.8743,31.0875,31.8706,32.0398,32.0779,32.2486,32.2977,32.4445,33.0286
4.2401859911125594,-53.7297,-53.7293,-53.7287,-53.7219,-53.7218,-53.7179,-53.7175,-53.711,-53.6869,-53.6651,-53.6496,-53.6493,-44.8979,-44.8979,-44.8972,-44.8956,-44.895,-44.8949,-15.3243,-14.8528,-14.3799,-14.3696,-14.3447,-14.1677,-14.1529,-14.152,-4.9176,-4.8573,-4.8314,-4.5223,-4.4696,-4.3339,-4.2775,-4.2212,-4.1766,-4.1433,-4.0734,-4.0593,-3.8663,-3.8261,-3.4691,-3.4597,-3.3111,-3.1581,-3.1308,-3.0518,-1.478,-1.2869,-1.2665,-1.1186,-1.0626,-1.0378,-0.9177,-0.3476,-0.0701,0.0343,0.1321,0.1973,0.252,0.4012,0.4114,0.7316,0.7528,1.109,1.3303,1.4323,2.0127,2.1224,2.2665,2.3675,2.4661,2.6121,2.8976,2.9835,3.0755,3.1525,3.4487,3.5849,3.8396,3.932,8.9603,9.4289,11.1867,11.5396,12.3561,13.4797,13.7785,14.2462,14.4696,14.5531,15.022,15.2307,15.397,15.6262,15.8228,16.3073,16.5243,17.2046,17.234,18.0262,18.2374,18.9472,20.4433,20.5599,20.6704,20.6948,21.2154,21.227,21.4758,21.5409,21.8375,22.2237,22.8682,23.2996,23.3829,23.8767,24.165,24.2569,24.9717,25.1682,25.7444,26.3928,27.177,27.3588,28.4489,28.5784,29.3986,30.0686,30.1978,30.4848,30.5371,30.7915,31.0856,31.9371,32.0346,32.038,32.359,32.4065,32.5042,33.0734
4.272885272775586,-53.7296,-53.7291,-53.7283,-53.722,-53.7219,-53.718,-53.7174,-53.7112,-53.6863,-53.6656,-53.6498,-53.6493,-44.898,-44.8979,-44.8972,-44.8957,-44.895,-44.8949,-15.3101,-14.8613,-14.3852,-14.3676,-14.3406,-14.1679,-14.1577,-14.1566,-4.9002,-4.8538,-4.819,-4.5287,-4.4977,-4.3412,-4.2797,-4.2024,-4.1609,-4.1276,-4.068,-4.0575,-3.8768,-3.8228,-3.4681,-3.456,-3.3248,-3.1816,-3.1489,-3.0689,-1.4636,-1.2989,-1.2722,-1.1146,-1.0616,-0.997,-0.8491,-0.3858,-0.0919,0.0353,0.1556,0.1743,0.2403,0.4201,0.4238,0.7572,0.7809,1.0752,1.3262,1.4571,1.9997,2.105,2.2642,2.3209,2.4508,2.6201,2.9296,2.9405,3.0747,3.169,3.4086,3.5911,3.7959,3.9275,9.0154,9.4971,11.0993,11.5491,12.4634,13.4452,13.8552,14.2048,14.5039,14.579,15.0555,15.2177,15.4671,15.6197,15.8899,16.2808,16.5798,17.1387,17.1854,17.9891,18.2596,18.9098,20.3651,20.5135,20.5222,20.6265,21.0302,21.2042,21.4119,21.4753,21.842,22.2995,22.8489,23.4212,23.4325,23.8794,24.276,24.3289,24.7896,25.0979,25.996,26.6529,27.3566,27.6096,28.2281,28.414,29.1968,29.8766,30.1051,30.4497,30.5721,30.7101,31.094,31.9037,32.0233,32.0835,32.427,32.5851,32.6446,33.2673
4.305584542230883,-53.7296,-53.7289,-53.7279,-53.7221,-53.722,-53.7181,-53.7173,-53.7115,-53.6856,-53.6662,-53.6499,-53.6494,-44.898,-44.8979,-44.8971,-44.8957,-44.895,-44.8949,-15.2937,-14.872,-14.3914,-14.3638,-14.336,-14.1687,-14.163,-14.162,-4.8823,-4.8471,-4.8048,-4.5361,-4.5259,-4.3488,-4.2866,-4.1822,-4.1479,-4.1084,-4.0607,-4.0546,-3.8872,-3.8195,-3.4661,-3.4516,-3.3394,-3.207,-3.1723,-3.0852,-1.4479,-1.3098,-1.2776,-1.1154,-1.0567,-0.9537,-0.7717,-0.4236,-0.1165,0.0338,0.1498,0.1804,0.2232,0.4267,0.4539,0.7853,0.8077,1.0428,1.3279,1.4841,1.9677,2.1024,2.2563,2.2754,2.4247,2.6284,2.8978,2.9538,3.0817,3.1877,3.3693,3.5963,3.7464,3.9226,9.0776,9.5714,11.0125,11.5588,12.5671,13.4131,13.9436,14.1666,14.5421,14.5976,15.0992,15.208,15.5373,15.6105,15.9618,16.2523,16.6382,17.0632,17.1331,17.9423,18.2977,18.8642,20.2369,20.3661,20.4496,20.6107,20.8403,21.185,21.2959,21.4921,21.8445,22.3747,22.822,23.485,23.5439,23.8717,24.3242,24.337,24.6963,25.133,26.2437,26.9208,27.5315,27.8609,28.0005,28.2643,28.989,29.6735,30.0069,30.3354,30.6314,30.6596,31.1181,31.84,32.0151,32.1406,32.5148,32.7085,32.8361,33.2207
4.33828381168618,-53.7296,-53.7288,-53.7275,-53.7223,-53.7221,-53.7181,-53.7172,-53.7119,-53.6848,-53.6669,-53.6501,-53.6495,-44.898,-44.8979,-44.897,-44.8958,-44.8949,-44.8949,-15.2752,-14.885,-14.397,-14.3592,-14.3308,-14.1704,-14.1684,-14.1679,-4.8677,-4.8335,-4.7892,-4.5543,-4.5444,-4.3567,-4.2973,-4.1611,-4.1363,-4.0952,-4.0509,-4.0443,-3.897,-3.8166,-3.4627,-3.4466,-3.3547,-3.2334,-3.2005,-3.1,-1.4311,-1.3197,-1.2832,-1.1232,-1.0435,-0.9085,-0.6902,-0.4591,-0.1438,0.0312,0.1252,0.1901,0.2179,0.4291,0.4887,0.8155,0.8316,1.0146,1.336,1.5122,1.9267,2.105,2.2325,2.2423,2.3878,2.6319,2.8616,2.9715,3.0909,3.208,3.337,3.6002,3.6923,3.9174,9.1457,9.6479,10.9284,11.568,12.6626,13.385,14.0425,14.1351,14.5827,14.6089,15.1507,15.2029,15.5979,15.6039,16.0362,16.2226,16.6962,16.9805,17.0805,17.8903,18.3527,18.8099,20.0636,20.2463,20.3532,20.617,20.6578,21.1728,21.1992,21.5208,21.8453,22.4456,22.7888,23.5384,23.6416,23.8549,24.2544,24.3114,24.7488,25.2597,26.4703,27.1743,27.6845,27.7743,28.1102,28.1767,28.7817,29.4698,29.8941,30.2103,30.5607,30.7339,31.159,31.7727,32.0112,32.1771,32.6098,32.8259,32.9037,33.203
4.370983093349206,-53.7295,-53.7286,-53.727,-53.7224,-53.7222,-53.7182,-53.7171,-53.7122,-53.6839,-53.6677,-53.6502,-53.6496,-44.898,-44.8979,-44.897,-44.8959,-44.8949,-44.8948,-15.2549,-14.9005,-14.4016,-14.3544,-14.3252,-14.175,-14.1742,-14.1719,-4.8579,-4.8117,-4.7725,-4.5827,-4.5534,-4.3648,-4.3107,-4.1396,-4.1339,-4.083,-4.0381,-4.0254,-3.906,-3.8145,-3.4579,-3.4409,-3.3703,-3.2598,-3.2324,-3.1136,-1.4133,-1.3285,-1.2894,-1.1365,-1.023,-0.8621,-0.6141,-0.4847,-0.174,0.0288,0.1013,0.1667,0.243,0.426,0.5256,0.8474,0.8516,0.9933,1.35,1.5404,1.884,2.1063,2.1931,2.2225,2.3423,2.6224,2.8407,2.9841,3.0932,3.2297,3.3195,3.6028,3.6353,3.912,9.2183,9.7217,10.8499,11.5761,12.7447,13.3615,14.1135,14.1502,14.6145,14.6238,15.1981,15.2113,15.5813,15.6623,16.1115,16.193,16.7498,16.8942,17.0316,17.8388,18.4255,18.7473,19.8867,20.1082,20.2461,20.4958,20.6377,21.1254,21.1676,21.5578,21.8448,22.5075,22.7478,23.5914,23.6407,23.8864,24.1611,24.2824,24.8781,25.4342,26.6591,27.3615,27.5575,27.7802,28.2445,28.3441,28.5912,29.276,29.7602,30.0899,30.497,30.7881,31.2166,31.7069,32.0095,32.1979,32.6855,32.813,32.9675,33.1979
4.403682362804504,-53.7295,-53.7285,-53.7266,-53.7225,-53.7223,-53.7182,-53.717,-53.7126,-53.6829,-53.6686,-53.6503,-53.6496,-44.898,-44.8979,-44.8969,-44.8959,-44.8949,-44.8948,-15.2332,-14.9183,-14.4046,-14.3493,-14.3194,-14.1808,-14.1807,-14.1749,-4.8502,-4.785,-4.7551,-4.611,-4.5629,-4.3731,-4.3258,-4.1449,-4.1182,-4.0631,-4.0222,-4.0041,-3.9143,-3.8136,-3.4519,-3.4346,-3.3859,-3.285,-3.2666,-3.1263,-1.3946,-1.3363,-1.2959,-1.1529,-0.9974,-0.8154,-0.5823,-0.4636,-0.2069,0.0271,0.079,0.1378,0.2713,0.4163,0.5628,0.8671,0.8807,0.9806,1.3678,1.5677,1.8447,2.1036,2.1584,2.1974,2.2911,2.5947,2.8409,2.9906,3.0833,3.2525,3.3219,3.5782,3.6042,3.9065,9.2941,9.7863,10.7818,11.5825,12.8088,13.3419,14.1042,14.2643,14.6169,14.6629,15.2073,15.2635,15.5609,15.7073,16.1643,16.187,16.7918,16.8084,16.9939,17.7932,18.5174,18.6785,19.7208,19.9415,20.1353,20.3587,20.6697,21.0753,21.1675,21.6002,21.8441,22.5543,22.6971,23.5384,23.6443,23.9793,24.0731,24.2943,25.0281,25.6235,26.7963,27.36,27.4016,27.9047,28.339,28.4612,28.6429,29.1057,29.6071,29.9817,30.444,30.8139,31.2897,31.6474,32.0065,32.2116,32.7501,32.795,33.0761,33.2527
4.436381644467531,-53.7295,-53.7284,-53.7261,-53.7226,-53.7225,-53.7181,-53.717,-53.713,-53.682,-53.6695,-53.6504,-53.6497,-44.898,-44.8979,-44.8968,-44.896,-44.8949,-44.8948,-15.2105,-14.9379,-14.406,-14.3443,-14.3135,-14.1875,-14.1861,-14.1785,-4.8427,-4.7563,-4.7375,-4.6389,-4.5729,-4.3815,-4.3417,-4.1635,-4.0971,-4.0382,-4.003,-3.9841,-3.9217,-3.8142,-3.4453,-3.4277,-3.4011,-3.3075,-3.3019,-3.1382,-1.3749,-1.343,-1.3029,-1.1711,-0.9685,-0.7697,-0.6026,-0.3901,-0.2421,0.0264,0.0588,0.1079,0.2983,0.4002,0.5992,0.8783,0.915,0.9772,1.3856,1.5928,1.813,2.0956,2.1303,2.1676,2.2368,2.5535,2.8585,2.9884,3.0644,3.2761,3.3416,3.5241,3.6044,3.901,9.3713,9.8328,10.7312,11.5866,12.8519,13.3246,14.107,14.3805,14.6199,14.698,15.2204,15.313,15.5379,15.7344,16.1371,16.2635,16.7282,16.8055,16.984,17.7572,18.6058,18.6318,19.5676,19.7598,20.0256,20.2391,20.7112,21.0469,21.1704,21.6453,21.8444,22.5787,22.6349,23.4072,23.6991,24.005,24.0838,24.3412,25.1782,25.8022,26.8689,27.1966,27.3593,28.0653,28.1565,28.74,28.8754,28.9804,29.4462,29.8846,30.4064,30.8099,31.3771,31.5962,31.9986,32.2201,32.5965,32.8208,33.1552,33.2899
4.469080913922828,-53.7295,-53.7284,-53.7257,-53.7226,-53.7226,-53.718,-53.717,-53.7133,-53.681,-53.6705,-53.6505,-53.6498,-44.8981,-44.898,-44.8968,-44.8961,-44.8949,-44.8948,-15.1879,-14.9585,-14.4056,-14.3395,-14.3079,-14.1938,-14.1911,-14.1827,-4.8352,-4.7278,-4.7205,-4.6652,-4.5826,-4.3898,-4.3576,-4.1856,-4.0762,-4.0117,-3.981,-3.9677,-3.9278,-3.8169,-3.4394,-3.4202,-3.4154,-3.3372,-3.3252,-3.1492,-1.3548,-1.3486,-1.3099,-1.1898,-0.9382,-0.7271,-0.6333,-0.3083,-0.278,0.0266,0.0409,0.0789,0.3218,0.379,0.6344,0.8856,0.95,0.9825,1.3985,1.6144,1.7937,2.0822,2.1104,2.1336,2.182,2.5069,2.8865,2.9761,3.0415,3.3003,3.3718,3.4774,3.6038,3.8955,9.4475,9.8528,10.7063,11.588,12.8734,13.3078,14.1166,14.489,14.629,14.7312,15.2405,15.3505,15.515,15.7444,16.1113,16.3397,16.6588,16.782,17.0126,17.7307,18.5436,18.7628,19.4196,19.5857,19.9209,20.1294,20.76,21.0358,21.1741,21.6892,21.8491,22.5606,22.5749,23.2763,23.7608,23.9618,24.187,24.4137,25.3143,25.9405,26.8725,27.0911,27.3352,27.9747,28.1701,28.9287,29.0362,29.0985,29.3028,29.7957,30.3915,30.7866,31.4773,31.5495,31.9792,32.2261,32.3689,32.8165,33.16,33.2278
4.501780195585854,-53.7294,-53.7284,-53.7253,-53.7228,-53.7225,-53.7179,-53.7171,-53.7136,-53.68,-53.6714,-53.6505,-53.6498,-44.8981,-44.898,-44.8967,-44.8961,-44.8949,-44.8948,-15.1672,-14.9784,-14.4035,-14.3353,-14.3029,-14.1995,-14.1953,-14.1872,-4.8286,-4.7063,-4.7055,-4.6838,-4.5914,-4.398,-4.3726,-4.2085,-4.0552,-3.9871,-3.9574,-3.9554,-3.9313,-3.8216,-3.4368,-3.4282,-3.4123,-3.3713,-3.3353,-3.1589,-1.3529,-1.3355,-1.3167,-1.2069,-0.9092,-0.6912,-0.6625,-0.3113,-0.2328,0.0254,0.0274,0.0534,0.3399,0.3546,0.6686,0.8898,0.9854,0.9948,1.4027,1.6309,1.7902,2.0653,2.0962,2.0973,2.1308,2.461,2.9205,2.9567,3.0138,3.3248,3.4079,3.4419,3.6026,3.8901,9.5181,9.8432,10.7118,11.5861,12.8746,13.2908,14.1226,14.5631,14.6508,14.7801,15.2666,15.3678,15.4966,15.7454,16.0865,16.4046,16.6054,16.7489,17.0617,17.7103,18.4971,18.9145,19.2612,19.4445,19.8241,20.027,20.8141,21.0369,21.1767,21.7253,21.8635,22.4754,22.5414,23.1558,23.8357,23.9405,24.2872,24.5057,25.4213,26.0054,26.8344,27.0713,27.3462,27.8036,28.1815,28.9631,29.1074,29.3069,29.3828,29.7146,30.4117,30.7669,31.4987,31.5873,31.9124,32.1421,32.2283,32.7579,33.1617,33.3052
4.5344794650411515,-53.7294,-53.7284,-53.7251,-53.723,-53.7222,-53.7177,-53.7173,-53.7138,-53.6794,-53.6721,-53.6505,-53.6499,-44.8981,-44.898,-44.8967,-44.8962,-44.8949,-44.8948,-15.1516,-14.994,-14.3999,-14.332,-14.299,-14.2039,-14.1987,-14.1917,-4.8253,-4.7157,-4.6942,-4.6706,-4.5975,-4.406,-4.3853,-4.2305,-4.0339,-3.973,-3.946,-3.9336,-3.9266,-3.8282,-3.4465,-3.432,-3.4082,-3.3992,-3.3355,-3.1671,-1.3558,-1.3234,-1.3203,-1.2185,-0.8861,-0.6843,-0.6679,-0.336,-0.173,0.0118,0.0277,0.0367,0.3291,0.3503,0.7029,0.8924,1.0124,1.0208,1.3973,1.6407,1.8014,2.0376,2.0558,2.0898,2.097,2.4204,2.9319,2.9577,2.9816,3.3492,3.4188,3.4478,3.6011,3.8847,9.5693,9.8178,10.7451,11.5807,12.857,13.2751,14.1137,14.5704,14.6899,14.8689,15.2928,15.3611,15.487,15.7504,16.0617,16.4279,16.5721,16.7499,17.1138,17.6935,18.4775,19.0495,19.1215,19.3467,19.7381,19.9327,20.8712,21.0452,21.1765,21.7473,21.8928,22.3826,22.4822,23.0489,23.9212,23.9404,24.3849,24.6121,25.4846,25.9888,26.7973,27.1373,27.3757,27.6474,28.1362,28.9958,29.0225,29.5127,29.5699,29.6739,30.4837,30.7806,31.4362,31.6665,31.7274,32.0405,32.2237,32.6654,33.1193,33.2564
4.992269310661685,-53.7294,-53.7284,-53.7251,-53.723,-53.7222,-53.7177,-53.7173,-53.7138,-53.6794,-53.6721,-53.6505,-53.6499,-44.8981,-44.898,-44.8967,-44.8962,-44.8949,-44.8948,-15.1516,-14.994,-14.3999,-14.332,-14.299,-14.2039,-14.1987,-14.1917,-4.8253,-4.7157,-4.6942,-4.6706,-4.5975,-4.406,-4.3853,-4.2305,-4.0339,-3.973,-3.946,-3.9336,-3.9266,-3.8282,-3.4465,-3.432,-3.4082,-3.3992,-3.3355,-3.1671,-1.3558,-1.3234,-1.3203,-1.2185,-0.8861,-0.6843,-0.6679,-0.336,-0.173,0.0118,0.0277,0.0367,0.3291,0.3503,0.7029,0.8924,1.0124,1.0208,1.3973,1.6407,1.8014,2.0376,2.0558,2.0898,2.097,2.4204,2.9319,2.9577,2.9816,3.3492,3.4188,3.4478,3.6011,3.8847,9.5693,9.8178,10.7451,11.5807,12.857,13.2751,14.1137,14.5704,14.6899,14.8689,15.2928,15.3611,15.487,15.7504,16.0617,16.4279,16.5721,16.7499,17.1138,17.6935,18.4775,19.0495,19.1215,19.3467,19.7381,19.9327,20.8712,21.0452,21.1765,21.7473,21.8928,22.3826,22.4822,23.0489,23.9212,23.9404,24.3849,24.6121,25.4846,25.9888,26.7973,27.1373,27.3757,27.6474,28.1362,28.9958,29.0225,29.5127,29.5699,29.6739,30.4837,30.7806,31.4362,31.6665,31.7274,32.0405,32.2234,32.6653,33.1012,33.2405
5.025307446986846,-53.7294,-53.7285,-53.7249,-53.7233,-53.7217,-53.7176,-53.7173,-53.7141,-53.6785,-53.6729,-53.6505,-53.65,-44.8981,-44.898,-44.8966,-44.8962,-44.8949,-44.8948,-15.1334,-15.0132,-14.3911,-14.3267,-14.2939,-14.2098,-14.2048,-14.1985,-4.8251,-4.74,-4.6799,-4.6383,-4.6043,-4.4186,-4.4035,-4.2663,-3.9974,-3.964,-3.9322,-3.905,-3.8937,-3.8382,-3.4725,-3.4374,-3.4332,-3.414,-3.3222,-3.1794,-1.3597,-1.3331,-1.3048,-1.2272,-0.8565,-0.7092,-0.6438,-0.3696,-0.097,-0.0063,0.0275,0.0293,0.2854,0.3573,0.7606,0.8962,1.049,1.0833,1.3826,1.649,1.8304,1.9727,1.9845,2.0682,2.08,2.3536,2.8824,2.9267,3.0245,3.3913,3.3918,3.5172,3.5988,3.8744,9.6142,9.781,10.8343,11.567,12.8106,13.2286,14.1009,14.5286,14.7668,15.0494,15.322,15.3244,15.4811,15.7847,16.017,16.4119,16.5398,16.7948,17.2042,17.6698,18.4851,19.0307,19.1306,19.2331,19.5974,19.7749,20.9744,21.0662,21.1721,21.7733,21.9542,22.2145,22.3673,22.8788,24.0128,24.0208,24.5544,24.8141,25.5506,25.9013,26.7476,27.3108,27.3993,27.4299,28.0132,28.8292,29.1396,29.7251,29.7881,29.7959,30.6242,30.8638,31.3178,31.3911,31.6918,31.9751,32.2025,32.4923,33.0957,33.1558
5.058345583312008,-53.7294,-53.7286,-53.7247,-53.7236,-53.7212,-53.718,-53.7169,-53.7144,-53.6778,-53.6737,-53.6504,-53.65,-44.8981,-44.898,-44.8966,-44.8963,-44.8949,-44.8948,-15.1181,-15.0302,-14.3804,-14.3215,-14.2894,-14.215,-14.2124,-14.2052,-4.8256,-4.7623,-4.667,-4.6104,-4.6081,-4.4293,-4.4197,-4.3004,-3.9656,-3.9571,-3.9147,-3.8855,-3.8553,-3.8418,-3.4988,-3.4593,-3.4492,-3.4295,-3.3031,-3.191,-1.3636,-1.3438,-1.2912,-1.2325,-0.8306,-0.7287,-0.6211,-0.4064,-0.0504,-0.0176,0.0318,0.05,0.2438,0.3568,0.8107,0.8998,1.0904,1.1475,1.3734,1.6517,1.8578,1.9141,1.9185,2.0446,2.0656,2.2839,2.8368,2.8738,3.0879,3.3669,3.4323,3.5832,3.5965,3.8624,9.6399,9.7478,10.9414,11.5524,12.7656,13.1458,14.1226,14.4908,14.8286,15.2159,15.2622,15.3514,15.48,15.8446,15.9722,16.3965,16.5171,16.8158,17.2929,17.6502,18.521,19.0085,19.1378,19.1566,19.458,19.618,21.0789,21.0905,21.1676,21.7993,22.0068,22.0479,22.2687,22.7204,24.0994,24.1009,24.7222,25.0207,25.6114,25.8091,26.6956,27.1732,27.4685,27.4902,27.8718,28.6815,29.2874,29.8769,29.9033,30.0859,30.6783,30.9835,31.1171,31.2029,31.654,31.9195,32.1735,32.3356,33.0876,33.2824
5.091383719637169,-53.7294,-53.7288,-53.7245,-53.7237,-53.7207,-53.7183,-53.7166,-53.7147,-53.6772,-53.6743,-53.6504,-53.6501,-44.898,-44.898,-44.8965,-44.8963,-44.8948,-44.8948,-15.1056,-15.0448,-14.3678,-14.3165,-14.2855,-14.2214,-14.2195,-14.2116,-4.8264,-4.782,-4.6557,-4.6158,-4.58,-4.438,-4.4336,-4.3324,-3.9514,-3.9438,-3.8955,-3.8683,-3.834,-3.8188,-3.5248,-3.4865,-3.463,-3.4456,-3.283,-3.2014,-1.3671,-1.354,-1.2793,-1.2365,-0.8092,-0.7431,-0.6001,-0.443,-0.0378,-0.0241,0.0407,0.1017,0.2056,0.3492,0.8508,0.9033,1.136,1.2118,1.3711,1.6449,1.8616,1.864,1.883,2.026,2.0471,2.2141,2.796,2.8246,3.1452,3.3445,3.4711,3.5944,3.6431,3.849,9.6519,9.7186,11.0599,11.5379,12.7241,13.0402,14.1666,14.4578,14.8747,15.1934,15.3532,15.3749,15.4953,15.9212,15.9305,16.3855,16.5013,16.808,17.3738,17.6347,18.5798,18.9751,19.1258,19.1428,19.3249,19.4674,21.1145,21.164,21.1794,21.8255,21.8895,22.0405,22.1957,22.5773,24.1746,24.1826,24.8847,25.2213,25.6634,25.7137,26.6436,26.9746,27.4897,27.6701,27.7399,28.5544,29.4436,30.0153,30.0207,30.369,30.6736,30.8591,31.0994,31.1118,31.6177,31.8677,32.1376,32.2031,33.0293,33.1902
5.12442185596233,-53.7294,-53.729,-53.7243,-53.7238,-53.7202,-53.7186,-53.7163,-53.7151,-53.6767,-53.6748,-53.6503,-53.6501,-44.898,-44.898,-44.8965,-44.8964,-44.8948,-44.8948,-15.0956,-15.0569,-14.3537,-14.3118,-14.2822,-14.2319,-14.2232,-14.2174,-4.8273,-4.7987,-4.6462,-4.6202,-4.5538,-4.4452,-4.445,-4.3621,-3.9467,-3.9346,-3.8757,-3.8535,-3.8124,-3.7852,-3.5498,-3.5148,-3.4765,-3.4618,-3.2645,-3.2105,-1.3702,-1.3624,-1.2695,-1.2405,-0.7922,-0.7529,-0.5814,-0.4766,-0.0354,-0.0276,0.0536,0.1583,0.172,0.3354,0.8797,0.9066,1.1854,1.2743,1.375,1.6231,1.8196,1.8246,1.9055,2.0116,2.0253,2.1468,2.7611,2.781,3.1945,3.3253,3.507,3.5924,3.695,3.8345,9.6553,9.6939,11.1821,11.5245,12.6879,12.925,14.2216,14.4301,14.9067,15.1232,15.3951,15.4181,15.5663,15.8942,16.0094,16.3793,16.4903,16.7717,17.4455,17.6229,18.6521,18.938,19.1296,19.1428,19.2035,19.3315,21.1347,21.1618,21.2701,21.7456,21.8517,22.0322,22.1711,22.4535,24.2444,24.255,25.0372,25.4053,25.6188,25.7042,26.5948,26.8079,27.4935,27.629,27.8439,28.4491,29.5995,30.1159,30.151,30.6051,30.6287,30.6382,31.0415,31.2294,31.5852,31.82,32.0892,32.0937,33.0497,33.3682
5.1574599922874915,-53.7294,-53.7291,-53.7242,-53.7239,-53.7198,-53.7188,-53.7161,-53.7153,-53.6763,-53.6753,-53.6503,-53.6502,-44.898,-44.898,-44.8965,-44.8964,-44.8948,-44.8948,-15.0881,-15.0664,-14.3387,-14.3076,-14.2797,-14.2436,-14.2262,-14.2225,-4.8282,-4.8121,-4.6385,-4.6238,-4.5294,-4.4543,-4.4504,-4.3896,-3.9428,-3.9336,-3.8569,-3.8415,-3.7822,-3.7554,-3.5727,-3.5439,-3.4883,-3.4776,-3.249,-3.2178,-1.3728,-1.3687,-1.2617,-1.2445,-0.7797,-0.759,-0.5657,-0.5047,-0.034,-0.0293,0.0696,0.1441,0.2075,0.3174,0.898,0.9096,1.2383,1.3322,1.3828,1.5838,1.795,1.7975,1.9247,2.0008,2.0018,2.0849,2.7329,2.7448,3.2345,3.3095,3.5386,3.5906,3.7371,3.82,9.6541,9.6742,11.2992,11.5131,12.6583,12.812,14.2785,14.4081,14.9272,15.057,15.4115,15.4307,15.6677,15.8647,16.1056,16.3768,16.4828,16.7103,17.5075,17.6142,18.7264,18.9079,19.0998,19.1218,19.1499,19.2327,21.1489,21.1607,21.3456,21.6228,21.877,21.9923,22.1845,22.3532,24.3057,24.3153,25.1736,25.5301,25.5605,25.7329,26.5535,26.6763,27.4826,27.5435,28.003,28.3663,29.7496,30.1829,30.262,30.45,30.5899,30.6791,31.138,31.3332,31.5584,31.7785,31.9913,32.0435,32.9927,33.1148
5.190498128612653,-53.7294,-53.7293,-53.724,-53.7239,-53.7195,-53.719,-53.7159,-53.7156,-53.676,-53.6756,-53.6503,-53.6502,-44.898,-44.898,-44.8964,-44.8964,-44.8948,-44.8948,-15.0829,-15.0733,-14.3234,-14.3042,-14.2779,-14.2564,-14.2284,-14.2265,-4.829,-4.8218,-4.6329,-4.6263,-4.5063,-4.4608,-4.4542,-4.4149,-3.94,-3.9353,-3.8406,-3.8325,-3.7499,-3.7312,-3.5918,-3.5727,-3.4976,-3.4916,-3.2373,-3.2232,-1.3746,-1.373,-1.2561,-1.2481,-0.7711,-0.7625,-0.5537,-0.5259,-0.0323,-0.03,0.0864,0.1231,0.2452,0.2984,0.9081,0.912,1.2939,1.3812,1.3909,1.5321,1.783,1.7834,1.9401,1.9792,1.9926,2.033,2.7121,2.7176,3.2641,3.2979,3.5642,3.589,3.768,3.8067,9.6514,9.6598,11.4002,11.5043,12.6364,12.7134,14.3294,14.3921,14.9393,15.0008,15.4235,15.433,15.7523,15.8431,16.2068,16.3763,16.478,16.6301,17.5575,17.608,18.7928,18.8873,19.0198,19.0547,19.1743,19.202,21.1569,21.1605,21.4014,21.5278,21.8993,21.9542,22.2029,22.2796,24.3547,24.3605,25.2855,25.4561,25.6749,25.7507,26.5245,26.5817,27.4635,27.4841,28.1356,28.3068,29.8869,30.1549,30.3472,30.3886,30.5437,30.6169,31.3567,31.4228,31.5383,31.7463,31.9067,31.9826,32.9933,33.2416
5.223536264937814,-53.7294,-53.7294,-53.724,-53.7239,-53.7192,-53.7191,-53.7158,-53.7158,-53.6759,-53.6758,-53.6502,-53.6502,-44.898,-44.898,-44.8964,-44.8964,-44.8948,-44.8948,-15.0799,-15.0775,-14.3091,-14.302,-14.2768,-14.269,-14.2297,-14.2291,-4.8295,-4.8277,-4.6295,-4.6279,-4.4842,-4.4647,-4.4564,-4.4385,-3.9383,-3.9371,-3.8292,-3.827,-3.7218,-3.7149,-3.6049,-3.5979,-3.5035,-3.5017,-3.2301,-3.2265,-1.3758,-1.3754,-1.2527,-1.2507,-0.7662,-0.7641,-0.5461,-0.5391,-0.0309,-0.0303,0.1001,0.1101,0.2688,0.2829,0.9127,0.9135,1.3513,1.3964,1.4152,1.4748,1.7781,1.7787,1.9509,1.9618,1.9867,1.9972,2.6993,2.7007,3.2822,3.2907,3.5814,3.5879,3.787,3.797,9.649,9.651,11.471,11.4988,12.623,12.644,14.3657,14.3824,14.9455,14.9616,15.4308,15.4333,15.8067,15.8299,16.3081,16.3766,16.4753,16.5398,17.5911,17.6043,18.8452,18.8755,18.9691,18.9854,19.1935,19.1999,21.1601,21.1607,21.4354,21.4675,21.915,21.9293,22.2157,22.235,24.387,24.3887,25.3614,25.4063,25.7417,25.7599,26.5097,26.5248,27.4457,27.4496,28.2261,28.2709,29.9961,30.0757,30.4012,30.4078,30.511,30.5371,31.4924,31.526,31.5759,31.7257,31.8391,31.8997,33.042,33.121
5.256574401262975,-53.7294,-53.7294,-53.7239,-53.7239,-53.7192,-53.7192,-53.7158,-53.7158,-53.6758,-53.6758,-53.6502,-53.6502,-44.898,-44.898,-44.8964,-44.8964,-44.8948,-44.8948,-15.0788,-15.0788,-14.3011,-14.3011,-14.2764,-14.2764,-14.23,-14.23,-4.8296,-4.8296,-4.6284,-4.6284,-4.466,-4.466,-4.4571,-4.4571,-3.9378,-3.9378,-3.8251,-3.8251,-3.7091,-3.7091,-3.6096,-3.6096,-3.5055,-3.5055,-3.2276,-3.2276,-1.3762,-1.3762,-1.2516,-1.2516,-0.7646,-0.7646,-0.5435,-0.5435,-0.0304,-0.0304,0.1056,0.1056,0.2768,0.2768,0.914,0.914,1.3983,1.3983,1.4276,1.4276,1.7774,1.7774,1.9552,1.9552,1.9842,1.9842,2.695,2.695,3.2883,3.2883,3.5876,3.5876,3.7934,3.7934,9.6481,9.6481,11.4969,11.4969,12.6185,12.6185,14.3791,14.3791,14.9474,14.9474,15.4333,15.4333,15.8255,15.8255,16.3768,16.3768,16.4744,16.4744,17.603,17.603,18.8717,18.8717,18.9517,18.9517,19.2007,19.2007,21.1609,21.1609,21.4468,21.4468,21.9208,21.9208,22.2202,22.2202,24.3983,24.3983,25.3887,25.3887,25.7628,25.7628,26.5059,26.5059,27.4383,27.4383,28.2589,28.2589,30.0423,30.0423,30.4197,30.4197,30.4994,30.4994,31.5218,31.5218,31.7186,31.7188,31.8101,31.8107,33.1073,33.1902
