Distance,0,1,2,3,4,5,6,7,8,9,10,11,12,13,14,15,16,17,18,19,20,21,22,23,24,25,26,27,28,29,30,31,32,33,34,35,36,37,38,39,40,41,42,43,44,45,46,47,48,49,50,51,52,53,54,55,56,57,58,59,60,61,62,63,64,65,66,67,68,69,70,71,72,73,74,75,76,77,78,79,80,81,82,83,84,85,86,87,88,89,90,91,92,93,94,95,96,97,98,99,100,101,102,103,104,105,106,107,108,109,110,111,112,113,114,115,116,117,118,119,120,121,122,123,124,125,126,127
0.0,-64.5263,-64.5263,-64.5262,-64.5262,-64.4865,-64.4865,-64.4865,-64.4864,-64.4864,-64.4864,-64.4861,-64.4861,-64.4285,-64.4285,-64.4284,-64.4283,-64.3411,-64.341,-10.7666,-10.7447,-9.0188,-8.8933,-7.5285,-7.3581,-1.9008,-1.4355,-0.1452,0.2467,0.2468,0.2498,0.2499,0.2963,0.2963,0.3034,0.3035,0.3177,1.1428,1.1428,1.1532,1.1532,2.5385,2.5385,2.583,2.583,2.583,2.6087,2.6612,2.671,2.671,2.7154,2.7154,2.7798,2.7798,2.8,2.8,2.9162,3.3137,4.1534,4.2612,4.2612,4.3031,4.3031,5.3934,5.3934,5.683,5.683,5.7171,5.7171,5.8263,5.9954,5.9954,7.0431,7.0842,7.4433,7.8844,8.6028,9.1295,9.8176,10.5213,11.0704,11.0704,11.3495,11.3495,11.5928,11.6237,11.6238,11.8317,11.8317,11.9592,11.9592,12.7094,12.7095,13.5014,14.4905,14.7727,14.7727,15.3894,15.3894,15.8745,15.8745,16.0933,16.2319,16.346,16.6112,17.2838,17.2838,17.7268,17.8706,18.6913,18.6913,19.2674,19.3513,19.3513,19.761,19.9834,20.7757,20.8869,20.8869,21.7538,21.7538,21.7954,22.2717,22.3072,22.3072,23.3372,23.3372,23.5269,24.7616
0.009953053088471655,-64.5263,-64.5262,-64.5262,-64.5261,-64.4865,-64.4864,-64.4864,-64.4864,-64.4863,-64.4863,-64.4861,-64.4861,-64.4285,-64.4285,-64.4284,-64.4283,-64.3411,-64.341,-10.7664,-10.7446,-9.0187,-8.8932,-7.5283,-7.358,-1.9006,-1.4354,-0.1453,0.2465,0.2469,0.2496,0.25,0.2937,0.2963,0.303,0.3035,0.3198,1.1427,1.1429,1.153,1.1534,2.5383,2.5384,2.583,2.583,2.5831,2.6085,2.6602,2.671,2.6724,2.7154,2.7154,2.7799,2.7799,2.7995,2.8001,2.917,3.3135,4.1525,4.2604,4.2609,4.3029,4.3031,5.3918,5.3928,5.6812,5.6824,5.7159,5.7167,5.8252,5.9951,5.9958,7.0447,7.0858,7.4433,7.8861,8.6042,9.1306,9.8184,10.5209,11.0689,11.071,11.3484,11.3503,11.5893,11.6234,11.6248,11.8314,11.8327,11.9599,11.9617,12.7093,12.7102,13.5025,14.4904,14.7707,14.772,15.3884,15.3891,15.8707,15.8751,16.0954,16.2341,16.348,16.617,17.2827,17.2835,17.7278,17.8723,18.6913,18.6924,19.2686,19.3514,19.3515,19.7607,19.9851,20.7763,20.8854,20.8872,21.7536,21.7537,21.7956,22.2693,22.3083,22.3103,23.3382,23.3394,23.529,24.7635
0.01990612528681747,-64.5263,-64.5263,-64.5262,-64.5261,-64.4865,-64.4864,-64.4864,-64.4864,-64.4864,-64.4863,-64.4861,-64.4861,-64.4285,-64.4285,-64.4284,-64.4283,-64.3411,-64.341,-10.7661,-10.7443,-9.0182,-8.8927,-7.5278,-7.3576,-1.9002,-1.4352,-0.1454,0.2459,0.2472,0.2487,0.2504,0.2877,0.2964,0.3016,0.3035,0.3246,1.1423,1.1432,1.1524,1.1537,2.5378,2.5381,2.5828,2.5828,2.5832,2.6079,2.6579,2.6709,2.6756,2.7154,2.7155,2.78,2.7803,2.7981,2.8002,2.9194,3.313,4.1497,4.258,4.2601,4.3022,4.3028,5.3869,5.3909,5.6758,5.6806,5.7125,5.7154,5.822,5.994,5.9971,7.0495,7.0905,7.4434,7.8911,8.6083,9.1337,9.8211,10.5194,11.0641,11.0728,11.345,11.3525,11.5789,11.6224,11.6279,11.8307,11.8359,11.9617,11.969,12.709,12.7123,13.5057,14.4904,14.7646,14.77,15.3853,15.3882,15.8597,15.8771,16.1018,16.2404,16.3539,16.634,17.2794,17.2824,17.7308,17.8773,18.6913,18.6958,19.2722,19.3519,19.3524,19.7597,19.9903,20.7781,20.8807,20.8879,21.753,21.7532,21.7962,22.2622,22.3117,22.3196,23.3411,23.3458,23.5353,24.77
0.029859178375289126,-64.5263,-64.5263,-64.5261,-64.5261,-64.4865,-64.4864,-64.4864,-64.4864,-64.4864,-64.4863,-64.4861,-64.486,-64.4285,-64.4285,-64.4284,-64.4283,-64.3411,-64.341,-10.7655,-10.7437,-9.0173,-8.892,-7.5271,-7.357,-1.8994,-1.4348,-0.1456,0.2448,0.2472,0.2477,0.251,0.28,0.2964,0.2993,0.3036,0.3301,1.1417,1.1436,1.1513,1.1541,2.5371,2.5376,2.5824,2.5825,2.5834,2.6069,2.6555,2.6707,2.6795,2.7154,2.7156,2.7804,2.781,2.7959,2.8004,2.9233,3.312,4.1451,4.254,4.2588,4.301,4.3024,5.3788,5.3877,5.6669,5.6777,5.7067,5.7133,5.8166,5.9921,5.9991,7.0576,7.0983,7.4435,7.8995,8.615,9.139,9.8255,10.5171,11.0564,11.0758,11.3393,11.3563,11.5626,11.6207,11.6331,11.8294,11.8411,11.9648,11.9801,12.7085,12.7159,13.5109,14.4902,14.7546,14.7667,15.3802,15.3867,15.8425,15.8803,16.1123,16.2509,16.3638,16.6611,17.274,17.2806,17.7357,17.8856,18.6914,18.7013,19.2782,19.3526,19.3537,19.758,19.9989,20.781,20.8731,20.8891,21.752,21.7524,21.7976,22.2507,22.3173,22.3347,23.3458,23.3562,23.5458,24.7803
0.03981223146376078,-64.5263,-64.5262,-64.5261,-64.5261,-64.4864,-64.4864,-64.4864,-64.4864,-64.4864,-64.4863,-64.4861,-64.486,-64.4285,-64.4285,-64.4284,-64.4283,-64.3411,-64.341,-10.7646,-10.7429,-9.0161,-8.8909,-7.526,-7.3561,-1.8984,-1.4342,-0.1458,0.2433,0.2451,0.2485,0.2518,0.2715,0.296,0.2964,0.3038,0.3356,1.1409,1.1443,1.1497,1.1548,2.536,2.537,2.5819,2.582,2.5836,2.6055,2.6532,2.6703,2.6837,2.7155,2.7159,2.7808,2.782,2.7931,2.8006,2.9286,3.3106,4.1387,4.2484,4.257,4.2993,4.3018,5.3676,5.3833,5.6546,5.6736,5.6987,5.7103,5.8093,5.9895,6.0018,7.0688,7.1092,7.4436,7.911,8.6244,9.1463,9.8316,10.5138,11.0456,11.0799,11.3314,11.3615,11.5413,11.6183,11.6403,11.8277,11.8484,11.9691,11.9941,12.7078,12.7208,13.5181,14.4899,14.7408,14.7622,15.3731,15.3845,15.8206,15.8847,16.1271,16.2655,16.3775,16.6966,17.2669,17.2781,17.7423,17.8972,18.6915,18.709,19.2865,19.3535,19.3555,19.7557,20.011,20.785,20.8624,20.8907,21.7506,21.7515,21.8003,22.2352,22.325,22.3551,23.3525,23.3701,23.5604,24.795
0.04976530366210659,-64.5263,-64.5262,-64.5261,-64.5261,-64.4864,-64.4864,-64.4864,-64.4863,-64.4863,-64.4863,-64.4861,-64.4861,-64.4285,-64.4285,-64.4284,-64.4283,-64.3411,-64.341,-10.7635,-10.7418,-9.0145,-8.8896,-7.5246,-7.355,-1.897,-1.4335,-0.1461,0.2413,0.2426,0.2494,0.2529,0.2623,0.2918,0.2965,0.3039,0.341,1.1398,1.1452,1.1477,1.1557,2.5346,2.5362,2.5813,2.5815,2.584,2.6037,2.6513,2.6699,2.6882,2.7155,2.7162,2.7813,2.7831,2.7899,2.8009,2.935,3.3089,4.1306,4.2414,4.2546,4.2971,4.3011,5.3534,5.3775,5.6389,5.6683,5.6885,5.7065,5.8,5.9862,6.0051,7.083,7.1231,7.4437,7.9257,8.6363,9.1555,9.8394,10.5096,11.032,11.0852,11.3215,11.3682,11.516,11.6153,11.6496,11.8256,11.8578,11.9747,12.0101,12.7069,12.7272,13.5271,14.4894,14.7235,14.7564,15.3644,15.3819,15.7953,15.8903,16.1461,16.2841,16.395,16.739,17.2583,17.275,17.7503,17.9121,18.6917,18.7188,19.2972,19.3547,19.3578,19.7527,20.0265,20.7901,20.8489,20.893,21.7493,21.7504,21.8046,22.2161,22.3347,22.3802,23.361,23.387,23.5791,24.8137
0.059718356750578246,-64.5263,-64.5262,-64.5261,-64.5261,-64.4864,-64.4864,-64.4864,-64.4863,-64.4863,-64.4862,-64.4862,-64.4861,-64.4285,-64.4285,-64.4284,-64.4283,-64.341,-64.341,-10.7622,-10.7405,-9.0127,-8.8879,-7.5229,-7.3536,-1.8954,-1.4327,-0.1466,0.2385,0.2397,0.2506,0.2525,0.2542,0.2867,0.2966,0.3042,0.3461,1.1385,1.1453,1.1463,1.1567,2.533,2.5351,2.5805,2.5808,2.5844,2.6016,2.6496,2.6695,2.6927,2.7156,2.7166,2.782,2.784,2.7868,2.8013,2.9423,3.3068,4.1208,4.2329,4.2517,4.2945,4.3002,5.3363,5.3706,5.6199,5.6619,5.6761,5.7019,5.789,5.9821,6.0089,7.1002,7.1399,7.4439,7.9433,8.6507,9.1667,9.8488,10.5045,11.0157,11.0917,11.3096,11.3763,11.4875,11.6116,11.661,11.8231,11.8692,11.9814,12.0273,12.7059,12.7349,13.5376,14.4886,14.7028,14.7495,15.354,15.3786,15.768,15.897,16.1692,16.3066,16.4161,16.7868,17.2487,17.2712,17.7596,17.9301,18.692,18.7307,19.3101,19.3561,19.3607,19.7491,20.0453,20.7962,20.8326,20.8958,21.7485,21.7493,21.8106,22.1941,22.3465,22.4093,23.3713,23.4064,23.6018,24.8365
0.06967140983904989,-64.5263,-64.5262,-64.5261,-64.5261,-64.4864,-64.4864,-64.4864,-64.4863,-64.4863,-64.4862,-64.4861,-64.4861,-64.4285,-64.4285,-64.4284,-64.4283,-64.3411,-64.341,-10.7606,-10.739,-9.0104,-8.886,-7.521,-7.352,-1.8934,-1.4316,-0.147,0.2348,0.2368,0.2421,0.252,0.2557,0.2807,0.2967,0.3044,0.351,1.137,1.1424,1.1475,1.158,2.531,2.534,2.5796,2.5799,2.5848,2.5991,2.6483,2.6689,2.6973,2.7157,2.7173,2.7818,2.7828,2.787,2.8017,2.9504,3.3042,4.1094,4.2231,4.2484,4.2914,4.2991,5.3164,5.3625,5.598,5.6544,5.6616,5.6964,5.7761,5.9773,6.0132,7.1202,7.1596,7.444,7.9637,8.6675,9.1797,9.8597,10.4984,10.9968,11.0993,11.2957,11.3859,11.4566,11.6073,11.6744,11.8204,11.8827,11.9893,12.0448,12.7047,12.7441,13.5495,14.4874,14.679,14.7416,15.3422,15.3749,15.7397,15.9048,16.1964,16.3328,16.4404,16.8385,17.2387,17.267,17.7699,17.9514,18.6926,18.7447,19.3252,19.3576,19.3639,19.7448,20.0675,20.8033,20.8137,20.8993,21.7483,21.7489,21.8182,22.1696,22.36,22.4419,23.3834,23.4276,23.6284,24.8627
0.07962448203739572,-64.5262,-64.5261,-64.5261,-64.526,-64.4864,-64.4864,-64.4863,-64.4863,-64.4862,-64.4861,-64.4861,-64.4861,-64.4285,-64.4284,-64.4284,-64.4283,-64.341,-64.341,-10.7588,-10.7372,-9.0079,-8.8837,-7.5187,-7.3502,-1.8912,-1.4305,-0.1476,0.2304,0.2312,0.2335,0.2535,0.2575,0.2739,0.2968,0.3048,0.3556,1.1352,1.1391,1.149,1.1594,2.5288,2.5326,2.5786,2.579,2.5853,2.5964,2.6473,2.6683,2.7016,2.7157,2.7185,2.7782,2.7836,2.7888,2.8022,2.9593,3.3013,4.0964,4.212,4.2445,4.2878,4.2979,5.294,5.3531,5.5733,5.645,5.6457,5.6901,5.7615,5.9718,6.018,7.1428,7.182,7.4441,7.9868,8.6865,9.1945,9.8721,10.4915,10.9757,11.108,11.2802,11.397,11.4237,11.6025,11.6897,11.8174,11.8983,11.9984,12.0623,12.7036,12.7545,13.5624,14.4856,14.6525,14.7327,15.3292,15.3707,15.7113,15.9134,16.2277,16.3627,16.4678,16.8927,17.2291,17.2623,17.781,17.9758,18.6933,18.7605,19.3423,19.3592,19.3677,19.74,20.093,20.7925,20.8113,20.9035,21.7475,21.7511,21.8273,22.1431,22.3753,22.4775,23.3972,23.4502,23.6586,24.8927
0.08957753512586737,-64.5262,-64.5261,-64.5261,-64.526,-64.4864,-64.4864,-64.4863,-64.4863,-64.4862,-64.4861,-64.4861,-64.4861,-64.4285,-64.4284,-64.4284,-64.4283,-64.341,-64.3409,-10.7567,-10.7353,-9.005,-8.8812,-7.5161,-7.3481,-1.8887,-1.4291,-0.1483,0.2198,0.2253,0.2299,0.2553,0.2595,0.2662,0.297,0.3052,0.3598,1.1333,1.1354,1.1506,1.161,2.5263,2.5312,2.5775,2.5779,2.5859,2.5934,2.6465,2.6676,2.7054,2.7158,2.7202,2.7745,2.7846,2.7909,2.8028,2.9687,3.298,4.0821,4.1996,4.2401,4.2838,4.2965,5.2692,5.3426,5.546,5.6265,5.636,5.683,5.7451,5.9655,6.0232,7.1681,7.207,7.4442,8.0122,8.7076,9.2108,9.8859,10.4838,10.9524,11.1179,11.2631,11.3892,11.4094,11.597,11.7071,11.8144,11.9159,12.0087,12.0794,12.7024,12.7664,13.5762,14.4831,14.6235,14.723,15.3152,15.366,15.6834,15.923,16.263,16.3959,16.498,16.9476,17.2213,17.2571,17.7926,18.0032,18.6944,18.7782,19.3607,19.361,19.3724,19.7346,20.1216,20.769,20.8203,20.9084,21.747,21.7556,21.838,22.1153,22.3921,22.5154,23.4127,23.4738,23.6921,24.9266
0.09953058821433902,-64.5262,-64.5261,-64.5261,-64.5261,-64.4864,-64.4864,-64.4863,-64.4863,-64.4862,-64.4861,-64.4861,-64.4861,-64.4285,-64.4284,-64.4284,-64.4283,-64.341,-64.3409,-10.7544,-10.7331,-9.0017,-8.8784,-7.5132,-7.3458,-1.8859,-1.4277,-0.149,0.2078,0.2196,0.2258,0.2572,0.2576,0.2618,0.2971,0.3056,0.3638,1.131,1.1313,1.1524,1.1629,2.5235,2.5295,2.5762,2.5767,2.5865,2.5903,2.6459,2.6668,2.7084,2.7159,2.7229,2.7709,2.7856,2.7934,2.8034,2.9786,3.2944,4.0664,4.1862,4.2352,4.2793,4.2949,5.2421,5.331,5.5164,5.606,5.6252,5.6751,5.727,5.9585,6.0288,7.1958,7.2346,7.4441,8.0398,8.7307,9.2288,9.901,10.4752,10.9272,11.1288,11.2445,11.3536,11.4233,11.5911,11.7264,11.8113,11.9355,12.0201,12.0957,12.7012,12.7795,13.5905,14.4798,14.5925,14.7125,15.3004,15.3609,15.6566,15.9333,16.3023,16.4326,16.5306,17.0002,17.2178,17.2517,17.8047,18.0335,18.6958,18.7978,19.3623,19.3743,19.3847,19.7288,20.1533,20.7436,20.8301,20.9142,21.747,21.7628,21.8502,22.0865,22.4105,22.5553,23.4298,23.498,23.7288,24.9635
0.10948366041268486,-64.5263,-64.5262,-64.5261,-64.5261,-64.4864,-64.4864,-64.4863,-64.4863,-64.4862,-64.4862,-64.4861,-64.4861,-64.4285,-64.4284,-64.4284,-64.4283,-64.341,-64.3409,-10.7519,-10.7306,-8.9982,-8.8753,-7.51,-7.3432,-1.8828,-1.4261,-0.1498,0.1953,0.2133,0.2212,0.2484,0.2593,0.2643,0.2973,0.3061,0.3675,1.1268,1.1286,1.1544,1.1648,2.5205,2.5278,2.5748,2.5753,2.5868,2.5874,2.6456,2.666,2.7104,2.716,2.7268,2.7675,2.7868,2.796,2.8041,2.989,3.2903,4.0496,4.1717,4.2299,4.2744,4.2932,5.2128,5.3181,5.4849,5.5837,5.6134,5.6665,5.7071,5.9509,6.0348,7.2257,7.2645,7.444,8.0694,8.7557,9.2481,9.9172,10.4658,10.9004,11.1408,11.2247,11.317,11.4385,11.5847,11.7476,11.8084,11.9571,12.0326,12.1111,12.7002,12.794,13.6051,14.4755,14.5596,14.7013,15.2851,15.3555,15.6311,15.9443,16.3454,16.4724,16.5654,17.0451,17.2241,17.2459,17.817,18.0668,18.6977,18.819,19.3637,19.38,19.4071,19.7226,20.1878,20.7166,20.8409,20.9209,21.7476,21.7731,21.8638,22.0572,22.4302,22.5968,23.4484,23.5226,23.7681,25.0034
0.1194367135011565,-64.5262,-64.5261,-64.5261,-64.526,-64.4864,-64.4863,-64.4863,-64.4863,-64.4862,-64.4861,-64.4861,-64.4861,-64.4285,-64.4284,-64.4283,-64.4282,-64.341,-64.3409,-10.7491,-10.728,-8.9943,-8.8719,-7.5065,-7.3404,-1.8794,-1.4243,-0.1508,0.1823,0.2063,0.2161,0.2385,0.2616,0.267,0.2975,0.3067,0.371,1.122,1.126,1.1566,1.167,2.5173,2.5259,2.5733,2.5739,2.5835,2.588,2.6454,2.6651,2.7118,2.7161,2.7314,2.7643,2.788,2.7989,2.8049,2.9998,3.2859,4.0316,4.1563,4.224,4.2691,4.2914,5.1816,5.3042,5.4515,5.5596,5.6006,5.6571,5.6856,5.9425,6.0412,7.2578,7.2966,7.4439,8.1008,8.7823,9.2687,9.9344,10.4557,10.8721,11.1539,11.2039,11.2796,11.4551,11.578,11.7708,11.8056,11.9806,12.0462,12.1253,12.6993,12.8097,13.6197,14.4701,14.5253,14.6896,15.2696,15.3498,15.6072,15.9559,16.3923,16.5152,16.6021,17.0747,17.24,17.2475,17.8293,18.1027,18.7002,18.8418,19.3649,19.3854,19.4317,19.7161,20.2249,20.6885,20.8527,20.9285,21.7488,21.7866,21.8787,22.0278,22.4512,22.6394,23.4686,23.5472,23.8098,25.0462
0.12938976658962814,-64.5263,-64.5262,-64.5261,-64.5261,-64.4864,-64.4864,-64.4863,-64.4863,-64.4862,-64.4862,-64.4862,-64.4861,-64.4285,-64.4284,-64.4283,-64.4282,-64.341,-64.3409,-10.7461,-10.7251,-8.99,-8.8682,-7.5028,-7.3373,-1.8757,-1.4224,-0.1518,0.1687,0.1986,0.2104,0.2282,0.264,0.2699,0.2976,0.3074,0.3741,1.1167,1.1232,1.159,1.1694,2.5138,2.5239,2.5717,2.5723,2.58,2.5887,2.6453,2.6641,2.7127,2.7161,2.7365,2.7613,2.7892,2.8018,2.8056,3.0109,3.2811,4.0126,4.1401,4.2177,4.2633,4.2893,5.1485,5.2893,5.4165,5.5339,5.5869,5.6469,5.6624,5.9334,6.048,7.2919,7.3307,7.4436,8.1337,8.8104,9.2904,9.9525,10.4448,10.8427,11.168,11.1822,11.2418,11.473,11.5709,11.7957,11.8031,12.0062,12.0608,12.1382,12.6986,12.8267,13.6339,14.4634,14.4899,14.6775,15.254,15.3438,15.5851,15.968,16.4429,16.561,16.6403,17.0866,17.2339,17.2904,17.8416,18.1414,18.7032,18.8662,19.3659,19.3912,19.4581,19.7095,20.2639,20.6598,20.8655,20.9372,21.7508,21.8035,21.895,21.9987,22.4734,22.6828,23.4901,23.5717,23.8535,25.0926
0.139342838787974,-64.5263,-64.5262,-64.5261,-64.5261,-64.4864,-64.4864,-64.4863,-64.4863,-64.4862,-64.4862,-64.4862,-64.4861,-64.4285,-64.4284,-64.4283,-64.4282,-64.341,-64.3409,-10.7429,-10.722,-8.9855,-8.8642,-7.4987,-7.3341,-1.8718,-1.4204,-0.1529,0.1547,0.1901,0.2036,0.218,0.2665,0.2731,0.2978,0.3082,0.3771,1.1111,1.1201,1.1615,1.1719,2.5101,2.5217,2.57,2.5705,2.5763,2.5895,2.6454,2.6631,2.7133,2.7162,2.742,2.7587,2.7905,2.805,2.8065,3.0223,3.2759,3.9927,4.1231,4.2109,4.2571,4.2871,5.1136,5.2733,5.3801,5.5066,5.5722,5.636,5.6377,5.9237,6.0551,7.3278,7.3667,7.4434,8.168,8.8398,9.3131,9.9713,10.4333,10.8123,11.1598,11.1831,11.2035,11.4922,11.5637,11.8009,11.8226,12.0336,12.0765,12.1498,12.6981,12.8449,13.6475,14.4536,14.4552,14.6651,15.2387,15.3376,15.5648,15.9806,16.497,16.6095,16.6796,17.0873,17.2278,17.3464,17.8536,18.1825,18.7069,18.892,19.3666,19.3974,19.486,19.703,20.3041,20.6317,20.8795,20.947,21.7537,21.824,21.9126,21.9701,22.4966,22.7266,23.5129,23.5959,23.8989,25.1433
0.14929589187644562,-64.5263,-64.5262,-64.5261,-64.5261,-64.4864,-64.4864,-64.4863,-64.4863,-64.4862,-64.4862,-64.4862,-64.4861,-64.4285,-64.4284,-64.4283,-64.4282,-64.341,-64.3409,-10.7395,-10.7187,-8.9806,-8.86,-7.4944,-7.3306,-1.8676,-1.4183,-0.1541,0.1401,0.1808,0.1952,0.2085,0.2691,0.2765,0.298,0.3091,0.3798,1.1051,1.1169,1.1643,1.1747,2.5062,2.5195,2.5681,2.5687,2.5727,2.5903,2.6456,2.662,2.7139,2.7162,2.7476,2.7563,2.7918,2.8074,2.8083,3.034,3.2703,3.9721,4.1055,4.2036,4.2505,4.2847,5.0772,5.2563,5.3425,5.4778,5.5566,5.6115,5.6243,5.9133,6.0626,7.3654,7.4037,7.4437,8.2034,8.8704,9.3367,9.9906,10.4211,10.7812,11.137,11.1651,11.1991,11.5126,11.5563,11.7992,11.8512,12.063,12.0932,12.1598,12.698,12.8643,13.6603,14.4169,14.4454,14.6524,15.2238,15.3313,15.5464,15.9935,16.5545,16.6607,16.7198,17.0829,17.2217,17.4094,17.8654,18.2259,18.7115,18.9192,19.3668,19.4041,19.5151,19.6966,20.3435,20.6062,20.8947,20.9579,21.7575,21.8479,21.9315,21.9424,22.5208,22.7705,23.537,23.6196,23.9455,25.1922
0.1592489449649173,-64.5263,-64.5262,-64.5261,-64.5261,-64.4864,-64.4864,-64.4863,-64.4862,-64.4862,-64.4862,-64.4862,-64.4861,-64.4285,-64.4284,-64.4283,-64.4282,-64.341,-64.3409,-10.7358,-10.7152,-8.9754,-8.8555,-7.4897,-7.3269,-1.8631,-1.4161,-0.1555,0.1251,0.1703,0.1852,0.2001,0.2718,0.2801,0.2982,0.3103,0.3823,1.0988,1.1135,1.1672,1.1776,2.5021,2.5171,2.5662,2.5668,2.5689,2.5911,2.6458,2.6609,2.7144,2.7162,2.7533,2.7543,2.7931,2.8084,2.8118,3.0459,3.2645,3.9508,4.0873,4.1959,4.2435,4.2822,5.0394,5.2383,5.3039,5.4475,5.5401,5.5839,5.612,5.9022,6.0705,7.4045,7.4336,7.4527,8.2398,8.9019,9.3609,10.0101,10.4084,10.7498,11.1139,11.1267,11.2161,11.5343,11.5489,11.7981,11.8816,12.0943,12.1109,12.1683,12.6983,12.8848,13.672,14.38,14.434,14.6396,15.2097,15.325,15.5299,16.0067,16.6153,16.7144,16.7602,17.077,17.2156,17.476,17.8769,18.2715,18.7169,18.9477,19.3666,19.4114,19.5452,19.6907,20.3781,20.5875,20.9114,20.9701,21.7624,21.8751,21.9158,21.9516,22.5459,22.8141,23.5622,23.6427,23.993,25.2431
0.1692020171632631,-64.5262,-64.5262,-64.5261,-64.526,-64.4864,-64.4863,-64.4863,-64.4862,-64.4862,-64.4862,-64.4861,-64.4861,-64.4285,-64.4284,-64.4283,-64.4282,-64.341,-64.3409,-10.7319,-10.7114,-8.9699,-8.8507,-7.4848,-7.3229,-1.8584,-1.4137,-0.157,0.1096,0.1584,0.1742,0.1925,0.2746,0.284,0.2985,0.3116,0.3845,1.0922,1.1099,1.1703,1.1807,2.4978,2.5147,2.5643,2.5648,2.5651,2.5919,2.6462,2.6598,2.7148,2.7163,2.7525,2.7591,2.7944,2.8094,2.8153,3.058,3.2582,3.9289,4.0688,4.1877,4.2362,4.2795,5.0002,5.2194,5.2644,5.416,5.5228,5.5551,5.599,5.8906,6.0786,7.4376,7.445,7.4888,8.2769,8.9343,9.3856,10.0297,10.3952,10.7181,11.0883,11.0907,11.2339,11.5416,11.5572,11.7975,11.9137,12.1274,12.1295,12.1752,12.699,12.9065,13.6824,14.3431,14.4208,14.6268,15.1965,15.3186,15.5151,16.0201,16.6792,16.7706,16.8002,17.0716,17.2097,17.5444,17.8881,18.319,18.7233,18.9774,19.3659,19.4193,19.5761,19.6854,20.4,20.5837,20.9296,20.9835,21.7683,21.8906,21.9057,21.9729,22.5719,22.857,23.5886,23.665,24.0412,25.2961
0.17915507025173474,-64.5262,-64.5262,-64.5261,-64.526,-64.4864,-64.4863,-64.4863,-64.4862,-64.4862,-64.4862,-64.4861,-64.4861,-64.4285,-64.4284,-64.4284,-64.4282,-64.341,-64.3409,-10.7278,-10.7075,-8.9641,-8.8456,-7.4797,-7.3188,-1.8534,-1.4113,-0.1586,0.0937,0.145,0.1628,0.185,0.2773,0.288,0.2987,0.3131,0.3866,1.0852,1.1061,1.1735,1.1839,2.4933,2.5122,2.5613,2.5622,2.5627,2.5927,2.6465,2.6586,2.7152,2.7163,2.751,2.7649,2.7958,2.8105,2.8189,3.0703,3.2517,3.9066,4.0498,4.1792,4.2285,4.2766,4.9597,5.1997,5.2241,5.3833,5.5047,5.5249,5.5854,5.8782,6.0871,7.437,7.4867,7.5307,8.3146,8.9673,9.4107,10.0491,10.3816,10.6866,11.0503,11.0676,11.2526,11.5345,11.5813,11.7977,11.9475,12.149,12.1623,12.1804,12.7002,12.9293,13.6914,14.3065,14.4057,14.6141,15.1845,15.3124,15.5021,16.0338,16.746,16.8291,16.839,17.068,17.2039,17.6135,17.8993,18.3682,18.7308,19.0082,19.3647,19.428,19.6076,19.681,20.4017,20.6026,20.9496,20.9981,21.7755,21.8671,21.9392,21.9956,22.5986,22.8989,23.6158,23.6864,24.0895,25.3748
0.1891081233402064,-64.5263,-64.5262,-64.5261,-64.5261,-64.4864,-64.4864,-64.4863,-64.4863,-64.4863,-64.4862,-64.4861,-64.4861,-64.4285,-64.4284,-64.4284,-64.4282,-64.341,-64.3409,-10.7235,-10.7034,-8.958,-8.8403,-7.4742,-7.3144,-1.8481,-1.4087,-0.1604,0.0774,0.1302,0.1514,0.1776,0.28,0.2923,0.2989,0.3149,0.3884,1.078,1.1022,1.1769,1.1874,2.4887,2.5097,2.5575,2.56,2.5606,2.5936,2.647,2.6574,2.7157,2.7162,2.7499,2.7707,2.797,2.8116,2.8227,3.0826,3.2448,3.8839,4.0304,4.1701,4.2205,4.2735,4.9182,5.179,5.1832,5.3494,5.4859,5.4937,5.5711,5.8653,6.0959,7.4357,7.5296,7.5744,8.3526,9.0007,9.4359,10.0678,10.3678,10.6555,11.0128,11.0449,11.272,11.5279,11.6065,11.7985,11.9829,12.1694,12.184,12.1991,12.7019,12.9531,13.6988,14.2705,14.3888,14.6015,15.1737,15.3063,15.4907,16.0475,16.8155,16.8754,16.8899,17.0678,17.1983,17.6823,17.911,18.419,18.7394,19.0401,19.3628,19.4373,19.6392,19.6779,20.3865,20.6412,20.9714,21.0141,21.7839,21.8456,21.9751,22.02,22.626,22.9393,23.6446,23.7069,24.1427,25.332
0.19906119553855223,-64.5263,-64.5262,-64.5261,-64.5261,-64.4864,-64.4864,-64.4863,-64.4863,-64.4863,-64.4862,-64.4862,-64.4861,-64.4285,-64.4284,-64.4284,-64.4282,-64.341,-64.3409,-10.719,-10.699,-8.9515,-8.8347,-7.4685,-7.3098,-1.8426,-1.4061,-0.1624,0.0606,0.1141,0.1398,0.1699,0.2825,0.2969,0.2992,0.3171,0.3901,1.0705,1.0981,1.1806,1.191,2.484,2.507,2.5536,2.5578,2.5583,2.5944,2.6474,2.6562,2.7161,2.7162,2.749,2.7765,2.7983,2.8128,2.8265,3.0951,3.2377,3.8611,4.0109,4.1607,4.2121,4.2703,4.8757,5.1418,5.1576,5.3145,5.4614,5.4663,5.5562,5.8518,6.105,7.4339,7.5733,7.6192,8.3908,9.0344,9.4611,10.0856,10.3538,10.625,10.9759,11.0227,11.2922,11.5219,11.6327,11.8001,12.02,12.1859,12.1907,12.2376,12.7043,12.978,13.7046,14.2352,14.3701,14.5891,15.1644,15.3005,15.4807,16.0614,16.8873,16.9076,16.9531,17.0727,17.193,17.7487,17.9247,18.4709,18.7493,19.0729,19.3603,19.4473,19.6706,19.6762,20.363,20.6914,20.9952,21.0315,21.7935,21.8262,22.012,22.0471,22.6541,22.978,23.6727,23.7256,24.1847,25.2617
0.20901424862702386,-64.5263,-64.5262,-64.5261,-64.5261,-64.4864,-64.4864,-64.4863,-64.4863,-64.4863,-64.4862,-64.4862,-64.4862,-64.4285,-64.4284,-64.4284,-64.4282,-64.341,-64.3409,-10.7143,-10.6945,-8.9448,-8.8288,-7.4625,-7.305,-1.8368,-1.4034,-0.1646,0.0436,0.0969,0.128,0.1621,0.2849,0.2994,0.3016,0.3197,0.3916,1.0627,1.0939,1.1843,1.1948,2.4791,2.5044,2.5497,2.5555,2.556,2.5952,2.6479,2.6549,2.7161,2.7165,2.7484,2.7822,2.7996,2.814,2.8304,3.1076,3.2303,3.8381,3.9912,4.1509,4.2034,4.2669,4.8322,5.0999,5.1354,5.2786,5.4282,5.4461,5.5406,5.8377,6.1145,7.4318,7.6179,7.665,8.429,9.0681,9.4861,10.1019,10.3398,10.5956,10.94,11.0012,11.3131,11.5165,11.66,11.8026,12.0586,12.1861,12.2128,12.2778,12.7074,13.0038,13.7086,14.2009,14.3495,14.5771,15.1567,15.2949,15.4721,16.0753,16.9337,16.9608,17.0189,17.0847,17.1879,17.8086,17.9446,18.5236,18.7605,19.1066,19.3571,19.4581,19.6765,19.7014,20.3366,20.7483,21.0212,21.0501,21.8046,21.8092,22.0473,22.0796,22.6827,23.0144,23.7022,23.7435,24.2305,25.2219
0.21896730171549553,-64.5263,-64.5262,-64.5261,-64.5261,-64.4864,-64.4864,-64.4863,-64.4863,-64.4863,-64.4862,-64.4862,-64.4862,-64.4285,-64.4284,-64.4284,-64.4282,-64.341,-64.3409,-10.7094,-10.6897,-8.9378,-8.8227,-7.4563,-7.3,-1.8308,-1.4006,-0.1671,0.0262,0.0789,0.116,0.154,0.2871,0.2997,0.3065,0.3226,0.3929,1.0546,1.0895,1.1883,1.1987,2.4741,2.5017,2.5458,2.5531,2.5537,2.596,2.6484,2.6537,2.716,2.7169,2.7481,2.7878,2.8007,2.8153,2.8343,3.1202,3.2226,3.8151,3.9714,4.1407,4.1944,4.2633,4.788,5.0578,5.1124,5.2419,5.3941,5.4252,5.5245,5.8231,6.1242,7.4294,7.6631,7.7116,8.467,9.1018,9.5106,10.1164,10.326,10.5675,10.9054,10.9806,11.3346,11.5121,11.6883,11.8058,12.0987,12.1847,12.2357,12.3197,12.7112,13.0307,13.7109,14.1676,14.3273,14.5655,15.1506,15.2898,15.4645,16.0893,16.9528,17.0354,17.0878,17.1044,17.1832,17.8534,17.9787,18.5769,18.7732,19.1411,19.3532,19.4694,19.6789,19.7311,20.3106,20.8094,21.0495,21.07,21.7951,21.817,22.0782,22.1196,22.712,23.0483,23.7323,23.76,24.2744,25.1618
0.22892037391384135,-64.5263,-64.5262,-64.5261,-64.5261,-64.4864,-64.4864,-64.4863,-64.4863,-64.4863,-64.4862,-64.4862,-64.4862,-64.4285,-64.4284,-64.4284,-64.4282,-64.341,-64.3409,-10.7042,-10.6848,-8.9305,-8.8164,-7.4498,-7.2948,-1.8246,-1.3977,-0.17,0.0087,0.06,0.1036,0.1457,0.2891,0.3,0.3117,0.3261,0.3941,1.0464,1.085,1.1924,1.2028,2.4689,2.4989,2.5418,2.5507,2.5513,2.5967,2.6489,2.6524,2.7159,2.7174,2.748,2.7934,2.8019,2.8167,2.8382,3.1326,3.2147,3.7922,3.9515,4.1301,4.1851,4.2596,4.7431,5.0154,5.0888,5.2044,5.3592,5.4037,5.5079,5.8079,6.1343,7.4267,7.7088,7.7587,8.5046,9.1351,9.5343,10.1283,10.3126,10.541,10.8724,10.9611,11.3567,11.5088,11.7175,11.8099,12.1404,12.1816,12.2594,12.3633,12.7157,13.0584,13.7116,14.1355,14.3034,14.5545,15.1462,15.2852,15.4579,16.1034,16.966,17.11,17.1306,17.1605,17.1788,17.8787,18.0316,18.6302,18.7873,19.1764,19.3487,19.4809,19.6838,19.7593,20.2869,20.8733,21.08,21.0912,21.784,21.8309,22.1064,22.1655,22.7417,23.0791,23.7627,23.7751,24.3165,25.1395
0.238873427002313,-64.5263,-64.5262,-64.5261,-64.5261,-64.4864,-64.4864,-64.4864,-64.4863,-64.4863,-64.4863,-64.4862,-64.4862,-64.4286,-64.4284,-64.4283,-64.4282,-64.3411,-64.3409,-10.6989,-10.6797,-8.9229,-8.8098,-7.443,-7.2894,-1.8182,-1.3948,-0.1732,-0.009,0.0404,0.0908,0.1372,0.2909,0.3002,0.3171,0.3299,0.3951,1.0379,1.0804,1.1967,1.2072,2.4637,2.4962,2.5379,2.5482,2.5489,2.5974,2.6494,2.6511,2.7158,2.7178,2.7481,2.7987,2.803,2.818,2.8421,3.1449,3.2067,3.7695,3.9316,4.1191,4.1755,4.2557,4.6976,4.9728,5.0644,5.1661,5.3237,5.3817,5.4908,5.7922,6.1446,7.4237,7.7548,7.8062,8.5417,9.1681,9.5571,10.1372,10.2998,10.5163,10.8414,10.9428,11.3793,11.5068,11.7476,11.8149,12.1769,12.1834,12.2838,12.4086,12.7211,13.087,13.7107,14.1047,14.2782,14.5439,15.1434,15.2812,15.4521,16.1175,16.9757,17.1608,17.1748,17.1835,17.2377,17.8906,18.0968,18.6832,18.803,19.2123,19.3434,19.4922,19.6916,19.7858,20.2673,20.9394,21.113,21.1136,21.7764,21.8462,22.1335,22.2151,22.772,23.1065,23.7887,23.7935,24.3529,25.0714
0.24882648009078467,-64.5263,-64.5262,-64.5261,-64.5261,-64.4864,-64.4864,-64.4864,-64.4863,-64.4863,-64.4863,-64.4862,-64.4862,-64.4286,-64.4284,-64.4284,-64.4282,-64.3411,-64.3409,-10.6934,-10.6744,-8.915,-8.803,-7.4361,-7.2839,-1.8115,-1.3919,-0.177,-0.0266,0.0201,0.0776,0.1284,0.2924,0.3005,0.3226,0.3342,0.3959,1.0291,1.0757,1.2011,1.2116,2.4584,2.4934,2.5339,2.5457,2.5465,2.5981,2.6498,2.6499,2.7157,2.7183,2.7484,2.8039,2.804,2.8195,2.8461,3.157,3.1985,3.7471,3.9117,4.1078,4.1657,4.2516,4.6516,4.9302,5.0395,5.1273,5.2874,5.3592,5.4731,5.776,6.1553,7.4203,7.8009,7.854,8.5781,9.2004,9.5786,10.1425,10.288,10.4935,10.8131,10.9259,11.4024,11.5062,11.7786,11.8208,12.1707,12.2278,12.3089,12.4554,12.7273,13.1165,13.7083,14.0751,14.2517,14.5341,15.1423,15.2778,15.4469,16.1316,16.984,17.1711,17.1925,17.2558,17.3193,17.8958,18.168,18.7355,18.8202,19.2489,19.3375,19.5024,19.7025,19.8105,20.2531,21.0069,21.1372,21.1483,21.7727,21.8631,22.1604,22.2675,22.8026,23.1302,23.8008,23.8245,24.3869,25.0312
0.2587795522891304,-64.5263,-64.5263,-64.5262,-64.5261,-64.4864,-64.4864,-64.4864,-64.4864,-64.4863,-64.4863,-64.4862,-64.4862,-64.4286,-64.4284,-64.4284,-64.4283,-64.3411,-64.3409,-10.6877,-10.6689,-8.9069,-8.7959,-7.4288,-7.2781,-1.8047,-1.3889,-0.1815,-0.044,-0.0008,0.0641,0.1194,0.2938,0.3008,0.3284,0.3389,0.3966,1.0202,1.0708,1.2057,1.2162,2.453,2.4906,2.5299,2.5432,2.544,2.5987,2.6485,2.6504,2.7155,2.7187,2.749,2.8049,2.8088,2.8209,2.8499,3.1689,3.1902,3.7252,3.8918,4.0961,4.1556,4.2473,4.6052,4.8875,5.0139,5.0879,5.2506,5.3361,5.455,5.7594,6.1663,7.4167,7.8471,7.9017,8.6136,9.232,9.5985,10.1439,10.2775,10.4726,10.7879,10.9104,11.4257,11.5072,11.8103,11.8275,12.163,12.2736,12.3347,12.5038,12.7344,13.1468,13.7047,14.0468,14.2243,14.5249,15.1429,15.2752,15.4422,16.1458,16.9921,17.1678,17.2243,17.3272,17.4045,17.8971,18.2422,18.7864,18.839,19.286,19.3309,19.5104,19.7168,19.8342,20.2453,21.0752,21.1619,21.1861,21.7734,21.8815,22.1871,22.3222,22.8337,23.1498,23.8114,23.8554,24.4095,24.9921
0.26873260537760213,-64.5264,-64.5263,-64.5262,-64.5262,-64.4865,-64.4864,-64.4864,-64.4864,-64.4863,-64.4863,-64.4863,-64.4862,-64.4286,-64.4284,-64.4284,-64.4283,-64.3411,-64.3409,-10.6818,-10.6633,-8.8984,-8.7886,-7.4214,-7.2722,-1.7976,-1.3859,-0.1869,-0.061,-0.0224,0.0502,0.1102,0.295,0.3011,0.3344,0.3439,0.3971,1.0111,1.0659,1.2105,1.2209,2.4476,2.4878,2.5259,2.5406,2.5416,2.5993,2.6472,2.6509,2.7153,2.7192,2.7498,2.8058,2.8135,2.8224,2.8538,3.1804,3.1818,3.7039,3.8721,4.0841,4.1453,4.2428,4.5584,4.8449,4.9878,5.048,5.2133,5.3127,5.4364,5.7422,6.1775,7.4127,7.8931,7.9493,8.6481,9.2626,9.6165,10.1412,10.2685,10.453,10.7665,10.8966,11.4494,11.51,11.8351,11.8427,12.1539,12.3208,12.3612,12.5537,12.7424,13.1779,13.7001,14.0197,14.196,14.5165,15.1451,15.2734,15.4378,16.1601,17.0008,17.1649,17.255,17.398,17.4929,17.8956,18.3185,18.8357,18.8595,19.3235,19.3236,19.5148,19.7348,19.8584,20.2443,21.1438,21.1875,21.2262,21.7792,21.9015,22.2138,22.3789,22.8652,23.1651,23.8204,23.8866,24.4246,24.9908
0.2786856584660738,-64.5264,-64.5263,-64.5262,-64.5262,-64.4865,-64.4865,-64.4864,-64.4864,-64.4863,-64.4863,-64.4863,-64.4862,-64.4287,-64.4285,-64.4284,-64.4284,-64.3412,-64.341,-10.6758,-10.6575,-8.8898,-8.7811,-7.4137,-7.2661,-1.7904,-1.3829,-0.1935,-0.0772,-0.0445,0.036,0.1007,0.296,0.3014,0.3406,0.3493,0.3975,1.0018,1.0609,1.2154,1.2258,2.4421,2.4851,2.5219,2.538,2.5391,2.5998,2.6459,2.6514,2.7151,2.7196,2.7506,2.8066,2.8179,2.824,2.8577,3.1734,3.1913,3.6833,3.8524,4.0718,4.1348,4.2382,4.5114,4.8024,4.9612,5.0077,5.1756,5.2888,5.4174,5.7247,6.189,7.4085,7.9388,7.9964,8.6814,9.2921,9.6322,10.1346,10.2616,10.4341,10.7495,10.8846,11.4733,11.5148,11.8435,11.8757,12.1434,12.3691,12.3884,12.6051,12.7513,13.2098,13.6947,13.9937,14.1673,14.509,15.1489,15.2726,15.4337,16.1744,17.0106,17.1624,17.284,17.4683,17.5836,17.8919,18.3963,18.8816,18.8827,19.3157,19.3615,19.5143,19.7567,19.8851,20.2499,21.212,21.2141,21.2686,21.7907,21.9231,22.2405,22.4373,22.8971,23.1765,23.8316,23.918,24.4338,24.939
0.2886387306644196,-64.5264,-64.5263,-64.5263,-64.5262,-64.4865,-64.4865,-64.4864,-64.4864,-64.4864,-64.4864,-64.4863,-64.4862,-64.4286,-64.4284,-64.4284,-64.4284,-64.3411,-64.341,-10.6696,-10.6515,-8.8809,-8.7734,-7.4058,-7.2598,-1.7829,-1.3798,-0.2017,-0.0923,-0.0672,0.0214,0.0911,0.297,0.3017,0.3469,0.355,0.3978,0.9924,1.0558,1.2205,1.2309,2.4366,2.4823,2.5179,2.5354,2.5367,2.6003,2.6446,2.6518,2.7149,2.72,2.7517,2.8073,2.822,2.8255,2.8614,3.1651,3.2016,3.6636,3.8329,4.0591,4.1241,4.2334,4.4641,4.7601,4.9341,4.9672,5.1375,5.2646,5.398,5.7067,6.2009,7.4038,7.9839,8.043,8.7133,9.3204,9.6455,10.1245,10.2571,10.4153,10.7371,10.8744,11.4973,11.5217,11.8528,11.9093,12.1318,12.4161,12.4187,12.6579,12.761,13.2424,13.6888,13.9687,14.1384,14.5023,15.1543,15.2728,15.4297,16.1889,17.0216,17.1602,17.3108,17.5381,17.6765,17.8864,18.4754,18.9053,18.9271,19.3072,19.3998,19.5083,19.7826,19.9165,20.2611,21.2415,21.2789,21.3131,21.8088,21.9462,22.2671,22.4973,22.9292,23.1821,23.8333,23.9468,24.4236,24.8894
0.29859178375289125,-64.5264,-64.5263,-64.5263,-64.5262,-64.4865,-64.4865,-64.4864,-64.4864,-64.4864,-64.4863,-64.4863,-64.4862,-64.4286,-64.4284,-64.4284,-64.4284,-64.3411,-64.341,-10.6632,-10.6453,-8.8717,-8.7654,-7.3977,-7.2534,-1.7753,-1.3768,-0.2118,-0.1059,-0.0904,0.0065,0.0814,0.2978,0.302,0.3535,0.361,0.398,0.9829,1.0506,1.2257,1.2361,2.4311,2.4796,2.5139,2.5327,2.5343,2.6007,2.6434,2.6522,2.7146,2.7204,2.753,2.808,2.8258,2.8271,2.8652,3.1569,3.2112,3.645,3.8136,4.0462,4.1131,4.2285,4.4168,4.7179,4.9066,4.9264,5.099,5.24,5.3782,5.6884,6.213,7.3989,8.0284,8.0887,8.7437,9.3473,9.6561,10.1116,10.2553,10.3959,10.7296,10.8662,11.5214,11.5308,11.8629,11.9433,12.1191,12.4445,12.4695,12.7122,12.7717,13.2758,13.6827,13.9447,14.1096,14.4967,15.1611,15.2741,15.4258,16.2035,17.0338,17.1585,17.335,17.6073,17.7711,17.8794,18.556,18.9306,18.9683,19.2982,19.4383,19.4967,19.8126,19.954,20.2767,21.2696,21.3437,21.3598,21.8343,21.9711,22.2935,22.5586,22.9617,23.1836,23.8382,23.9767,24.4086,24.8903
0.30854483684136297,-64.5264,-64.5263,-64.5263,-64.5262,-64.4865,-64.4865,-64.4864,-64.4864,-64.4864,-64.4863,-64.4863,-64.4862,-64.4286,-64.4284,-64.4284,-64.4284,-64.3411,-64.341,-10.6567,-10.6391,-8.8623,-8.7573,-7.3894,-7.2468,-1.7675,-1.3738,-0.224,-0.1177,-0.1141,-0.0087,0.0714,0.2986,0.3022,0.3603,0.3673,0.398,0.9732,1.0454,1.2311,1.2414,2.4256,2.4769,2.5098,2.53,2.5319,2.6011,2.6421,2.6526,2.7144,2.7207,2.7544,2.8086,2.8286,2.829,2.8687,3.1488,3.2197,3.6278,3.7943,4.033,4.1021,4.2234,4.3694,4.6761,4.8786,4.8854,5.0603,5.2152,5.3581,5.6697,6.2254,7.3937,8.0721,8.1334,8.7724,9.3726,9.6638,10.0964,10.2565,10.3758,10.7266,10.86,11.5421,11.5455,11.8739,11.9778,12.1054,12.4735,12.5214,12.7678,12.7831,13.3099,13.6765,13.9214,14.0811,14.492,15.1694,15.2767,15.4221,16.2182,17.0472,17.1572,17.3563,17.6758,17.8672,17.871,18.6379,18.9575,19.0059,19.2886,19.4771,19.481,19.8467,19.9985,20.2955,21.2982,21.4057,21.4082,21.8679,21.9976,22.3199,22.6211,22.9945,23.1805,23.8404,24.0051,24.3842,24.8414
0.31849790903970876,-64.5264,-64.5263,-64.5263,-64.5261,-64.4865,-64.4865,-64.4864,-64.4864,-64.4864,-64.4863,-64.4863,-64.4862,-64.4286,-64.4284,-64.4284,-64.4284,-64.3411,-64.341,-10.65,-10.6326,-8.8526,-8.749,-7.3809,-7.2401,-1.7596,-1.3709,-0.2385,-0.1383,-0.1276,-0.0242,0.0614,0.2993,0.3025,0.3672,0.3739,0.3979,0.9634,1.0401,1.2366,1.2469,2.4201,2.4742,2.5058,2.5274,2.5296,2.6014,2.6409,2.653,2.7141,2.721,2.7559,2.8092,2.8301,2.8319,2.8721,3.1411,3.227,3.6121,3.7752,4.0195,4.0909,4.2181,4.322,4.6345,4.8444,4.8503,5.0214,5.1901,5.3376,5.6507,6.2381,7.3881,8.1147,8.1768,8.7994,9.3962,9.6687,10.0796,10.261,10.355,10.7274,10.856,11.5557,11.5694,11.8856,12.0125,12.0909,12.503,12.5745,12.7954,12.8247,13.3448,13.6706,13.8988,14.0533,14.4885,15.1792,15.2806,15.4184,16.2332,17.0617,17.1563,17.3747,17.7431,17.8617,17.9645,18.7212,18.9859,19.0389,19.2786,19.463,19.516,19.8849,20.0498,20.3164,21.3272,21.4583,21.4645,21.9101,22.0257,22.3461,22.6845,23.0276,23.1729,23.841,24.0331,24.3449,24.8364
0.3284509621281804,-64.5265,-64.5263,-64.5263,-64.5261,-64.4866,-64.4865,-64.4864,-64.4864,-64.4864,-64.4863,-64.4863,-64.4862,-64.4286,-64.4284,-64.4284,-64.4284,-64.3411,-64.341,-10.6432,-10.6261,-8.8428,-8.7405,-7.3722,-7.2332,-1.7515,-1.3679,-0.2549,-0.1628,-0.1359,-0.04,0.0511,0.2999,0.3028,0.3743,0.3806,0.3977,0.9535,1.0348,1.2422,1.2525,2.4146,2.4716,2.5017,2.5247,2.5273,2.6016,2.6397,2.6533,2.7138,2.7212,2.7575,2.8097,2.8317,2.8342,2.8754,3.1336,3.2329,3.5981,3.7562,4.0057,4.0795,4.2127,4.2747,4.5933,4.8034,4.8217,4.9823,5.1648,5.3168,5.6313,6.251,7.3822,8.1562,8.2186,8.8245,9.4177,9.6709,10.0616,10.2686,10.3338,10.7315,10.8543,11.5715,11.5931,11.8983,12.0475,12.0757,12.5332,12.6286,12.8083,12.883,13.3803,13.6651,13.8768,14.0265,14.486,15.1903,15.2858,15.4149,16.2484,17.0769,17.1558,17.3899,17.8091,17.8516,18.0626,18.8059,19.0159,19.0662,19.2681,19.4456,19.555,19.9271,20.1075,20.3386,21.3565,21.5096,21.5198,21.9609,22.0556,22.3723,22.7487,23.0609,23.1611,23.8418,24.0603,24.319,24.8493
0.3384040152166521,-64.5265,-64.5263,-64.5262,-64.5261,-64.4866,-64.4866,-64.4864,-64.4864,-64.4863,-64.4863,-64.4863,-64.4862,-64.4286,-64.4284,-64.4284,-64.4284,-64.3411,-64.341,-10.6362,-10.6194,-8.8327,-8.7318,-7.3633,-7.2262,-1.7433,-1.3651,-0.2731,-0.1878,-0.1427,-0.0561,0.0408,0.3005,0.3031,0.3816,0.3876,0.3974,0.9436,1.0294,1.2479,1.2582,2.409,2.469,2.4977,2.522,2.525,2.6018,2.6386,2.6536,2.7135,2.7214,2.7593,2.8101,2.8332,2.836,2.8784,3.1265,3.2372,3.5862,3.7374,3.9916,4.068,4.2072,4.2276,4.5526,4.7625,4.7927,4.9432,5.1393,5.2958,5.6117,6.2642,7.376,8.1963,8.2586,8.8475,9.437,9.6709,10.0426,10.2794,10.3129,10.738,10.855,11.5896,11.6165,11.9119,12.0601,12.0825,12.5638,12.6837,12.8217,12.9425,13.4166,13.6603,13.8552,14.0011,14.4848,15.2029,15.2925,15.4116,16.2639,17.0928,17.1558,17.4019,17.8413,17.8734,18.1612,18.892,19.0474,19.0861,19.2572,19.4322,19.5939,19.9731,20.1707,20.3618,21.3859,21.5619,21.5721,22.0195,22.0871,22.3985,22.8132,23.0944,23.1455,23.8378,24.0843,24.2554,24.7853
0.3483570874149979,-64.5265,-64.5264,-64.5262,-64.5261,-64.4866,-64.4866,-64.4864,-64.4864,-64.4863,-64.4863,-64.4862,-64.4861,-64.4286,-64.4284,-64.4284,-64.4284,-64.3411,-64.341,-10.6291,-10.6125,-8.8224,-8.7229,-7.3542,-7.2191,-1.735,-1.3623,-0.2926,-0.2131,-0.1485,-0.0724,0.0304,0.301,0.3034,0.3891,0.3948,0.3969,0.9336,1.0241,1.2538,1.2641,2.4036,2.4665,2.4936,2.5193,2.5228,2.6018,2.6374,2.6538,2.7131,2.7214,2.7611,2.8105,2.8347,2.8371,2.8813,3.1199,3.2396,3.5765,3.7186,3.9773,4.0564,4.1807,4.2015,4.5123,4.7218,4.7635,4.9039,5.1136,5.2744,5.5917,6.2777,7.3694,8.235,8.2966,8.8685,9.4537,9.6693,10.0228,10.2929,10.2932,10.7462,10.8581,11.6096,11.6395,11.9264,12.0442,12.1176,12.595,12.7397,12.8357,13.0032,13.4537,13.6562,13.8341,13.9775,14.4848,15.2168,15.3008,15.4085,16.2797,17.1089,17.1561,17.4106,17.8311,17.9358,18.2597,18.9796,19.0804,19.0965,19.246,19.4264,19.6328,20.0229,20.238,20.3861,21.4151,21.6147,21.6223,22.0851,22.1204,22.425,22.8777,23.1267,23.1281,23.8336,24.1076,24.207,24.7773
0.35831014050346954,-64.5265,-64.5264,-64.5262,-64.5261,-64.4866,-64.4865,-64.4864,-64.4864,-64.4864,-64.4863,-64.4862,-64.4862,-64.4286,-64.4284,-64.4284,-64.4283,-64.3411,-64.341,-10.6219,-10.6056,-8.8119,-8.7138,-7.345,-7.2118,-1.7266,-1.3596,-0.3132,-0.2388,-0.1535,-0.089,0.0199,0.3015,0.3037,0.3964,0.3968,0.4022,0.9235,1.0187,1.2599,1.2701,2.3982,2.464,2.4895,2.5166,2.5207,2.6018,2.6363,2.654,2.7128,2.7214,2.763,2.8108,2.8362,2.8377,2.8839,3.1138,3.24,3.5691,3.7,3.9628,4.0447,4.134,4.1956,4.4725,4.6813,4.734,4.8646,5.0879,5.2529,5.5716,6.2914,7.3626,8.272,8.3324,8.8874,9.4674,9.6667,10.0023,10.2744,10.3096,10.7557,10.8639,11.6315,11.662,11.9419,12.0281,12.1525,12.6268,12.7968,12.8499,13.065,13.4916,13.653,13.8132,13.956,14.486,15.232,15.3108,15.4059,16.2959,17.1251,17.1569,17.4159,17.8216,17.9958,18.3574,19.0682,19.0964,19.1152,19.2345,19.4311,19.6716,20.0761,20.3066,20.4133,21.4441,21.6674,21.6713,22.1553,22.1561,22.4521,22.941,23.1061,23.1621,23.8277,24.1298,24.1584,24.7754
0.3682631935919412,-64.5265,-64.5264,-64.5262,-64.5261,-64.4866,-64.4866,-64.4865,-64.4865,-64.4864,-64.4863,-64.4862,-64.4862,-64.4286,-64.4284,-64.4284,-64.4283,-64.3411,-64.341,-10.6145,-10.5985,-8.8012,-8.7046,-7.3356,-7.2045,-1.7181,-1.357,-0.3346,-0.2648,-0.1578,-0.1058,0.0093,0.302,0.3039,0.3957,0.4046,0.4098,0.9134,1.0133,1.266,1.2762,2.3928,2.4616,2.4854,2.5139,2.5186,2.6018,2.6352,2.654,2.7124,2.7213,2.765,2.811,2.8376,2.8376,2.8862,3.1081,3.2383,3.564,3.6815,3.948,4.033,4.0875,4.1896,4.4333,4.6412,4.7042,4.8254,5.062,5.2311,5.5512,6.3053,7.3554,8.3072,8.3656,8.904,9.4775,9.6641,9.981,10.2579,10.3283,10.7659,10.8725,11.6549,11.684,11.9586,12.0121,12.1872,12.659,12.8547,12.8643,13.128,13.5302,13.6507,13.7927,13.937,14.4886,15.2485,15.3224,15.4037,16.3124,17.1409,17.1581,17.4176,17.8133,18.0532,18.4531,19.087,19.1469,19.1626,19.2227,19.4472,19.7101,20.1326,20.369,20.4503,21.4726,21.7194,21.7199,22.192,22.2312,22.4802,22.9981,23.0889,23.1961,23.8204,24.1103,24.1481,24.7796
0.378216265790287,-64.5265,-64.5264,-64.5262,-64.5261,-64.4866,-64.4866,-64.4865,-64.4865,-64.4864,-64.4863,-64.4862,-64.4861,-64.4286,-64.4284,-64.4284,-64.4283,-64.3411,-64.341,-10.607,-10.5913,-8.7904,-8.6953,-7.326,-7.197,-1.7096,-1.3544,-0.3566,-0.291,-0.1617,-0.1228,-0.0013,0.3024,0.3042,0.3949,0.4126,0.4176,0.9032,1.0079,1.2722,1.2824,2.3874,2.4592,2.4813,2.5113,2.5165,2.6017,2.6342,2.654,2.712,2.721,2.7671,2.8111,2.8368,2.839,2.8882,3.1031,3.2346,3.5613,3.663,3.9331,4.0211,4.0414,4.1834,4.3946,4.6016,4.6744,4.7862,5.0361,5.2091,5.5306,6.3195,7.3478,8.3405,8.3962,8.9185,9.4835,9.6623,9.9587,10.2441,10.3491,10.7765,10.884,11.6794,11.7053,11.9767,11.9963,12.2216,12.6917,12.8788,12.9135,13.192,13.5698,13.6493,13.7724,13.921,14.4925,15.2664,15.3358,15.4022,16.3292,17.1561,17.1599,17.4158,17.8066,18.1076,18.5447,19.0719,19.1863,19.2107,19.252,19.4735,19.7484,20.1921,20.4129,20.5088,21.5004,21.7688,21.7699,22.2304,22.309,22.5097,23.0212,23.1029,23.2301,23.8111,24.0615,24.1656,24.7767
0.38816931887875866,-64.5266,-64.5265,-64.5262,-64.5261,-64.4867,-64.4866,-64.4866,-64.4865,-64.4864,-64.4863,-64.4862,-64.4862,-64.4286,-64.4284,-64.4284,-64.4283,-64.3411,-64.341,-10.5995,-10.5841,-8.7793,-8.6858,-7.3163,-7.1894,-1.7009,-1.3521,-0.3791,-0.3175,-0.1652,-0.1401,-0.012,0.3028,0.3045,0.394,0.4207,0.4256,0.8931,1.0025,1.2785,1.2887,2.3821,2.4569,2.4772,2.5086,2.5145,2.6015,2.6332,2.6539,2.7116,2.7206,2.7691,2.8111,2.8353,2.8403,2.8899,3.0987,3.229,3.5607,3.6446,3.9179,3.9958,4.0092,4.1771,4.3566,4.5626,4.6443,4.7471,5.0102,5.187,5.5098,6.3339,7.34,8.3718,8.424,8.9307,9.4852,9.6619,9.9354,10.2331,10.3715,10.7872,10.8985,11.7046,11.726,11.981,11.9963,12.2555,12.7248,12.8931,12.9732,13.257,13.6103,13.6488,13.7525,13.9083,14.4978,15.2855,15.351,15.4014,16.3465,17.1621,17.1703,17.4105,17.8022,18.1589,18.6284,19.0571,19.1985,19.2247,19.3448,19.5086,19.7864,20.2544,20.4415,20.5852,21.5273,21.818,21.8185,22.2705,22.3883,22.5413,23.0023,23.1564,23.2641,23.8002,24.0166,24.1797,24.7904
0.3981223719672303,-64.5266,-64.5265,-64.5263,-64.5261,-64.4867,-64.4866,-64.4866,-64.4866,-64.4864,-64.4864,-64.4862,-64.4862,-64.4286,-64.4284,-64.4284,-64.4284,-64.3411,-64.341,-10.5918,-10.5767,-8.7681,-8.6762,-7.3065,-7.1818,-1.6923,-1.3498,-0.4019,-0.3442,-0.1685,-0.1574,-0.0226,0.3032,0.3047,0.393,0.4289,0.4337,0.883,0.9972,1.285,1.2951,2.3769,2.4547,2.4731,2.506,2.5125,2.6012,2.6323,2.6537,2.7112,2.72,2.7713,2.8111,2.8331,2.8416,2.8911,3.0949,3.2217,3.562,3.6262,3.9025,3.9505,3.9973,4.1707,4.3193,4.5243,4.6141,4.7082,4.9843,5.1647,5.4888,6.3485,7.3319,8.401,8.4488,8.9407,9.4826,9.6633,9.9111,10.2253,10.3952,10.7978,10.9162,11.7299,11.7459,11.9664,12.0176,12.2888,12.7584,12.9072,13.0336,13.3229,13.6491,13.6519,13.733,13.8993,14.5046,15.3059,15.3682,15.4015,16.3643,17.1649,17.1832,17.4016,17.8003,18.2067,18.6969,19.0517,19.1862,19.2641,19.4389,19.5509,19.8239,20.3193,20.4644,20.6695,21.5531,21.8628,21.869,22.3123,22.4677,22.5757,22.973,23.2183,23.2981,23.7881,23.974,24.192,24.8002
0.4080754441655761,-64.5265,-64.5264,-64.5262,-64.5261,-64.4866,-64.4866,-64.4865,-64.4865,-64.4864,-64.4864,-64.4862,-64.4862,-64.4285,-64.4284,-64.4284,-64.4283,-64.3411,-64.341,-10.5841,-10.5692,-8.7568,-8.6664,-7.2965,-7.1741,-1.6836,-1.3477,-0.4251,-0.3711,-0.175,-0.1716,-0.0333,0.3036,0.305,0.3919,0.4374,0.442,0.8729,0.9919,1.2916,1.3017,2.3718,2.4526,2.4691,2.5034,2.5107,2.6008,2.6314,2.6534,2.7107,2.7193,2.7735,2.811,2.8304,2.8429,2.892,3.0918,3.213,3.5648,3.6079,3.8869,3.9058,3.9853,4.1641,4.2827,4.4869,4.5838,4.6695,4.9584,5.1424,5.4678,6.3633,7.3234,8.4281,8.4706,8.9486,9.4762,9.6662,9.8858,10.2207,10.4199,10.8083,10.9372,11.7548,11.7649,11.9527,12.041,12.3214,12.7924,12.9211,13.0948,13.3897,13.6498,13.6946,13.7142,13.8944,14.5128,15.3276,15.3872,15.4027,16.3824,17.1683,17.1946,17.3895,17.8014,18.251,18.7395,19.0674,19.1738,19.3045,19.5341,19.5995,19.861,20.3866,20.4855,20.7579,21.5774,21.9033,21.9204,22.3559,22.5458,22.6136,22.9405,23.2814,23.3318,23.7755,23.9361,24.2,24.8275
0.41802849725404784,-64.5266,-64.5265,-64.5263,-64.5261,-64.4866,-64.4866,-64.4865,-64.4865,-64.4864,-64.4863,-64.4862,-64.4862,-64.4285,-64.4285,-64.4284,-64.4283,-64.3411,-64.341,-10.5762,-10.5617,-8.7453,-8.6566,-7.2865,-7.1662,-1.6749,-1.3457,-0.4484,-0.3981,-0.1926,-0.1746,-0.044,0.304,0.3052,0.3907,0.4459,0.4504,0.8628,0.9866,1.2982,1.3083,2.3667,2.4506,2.465,2.5008,2.5088,2.6004,2.6306,2.653,2.7103,2.7183,2.7757,2.8109,2.8271,2.844,2.8925,3.0891,3.2033,3.5688,3.5896,3.8616,3.8711,3.9734,4.1572,4.2469,4.4505,4.5535,4.631,4.9326,5.1199,5.4466,6.3783,7.3147,8.4529,8.4893,8.9543,9.4665,9.6703,9.8595,10.219,10.4453,10.8185,10.9616,11.7786,11.7831,11.9401,12.0665,12.3532,12.8267,12.9347,13.1568,13.4572,13.6502,13.6969,13.7385,13.8938,14.5225,15.3505,15.405,15.4082,16.4009,17.1723,17.2042,17.3742,17.8054,18.2917,18.7502,19.1103,19.1614,19.3458,19.6302,19.6541,19.8976,20.4561,20.5063,20.8487,21.6002,21.9387,21.9723,22.4012,22.6211,22.6555,22.9068,23.344,23.3651,23.7636,23.9024,24.2061,24.8691
0.4279815503425195,-64.5267,-64.5266,-64.5262,-64.5261,-64.4867,-64.4867,-64.4866,-64.4866,-64.4864,-64.4864,-64.4862,-64.4862,-64.4285,-64.4285,-64.4284,-64.4284,-64.3411,-64.341,-10.5683,-10.5541,-8.7337,-8.6466,-7.2763,-7.1584,-1.6662,-1.344,-0.4718,-0.4253,-0.2104,-0.1774,-0.0546,0.3043,0.3054,0.3894,0.4546,0.459,0.8527,0.9813,1.3049,1.315,2.3617,2.4486,2.4609,2.4983,2.507,2.5999,2.6298,2.6525,2.7099,2.7172,2.7779,2.8106,2.8233,2.8452,2.8924,3.087,3.1927,3.5712,3.5735,3.8179,3.8552,3.9614,4.1502,4.2118,4.4154,4.5231,4.5927,4.9069,5.0973,5.4253,6.3935,7.3057,8.4756,8.5049,8.958,9.4545,9.6749,9.8325,10.2201,10.4713,10.8284,10.9894,11.8004,11.8008,11.9289,12.0944,12.384,12.8613,12.9483,13.2195,13.5254,13.6481,13.6831,13.7838,13.8977,14.5338,15.3747,15.4086,15.4311,16.4198,17.177,17.2119,17.3561,17.8126,18.3287,18.7362,19.1489,19.1735,19.388,19.7145,19.7269,19.9335,20.5275,20.5277,20.941,21.621,21.9682,22.0244,22.4481,22.6921,22.7017,22.8729,23.398,23.4057,23.7553,23.873,24.2111,24.8771
0.4379346225408653,-64.5267,-64.5266,-64.5263,-64.5262,-64.4867,-64.4867,-64.4866,-64.4866,-64.4864,-64.4864,-64.4863,-64.4862,-64.4285,-64.4284,-64.4284,-64.4284,-64.3411,-64.341,-10.5603,-10.5464,-8.7219,-8.6365,-7.266,-7.1504,-1.6576,-1.3424,-0.4953,-0.4525,-0.2283,-0.1801,-0.0652,0.3046,0.3057,0.388,0.4634,0.4677,0.8427,0.9761,1.3117,1.3218,2.3568,2.4467,2.4569,2.4958,2.5053,2.5994,2.629,2.6519,2.7094,2.7159,2.7801,2.8103,2.819,2.8463,2.8919,3.0854,3.1816,3.5529,3.5786,3.7748,3.839,3.9495,4.1429,4.1777,4.3817,4.4927,4.5548,4.8813,5.0747,5.404,6.4088,7.2964,8.496,8.5175,8.9599,9.4408,9.6795,9.8048,10.2234,10.4976,10.8382,11.0206,11.8167,11.8209,11.9191,12.1245,12.4138,12.8962,12.962,13.283,13.594,13.6395,13.6767,13.8307,13.9064,14.5467,15.4001,15.4137,15.4561,16.4391,17.1825,17.2177,17.3356,17.8227,18.3621,18.708,19.1365,19.2458,19.4308,19.7807,19.824,19.9689,20.5505,20.6007,21.0341,21.6397,21.9914,22.0761,22.4968,22.7505,22.7569,22.8414,23.4299,23.4657,23.7513,23.8468,24.2085,24.8826
0.44788767562933696,-64.5267,-64.5266,-64.5263,-64.5262,-64.4867,-64.4867,-64.4866,-64.4866,-64.4864,-64.4864,-64.4863,-64.4862,-64.4285,-64.4284,-64.4284,-64.4283,-64.3411,-64.3409,-10.5523,-10.5387,-8.7101,-8.6264,-7.2557,-7.1424,-1.649,-1.341,-0.5187,-0.4798,-0.2463,-0.1827,-0.0757,0.3049,0.3059,0.3864,0.4724,0.4765,0.8328,0.9709,1.3186,1.3287,2.352,2.445,2.4529,2.4933,2.5037,2.5988,2.6283,2.6511,2.709,2.7143,2.7823,2.81,2.8144,2.8473,2.8908,3.0842,3.1702,3.5345,3.5838,3.7324,3.8228,3.9376,4.1353,4.1444,4.3499,4.4623,4.5172,4.8559,5.0521,5.3826,6.4243,7.2868,8.5142,8.5272,8.9599,9.426,9.6838,9.7766,10.2285,10.524,10.8479,11.0553,11.832,11.8387,11.9112,12.1567,12.4424,12.9312,12.9762,13.3471,13.625,13.663,13.6771,13.8793,13.9197,14.5612,15.4204,15.4268,15.483,16.4587,17.1888,17.2213,17.3131,17.8355,18.3918,18.6725,19.1241,19.3198,19.4742,19.8527,19.9213,20.0035,20.5755,20.6754,21.1271,21.656,22.0083,22.1267,22.5472,22.7807,22.8142,22.8339,23.4607,23.5239,23.7554,23.8258,24.2039,24.8549
0.4578407287178086,-64.5267,-64.5266,-64.5263,-64.5262,-64.4868,-64.4867,-64.4866,-64.4866,-64.4864,-64.4864,-64.4863,-64.4862,-64.4285,-64.4284,-64.4284,-64.4283,-64.3411,-64.3409,-10.5442,-10.5309,-8.6981,-8.6162,-7.2452,-7.1344,-1.6405,-1.3398,-0.5422,-0.5072,-0.2643,-0.1852,-0.0862,0.3051,0.3061,0.3848,0.4814,0.4855,0.823,0.9658,1.3256,1.3356,2.3474,2.4433,2.4489,2.4909,2.5021,2.598,2.6277,2.6501,2.7085,2.7125,2.7844,2.8094,2.8095,2.8483,2.8892,3.0834,3.1586,3.5161,3.5886,3.6906,3.8065,3.9257,4.112,4.1272,4.3201,4.4319,4.4799,4.8307,5.0295,5.3612,6.44,7.2769,8.5302,8.5342,8.9583,9.4105,9.6874,9.7482,10.2348,10.5505,10.8576,11.0933,11.8463,11.8538,11.9053,12.1907,12.4698,12.9663,12.9915,13.4119,13.6082,13.6807,13.732,13.9299,13.9377,14.5774,15.4288,15.4546,15.512,16.4785,17.1962,17.2228,17.2892,17.8508,18.418,18.6332,19.1118,19.3914,19.5181,19.9304,20.0183,20.0373,20.6033,20.7517,21.2194,21.6696,22.0192,22.1751,22.5993,22.7587,22.8631,22.8841,23.4902,23.58,23.7638,23.8138,24.2063,24.8357
0.4677938009161544,-64.5267,-64.5266,-64.5263,-64.5262,-64.4868,-64.4868,-64.4867,-64.4867,-64.4864,-64.4864,-64.4863,-64.4862,-64.4284,-64.4284,-64.4284,-64.4283,-64.341,-64.3409,-10.536,-10.523,-8.6861,-8.6059,-7.2347,-7.1263,-1.6321,-1.3388,-0.5655,-0.5346,-0.2824,-0.1877,-0.0966,0.3054,0.3063,0.3831,0.4906,0.4946,0.8132,0.9608,1.3326,1.3427,2.3428,2.4417,2.445,2.4886,2.5006,2.5972,2.6272,2.6489,2.708,2.7105,2.7865,2.8043,2.809,2.8492,2.8869,3.0828,3.147,3.4976,3.5927,3.6496,3.79,3.9139,4.0805,4.1186,4.2928,4.4016,4.4431,4.8056,5.0069,5.3398,6.4558,7.2668,8.5385,8.5441,8.9551,9.3946,9.6902,9.7195,10.2417,10.5769,10.8674,11.1345,11.8596,11.8662,11.9016,12.2261,12.4959,13.0014,13.0083,13.4773,13.5907,13.6856,13.8009,13.9603,13.9827,14.5953,15.439,15.4837,15.5429,16.4985,17.2046,17.2217,17.2647,17.8683,18.4404,18.5926,19.0997,19.4582,19.5621,20.0135,20.0703,20.1147,20.635,20.8291,21.3098,21.6802,22.0245,22.2206,22.653,22.7272,22.9041,22.9491,23.5168,23.6333,23.7574,23.8291,24.1881,24.7003
0.4777468540046261,-64.5267,-64.5266,-64.5263,-64.5262,-64.4868,-64.4868,-64.4867,-64.4867,-64.4864,-64.4864,-64.4863,-64.4862,-64.4284,-64.4284,-64.4284,-64.4283,-64.341,-64.3409,-10.5279,-10.5152,-8.6739,-8.5955,-7.2241,-7.1183,-1.6239,-1.3381,-0.5887,-0.5619,-0.3005,-0.1901,-0.1068,0.3056,0.3065,0.3813,0.4998,0.5038,0.8036,0.9558,1.3397,1.3497,2.3384,2.4403,2.441,2.4863,2.4992,2.5963,2.6267,2.6476,2.7075,2.7082,2.7885,2.7989,2.8084,2.85,2.8842,3.0824,3.1356,3.479,3.5959,3.6094,3.7734,3.9022,4.05,4.1093,4.2684,4.3714,4.4067,4.7808,4.9843,5.3184,6.4717,7.2565,8.5403,8.5559,8.9506,9.3786,9.6909,9.692,10.2487,10.6031,10.8774,11.1789,11.8719,11.8758,11.9003,12.2624,12.5206,13.0273,13.0365,13.5434,13.5732,13.6913,13.8692,13.9871,14.0382,14.6149,15.4511,15.5139,15.5757,16.5186,17.2142,17.2158,17.2424,17.8877,18.4576,18.553,19.0877,19.5189,19.6062,20.1013,20.1025,20.21,20.6712,20.9078,21.397,21.6876,22.025,22.2623,22.6954,22.7083,22.9389,23.0197,23.5411,23.6855,23.7425,23.8703,24.189,24.7419
0.4876999070930977,-64.5267,-64.5266,-64.5263,-64.5262,-64.4868,-64.4868,-64.4866,-64.4866,-64.4864,-64.4864,-64.4863,-64.4862,-64.4284,-64.4284,-64.4283,-64.4283,-64.341,-64.3409,-10.5197,-10.5073,-8.6617,-8.5851,-7.2135,-7.1102,-1.6158,-1.3375,-0.6116,-0.5892,-0.3187,-0.1924,-0.117,0.3058,0.3066,0.3793,0.5092,0.5131,0.7941,0.9509,1.3469,1.3569,2.3341,2.4372,2.4389,2.484,2.4979,2.5954,2.6263,2.6461,2.7057,2.7071,2.7905,2.7935,2.8077,2.8508,2.8808,3.0822,3.1244,3.4604,3.5701,3.5977,3.7568,3.8905,4.0204,4.0993,4.2471,4.3413,4.3708,4.7563,4.9618,5.297,6.4877,7.2459,8.54,8.5657,8.9448,9.3627,9.6623,9.6926,10.2553,10.6289,10.8876,11.2262,11.8826,11.8832,11.9018,12.2991,12.5438,13.0491,13.0714,13.5558,13.6102,13.6973,13.9367,14.0181,14.0965,14.6363,15.4651,15.5453,15.6105,16.5386,17.1986,17.2251,17.2291,17.9087,18.4632,18.522,19.0758,19.5727,19.6502,20.1337,20.1928,20.3037,20.7129,20.9873,21.4794,21.6916,22.0217,22.2999,22.6645,22.7652,22.9703,23.0943,23.56,23.7183,23.731,23.9266,24.1583,24.6049
0.4976529792914436,-64.5267,-64.5266,-64.5263,-64.5262,-64.4868,-64.4868,-64.4867,-64.4866,-64.4864,-64.4864,-64.4863,-64.4862,-64.4284,-64.4284,-64.4283,-64.4283,-64.341,-64.3409,-10.5114,-10.4994,-8.6495,-8.5747,-7.2029,-7.1021,-1.6078,-1.3373,-0.6344,-0.6164,-0.3368,-0.1946,-0.127,0.306,0.3068,0.3773,0.5186,0.5225,0.7848,0.9461,1.354,1.364,2.3299,2.4334,2.4377,2.4818,2.4966,2.5943,2.6259,2.6443,2.7029,2.7066,2.7879,2.7923,2.807,2.8515,2.8769,3.082,3.1135,3.4415,3.5317,3.5978,3.74,3.8789,3.9919,4.0886,4.2294,4.3113,4.3354,4.732,4.9394,5.2757,6.5038,7.235,8.5375,8.5735,8.938,9.3471,9.6339,9.6922,10.2609,10.6542,10.8982,11.2764,11.8865,11.8935,11.9062,12.3358,12.5656,13.0742,13.1061,13.5387,13.6776,13.7036,14.003,14.0529,14.158,14.6595,15.4811,15.5777,15.6472,16.5586,17.173,17.2224,17.2376,17.931,18.4417,18.5155,19.0642,19.6193,19.6937,20.164,20.2869,20.3949,20.7608,21.0678,21.5546,21.6918,22.0158,22.3341,22.6348,22.8237,23.0011,23.1723,23.5737,23.6944,23.7756,23.9926,24.1417,24.5386
0.5076060323799152,-64.5268,-64.5267,-64.5263,-64.5262,-64.4869,-64.4868,-64.4867,-64.4867,-64.4864,-64.4863,-64.4863,-64.4862,-64.4285,-64.4284,-64.4284,-64.4283,-64.341,-64.3409,-10.5032,-10.4915,-8.6372,-8.5642,-7.1922,-7.094,-1.6001,-1.3372,-0.6568,-0.6435,-0.3549,-0.1968,-0.1369,0.3062,0.3069,0.3751,0.5281,0.5319,0.7755,0.9414,1.3612,1.3712,2.3259,2.4296,2.4365,2.4797,2.4954,2.5931,2.6256,2.6424,2.6999,2.7061,2.7824,2.7938,2.8061,2.8521,2.8725,3.0816,3.103,3.4224,3.4946,3.596,3.7232,3.8674,3.9643,4.0772,4.2151,4.2815,4.3005,4.708,4.917,5.2545,6.5199,7.224,8.5333,8.5794,8.9303,9.3318,9.6057,9.6907,10.2652,10.679,10.9089,11.3293,11.8876,11.9028,11.9137,12.3722,12.5859,13.1033,13.1404,13.522,13.7099,13.7456,14.0681,14.0911,14.2227,14.6845,15.4992,15.6113,15.6857,16.5782,17.1449,17.2167,17.2516,17.9544,18.4042,18.5231,19.0528,19.659,19.7366,20.1933,20.382,20.4828,20.8156,21.1488,21.6199,21.6882,22.0083,22.3667,22.6068,22.8836,23.0331,23.2527,23.5797,23.6714,23.8143,24.0664,24.1165,24.5476
0.5175590854683868,-64.5268,-64.5267,-64.5263,-64.5262,-64.4869,-64.4869,-64.4868,-64.4867,-64.4864,-64.4863,-64.4863,-64.4862,-64.4285,-64.4284,-64.4284,-64.4283,-64.341,-64.341,-10.495,-10.4836,-8.6249,-8.5537,-7.1815,-7.0859,-1.5927,-1.3375,-0.6789,-0.6705,-0.373,-0.1989,-0.1466,0.3064,0.3071,0.3729,0.5377,0.5415,0.7664,0.9368,1.3685,1.3784,2.322,2.4259,2.4355,2.4776,2.4942,2.5919,2.6254,2.6402,2.6968,2.7056,2.7769,2.7952,2.8052,2.8527,2.8678,3.0812,3.0927,3.4028,3.459,3.5921,3.7063,3.8561,3.9378,4.0656,4.2044,4.2519,4.2662,4.6843,4.8948,5.2334,6.5361,7.2127,8.5274,8.5836,8.9218,9.3169,9.578,9.6881,10.2678,10.7031,10.9198,11.3847,11.8859,11.9112,11.9246,12.4081,12.6046,13.1365,13.1743,13.5058,13.7161,13.8143,14.1319,14.1326,14.2906,14.7114,15.5194,15.6458,15.726,16.5975,17.1159,17.2109,17.2675,17.9786,18.3632,18.5327,19.0416,19.6918,19.7785,20.2215,20.4767,20.5665,20.878,21.2304,21.6721,21.6806,22.0006,22.4008,22.5807,22.9448,23.0669,23.3355,23.5755,23.6456,23.8508,24.0892,24.134,24.4687
0.5275121576667327,-64.5268,-64.5267,-64.5263,-64.5262,-64.4869,-64.4868,-64.4868,-64.4867,-64.4864,-64.4863,-64.4863,-64.4862,-64.4285,-64.4284,-64.4284,-64.4283,-64.341,-64.3409,-10.4867,-10.4757,-8.6126,-8.5433,-7.1709,-7.0778,-1.5855,-1.338,-0.7006,-0.6973,-0.391,-0.2009,-0.1562,0.3066,0.3072,0.3705,0.5473,0.551,0.7576,0.9323,1.3758,1.3857,2.3182,2.4223,2.4346,2.4756,2.4932,2.5905,2.6253,2.6378,2.6934,2.7052,2.7714,2.7962,2.8043,2.8532,2.8628,3.0806,3.0828,3.3819,3.4257,3.5858,3.6893,3.8448,3.9123,4.0542,4.1969,4.2224,4.2325,4.6609,4.8727,5.2124,6.5524,7.2012,8.52,8.5861,8.9127,9.3026,9.5506,9.6845,10.2685,10.7263,10.9306,11.4424,11.8814,11.9187,11.9389,12.4433,12.6219,13.1741,13.2076,13.4901,13.7221,13.8836,14.1771,14.1947,14.3614,14.7403,15.5416,15.6814,15.7681,16.6162,17.0866,17.2048,17.2852,18.0034,18.3217,18.5415,19.0306,19.7183,19.8191,20.2486,20.5694,20.6446,20.9483,21.3121,21.6687,21.7085,21.9944,22.44,22.5567,23.0071,23.1008,23.4195,23.5588,23.6228,23.8837,24.0539,24.1797,24.4738
0.5374652107552043,-64.5268,-64.5267,-64.5263,-64.5262,-64.4869,-64.4868,-64.4867,-64.4867,-64.4864,-64.4863,-64.4863,-64.4862,-64.4285,-64.4284,-64.4284,-64.4283,-64.341,-64.3409,-10.4785,-10.4678,-8.6002,-8.5328,-7.1602,-7.0697,-1.5786,-1.3387,-0.7239,-0.7219,-0.4089,-0.2028,-0.1656,0.3067,0.3073,0.3681,0.557,0.5607,0.7488,0.9278,1.383,1.393,2.3146,2.4188,2.4338,2.4737,2.4922,2.589,2.6252,2.6352,2.6898,2.7047,2.7659,2.7967,2.8032,2.8537,2.8576,3.0732,3.0797,3.3585,3.396,3.5772,3.6723,3.8337,3.8877,4.0432,4.1923,4.1932,4.1994,4.638,4.8508,5.1915,6.5687,7.1896,8.5113,8.587,8.9031,9.2888,9.5237,9.68,10.2673,10.7487,10.9413,11.5023,11.8743,11.9253,11.9567,12.478,12.6378,13.2161,13.2403,13.4751,13.728,13.9536,14.2242,14.2567,14.4347,14.771,15.5657,15.7178,15.8118,16.6342,17.0572,17.1985,17.3051,18.0287,18.2807,18.5491,19.02,19.739,19.8582,20.2746,20.659,20.7159,21.0263,21.3937,21.6525,21.7279,21.9912,22.487,22.535,23.0701,23.1306,23.5047,23.5271,23.6036,23.9111,24.009,24.1607,24.4177
0.5474182638436759,-64.5268,-64.5267,-64.5263,-64.5262,-64.4869,-64.4868,-64.4867,-64.4867,-64.4864,-64.4863,-64.4863,-64.4862,-64.4285,-64.4284,-64.4283,-64.4283,-64.341,-64.3409,-10.4704,-10.4599,-8.5879,-8.5224,-7.1495,-7.0617,-1.572,-1.3397,-0.7503,-0.7427,-0.4267,-0.2047,-0.1748,0.3068,0.3074,0.3655,0.5667,0.5704,0.7403,0.9235,1.3903,1.4003,2.3112,2.4154,2.4331,2.4718,2.4912,2.5874,2.6252,2.6325,2.6861,2.7042,2.7605,2.7967,2.8021,2.8527,2.854,3.0638,3.0785,3.3316,3.3711,3.5663,3.6553,3.8228,3.8642,4.0329,4.1643,4.167,4.1903,4.6153,4.8291,5.1708,6.5849,7.1778,8.5015,8.5864,8.8932,9.2755,9.4973,9.6745,10.264,10.7701,10.9515,11.5641,11.8646,11.931,11.9782,12.5122,12.6522,13.2624,13.2723,13.4608,13.7335,14.0242,14.2738,14.3182,14.5102,14.8038,15.5918,15.755,15.8572,16.6515,17.0278,17.192,17.3271,18.0542,18.2405,18.5554,19.0096,19.7544,19.8953,20.2995,20.7447,20.779,21.111,21.4747,21.632,21.7312,21.9926,22.5166,22.5425,23.1325,23.1508,23.482,23.5908,23.5945,23.9351,23.9775,24.1248,24.4016
0.5573713360420217,-64.5268,-64.5267,-64.5263,-64.5262,-64.4868,-64.4868,-64.4867,-64.4867,-64.4864,-64.4864,-64.4863,-64.4862,-64.4285,-64.4284,-64.4283,-64.4283,-64.3411,-64.3409,-10.4622,-10.4521,-8.5756,-8.512,-7.1389,-7.0538,-1.5659,-1.341,-0.7765,-0.763,-0.4444,-0.2064,-0.1838,0.3069,0.3075,0.3629,0.5764,0.5801,0.732,0.9193,1.3976,1.4076,2.3079,2.4121,2.4325,2.47,2.4903,2.5857,2.6252,2.6295,2.6821,2.7037,2.7551,2.7957,2.8009,2.8481,2.8543,3.0545,3.0767,3.302,3.3502,3.5532,3.6383,3.8119,3.8416,4.0236,4.1353,4.1356,4.1907,4.5931,4.8076,5.1503,6.6012,7.1658,8.4907,8.5845,8.883,9.2629,9.4714,9.6683,10.2587,10.7905,10.9611,11.6277,11.8526,11.936,12.0032,12.5462,12.6651,13.3034,13.3127,13.4472,13.7388,14.0954,14.3255,14.3795,14.5876,14.8385,15.6198,15.793,15.9042,16.6679,16.9987,17.1857,17.3514,18.0797,18.2014,18.5603,18.9995,19.7652,19.9302,20.3232,20.8261,20.8323,21.2,21.5545,21.6071,21.722,22.0002,22.5017,22.6054,23.1541,23.191,23.426,23.5986,23.6768,23.8877,23.9552,24.0716,24.4033
0.5673243891304933,-64.5268,-64.5268,-64.5263,-64.5262,-64.4869,-64.4869,-64.4868,-64.4867,-64.4864,-64.4864,-64.4863,-64.4863,-64.4285,-64.4283,-64.4283,-64.4283,-64.341,-64.3409,-10.4541,-10.4443,-8.5634,-8.5016,-7.1284,-7.0459,-1.5601,-1.3426,-0.8024,-0.7827,-0.4619,-0.2081,-0.1926,0.307,0.3076,0.3601,0.5862,0.5899,0.7239,0.9152,1.4048,1.4149,2.3047,2.4088,2.432,2.4682,2.4895,2.5837,2.6253,2.6264,2.6781,2.7033,2.7498,2.7938,2.7997,2.8442,2.8545,3.0453,3.0743,3.2714,3.3319,3.5381,3.6213,3.8013,3.82,4.0151,4.1044,4.1072,4.1932,4.5712,4.7863,5.13,6.6174,7.1538,8.4791,8.5813,8.8727,9.2508,9.4462,9.6614,10.2516,10.8096,10.9698,11.6928,11.8384,11.9402,12.0318,12.5801,12.6768,13.3336,13.3667,13.4345,13.7437,14.1671,14.3792,14.4407,14.6664,14.8752,15.6494,15.8317,15.9526,16.6833,16.9699,17.1795,17.3781,18.1052,18.1636,18.564,18.9897,19.7718,19.9623,20.3457,20.8749,20.9033,21.2887,21.5779,21.6323,21.7068,22.015,22.4917,22.6736,23.1372,23.228,23.3801,23.6163,23.7612,23.8127,23.9768,24.0176,24.307
0.5772774422189649,-64.5269,-64.5268,-64.5263,-64.5262,-64.4869,-64.4869,-64.4868,-64.4868,-64.4864,-64.4864,-64.4863,-64.4863,-64.4285,-64.4284,-64.4283,-64.4283,-64.341,-64.341,-10.4461,-10.4366,-8.5512,-8.4913,-7.1179,-7.038,-1.5548,-1.3444,-0.828,-0.8018,-0.4793,-0.2096,-0.2012,0.3071,0.3077,0.3573,0.5959,0.5996,0.716,0.9112,1.412,1.4222,2.3017,2.4057,2.4317,2.4666,2.4888,2.5817,2.6231,2.6255,2.6739,2.7028,2.7444,2.7906,2.7983,2.8411,2.8547,3.0362,3.0712,3.2409,3.3152,3.5214,3.6044,3.7908,3.7993,4.0075,4.0742,4.0791,4.1976,4.5498,4.7652,5.1099,6.6335,7.1415,8.4668,8.5769,8.8623,9.2393,9.4216,9.6538,10.2428,10.8276,10.9775,11.7591,11.8226,11.9437,12.0637,12.6141,12.6872,13.3628,13.4227,13.424,13.7484,14.2395,14.4346,14.5021,14.7466,14.9138,15.6805,15.8709,16.0025,16.6978,16.9416,17.1738,17.4072,18.1273,18.1304,18.5664,18.9802,19.7748,19.9913,20.367,20.906,20.9761,21.3674,21.5443,21.6968,21.7074,22.0374,22.4876,22.7445,23.1018,23.1997,23.3917,23.6458,23.7272,23.8601,23.9822,24.0457,24.3189
0.5872305144173108,-64.5269,-64.5268,-64.5263,-64.5262,-64.487,-64.4869,-64.4868,-64.4868,-64.4864,-64.4864,-64.4863,-64.4863,-64.4285,-64.4284,-64.4283,-64.4283,-64.341,-64.341,-10.4381,-10.4289,-8.5391,-8.481,-7.1074,-7.0303,-1.55,-1.3465,-0.8532,-0.8202,-0.4966,-0.211,-0.2096,0.3072,0.3077,0.3543,0.6057,0.6094,0.7083,0.9074,1.4193,1.4294,2.2989,2.4028,2.4314,2.465,2.4881,2.5794,2.6197,2.6258,2.6695,2.7024,2.7391,2.7863,2.7969,2.839,2.8548,3.027,3.0672,3.211,3.2997,3.5033,3.5875,3.7796,3.7805,4.0006,4.0448,4.0514,4.2039,4.5288,4.7444,5.09,6.6496,7.1292,8.4538,8.5715,8.8519,9.2284,9.3977,9.6456,10.2324,10.8444,10.9841,11.8021,11.8295,11.9465,12.0986,12.6486,12.6963,13.391,13.4119,13.4842,13.7528,14.3124,14.4916,14.5635,14.8279,14.9544,15.713,15.9105,16.0538,16.7112,16.9137,17.1687,17.4388,18.0927,18.1553,18.5676,18.9709,19.7747,20.0169,20.387,20.9258,21.0444,21.4178,21.5066,21.7121,21.7788,22.0666,22.4912,22.8155,23.0498,23.1195,23.447,23.6344,23.6757,23.9177,23.9496,24.0445,24.1033
0.5971835675057824,-64.5269,-64.5268,-64.5263,-64.5262,-64.487,-64.4869,-64.4868,-64.4868,-64.4864,-64.4864,-64.4863,-64.4863,-64.4285,-64.4284,-64.4283,-64.4283,-64.341,-64.341,-10.4302,-10.4213,-8.527,-8.4709,-7.0971,-7.0226,-1.5456,-1.3488,-0.8782,-0.8379,-0.5136,-0.2177,-0.2123,0.3073,0.3078,0.3513,0.6155,0.6191,0.7009,0.9036,1.4265,1.4366,2.2962,2.3999,2.4313,2.4635,2.4874,2.577,2.6162,2.6261,2.665,2.7019,2.7338,2.7809,2.7955,2.8378,2.8548,3.0177,3.0623,3.182,3.2853,3.484,3.5706,3.7607,3.7704,3.9944,4.0162,4.024,4.2117,4.5083,4.7239,5.0704,6.6656,7.1167,8.4404,8.5652,8.8415,9.2181,9.3744,9.637,10.2206,10.8599,10.9895,11.784,11.8969,11.9487,12.1363,12.6836,12.7043,13.4021,13.4181,13.547,13.757,14.3858,14.55,14.6252,14.9102,14.9969,15.7466,15.9504,16.1064,16.7237,16.8866,17.1643,17.4727,18.0598,18.1796,18.5676,18.962,19.7719,20.0385,20.4058,20.9348,21.1065,21.4267,21.4649,21.768,21.8456,22.1007,22.5047,22.8837,22.9872,23.023,23.5132,23.537,23.6787,23.9471,23.9654,23.9883,24.0814
0.6071366205942541,-64.5269,-64.5268,-64.5263,-64.5262,-64.487,-64.4869,-64.4868,-64.4868,-64.4864,-64.4864,-64.4863,-64.4863,-64.4285,-64.4284,-64.4283,-64.4282,-64.341,-64.3409,-10.4223,-10.4137,-8.5151,-8.4608,-7.0868,-7.015,-1.5418,-1.3514,-0.9027,-0.8549,-0.5304,-0.2257,-0.2135,0.3073,0.3078,0.3482,0.6252,0.6289,0.6937,0.9,1.4336,1.4438,2.2938,2.3973,2.4313,2.4621,2.4868,2.5744,2.6126,2.6265,2.6603,2.7015,2.7285,2.7748,2.794,2.8373,2.8548,3.0083,3.0561,3.1541,3.272,3.464,3.5539,3.7427,3.7605,3.9884,3.9886,3.997,4.2209,4.4882,4.7036,5.0511,6.6814,7.1042,8.4265,8.5581,8.8313,9.2084,9.3519,9.6279,10.2076,10.8741,10.9937,11.7634,11.9503,11.9664,12.1763,12.7113,12.7193,13.3936,13.4441,13.612,13.7611,14.4597,14.6096,14.687,14.9933,15.0413,15.7811,15.9904,16.1603,16.7351,16.8601,17.161,17.509,18.029,18.2032,18.5666,18.9533,19.7667,20.0559,20.4233,20.9343,21.1583,21.4091,21.4192,21.8532,21.9071,22.1374,22.5293,22.9141,22.9194,22.9512,23.4244,23.5831,23.6589,23.8712,23.9768,23.9918,24.1395
0.6170896927926,-64.5269,-64.5268,-64.5263,-64.5262,-64.487,-64.4869,-64.4868,-64.4868,-64.4864,-64.4864,-64.4863,-64.4863,-64.4285,-64.4284,-64.4283,-64.4282,-64.341,-64.3409,-10.4146,-10.4063,-8.5032,-8.4508,-7.0767,-7.0075,-1.5386,-1.3542,-0.9268,-0.8711,-0.547,-0.2334,-0.2145,0.3074,0.3079,0.345,0.6349,0.6385,0.6867,0.8965,1.4407,1.451,2.2914,2.3947,2.4314,2.4607,2.4862,2.5716,2.609,2.627,2.6555,2.7011,2.7232,2.7682,2.7924,2.8373,2.8546,2.9986,3.0486,3.1277,3.2598,3.4435,3.5372,3.7255,3.7508,3.9616,3.9704,3.9833,4.2314,4.4686,4.6837,5.0321,6.6972,7.0916,8.4123,8.5503,8.8212,9.1992,9.3301,9.6185,10.1935,10.8869,10.9967,11.7417,11.9514,12.0365,12.2183,12.7172,12.7558,13.3864,13.4689,13.6788,13.7652,14.5338,14.6703,14.7491,15.0772,15.0875,15.8162,16.0305,16.2154,16.7456,16.8344,17.1588,17.5476,18.0003,18.226,18.5645,18.9448,19.7595,20.0688,20.4395,20.9258,21.1894,21.3699,21.392,21.9499,21.9623,22.1752,22.5662,22.8123,22.8437,23.0058,23.3159,23.6258,23.6548,23.7634,24.0077,24.0319,24.2278
0.6270427458810716,-64.5269,-64.5268,-64.5263,-64.5262,-64.4869,-64.4869,-64.4868,-64.4868,-64.4864,-64.4864,-64.4863,-64.4863,-64.4284,-64.4284,-64.4283,-64.4282,-64.341,-64.3409,-10.407,-10.399,-8.4915,-8.441,-7.0666,-7.0002,-1.536,-1.3572,-0.9506,-0.8865,-0.5634,-0.2409,-0.2154,0.3074,0.3079,0.3417,0.6446,0.6482,0.68,0.8931,1.4477,1.4581,2.2893,2.3924,2.4316,2.4595,2.4856,2.5686,2.6053,2.6275,2.6504,2.7007,2.718,2.7612,2.7907,2.8377,2.8544,2.9887,3.0394,3.1031,3.2487,3.4226,3.5207,3.7092,3.7413,3.9356,3.9443,3.9784,4.243,4.4494,4.6642,5.0134,6.7127,7.0789,8.3978,8.5419,8.8112,9.1906,9.309,9.6088,10.1786,10.8985,10.9986,11.7192,11.952,12.107,12.2617,12.7222,12.7934,13.3806,13.4926,13.7472,13.7694,14.6082,14.7319,14.8115,15.1355,15.1617,15.8516,16.0703,16.2715,16.7553,16.8096,17.158,17.5883,17.974,18.2478,18.5613,18.9366,19.7506,20.077,20.4544,20.9108,21.1845,21.3172,21.3988,22.01,22.0465,22.214,22.6142,22.7029,22.7729,23.0515,23.2056,23.5873,23.6529,23.7281,24.0243,24.0937,24.299
0.6369957989695433,-64.5269,-64.5268,-64.5263,-64.5262,-64.4869,-64.4869,-64.4868,-64.4868,-64.4864,-64.4864,-64.4863,-64.4863,-64.4284,-64.4284,-64.4283,-64.4282,-64.341,-64.3409,-10.3994,-10.3917,-8.48,-8.4313,-7.0567,-6.9929,-1.534,-1.3604,-0.9739,-0.9011,-0.5795,-0.2481,-0.2162,0.3074,0.3079,0.3383,0.6541,0.6578,0.6736,0.8898,1.4546,1.4651,2.2873,2.3902,2.4319,2.4583,2.485,2.5654,2.6015,2.6281,2.6451,2.7003,2.7129,2.7541,2.789,2.8382,2.8542,2.9785,3.0279,3.0808,3.2387,3.4017,3.5042,3.6936,3.732,3.9105,3.9186,3.9738,4.2555,4.4308,4.6449,4.995,6.7281,7.0663,8.3832,8.5331,8.8014,9.1826,9.2887,9.5989,10.163,10.9087,10.9994,11.6961,11.9522,12.1776,12.306,12.7264,12.832,13.3764,13.515,13.7739,13.8168,14.6826,14.7942,14.8743,15.1851,15.2469,15.8869,16.1099,16.3288,16.7642,16.7858,17.1588,17.6312,17.9502,18.2684,18.5571,18.9285,19.7401,20.0802,20.4679,20.8908,21.1471,21.2613,21.4295,22.0497,22.1324,22.2549,22.5917,22.6706,22.7115,23.0828,23.0929,23.5412,23.5588,23.7974,24.0522,24.2189,24.3497
0.6469488711678891,-64.5269,-64.5268,-64.5263,-64.5262,-64.4869,-64.4869,-64.4868,-64.4868,-64.4864,-64.4864,-64.4863,-64.4863,-64.4284,-64.4284,-64.4283,-64.4282,-64.341,-64.3409,-10.392,-10.3846,-8.4686,-8.4217,-7.047,-6.9858,-1.5326,-1.3639,-0.9967,-0.9147,-0.5953,-0.2552,-0.2168,0.3074,0.3079,0.3348,0.6636,0.6673,0.6674,0.8867,1.4615,1.4721,2.2855,2.3882,2.4323,2.4572,2.4845,2.562,2.5978,2.6287,2.6396,2.6999,2.7078,2.7471,2.7873,2.8389,2.8538,2.968,3.0138,3.0614,3.2297,3.3808,3.488,3.6789,3.723,3.8864,3.8934,3.9695,4.2688,4.4126,4.6261,4.9769,6.7432,7.0536,8.3685,8.5239,8.7918,9.1751,9.2692,9.5887,10.1468,10.9177,10.9992,11.6727,11.952,12.2479,12.3507,12.7297,12.8718,13.3738,13.5363,13.779,13.8874,14.7568,14.8571,14.9375,15.2363,15.3325,15.9218,16.1488,16.387,16.763,16.7724,17.1614,17.676,17.929,18.2875,18.552,18.9205,19.7284,20.0787,20.4802,20.8669,21.0932,21.2025,21.4698,22.0816,22.1918,22.2989,22.4802,22.6737,22.7322,22.9805,23.098,23.432,23.5478,23.8677,24.0814,24.2491,24.372
0.6569019242563608,-64.5269,-64.5268,-64.5263,-64.5262,-64.487,-64.4869,-64.4868,-64.4868,-64.4864,-64.4864,-64.4863,-64.4863,-64.4284,-64.4284,-64.4283,-64.4282,-64.341,-64.3409,-10.3847,-10.3776,-8.4573,-8.4122,-7.0374,-6.9788,-1.5319,-1.3675,-1.019,-0.9275,-0.6108,-0.262,-0.2173,0.3074,0.3079,0.3313,0.6615,0.673,0.6767,0.8837,1.4682,1.4789,2.2838,2.3863,2.4328,2.4562,2.4839,2.5584,2.5939,2.6294,2.6338,2.6996,2.7028,2.7402,2.7855,2.8396,2.8535,2.9571,2.9971,3.0448,3.2216,3.3601,3.4719,3.6648,3.7142,3.8632,3.8686,3.9654,4.2828,4.395,4.6076,4.9592,6.7582,7.0409,8.3537,8.5144,8.7824,9.1682,9.2504,9.5785,10.1302,10.9253,10.9981,11.6491,11.9514,12.3176,12.3952,12.7323,12.913,13.3729,13.5564,13.7847,13.9587,14.8305,14.9205,15.0013,15.289,15.4186,15.9559,16.1871,16.4462,16.7414,16.7801,17.1661,17.7226,17.9106,18.3051,18.5458,18.9126,19.7155,20.0726,20.491,20.8402,21.0321,21.141,21.5107,22.107,22.2056,22.3453,22.3676,22.6728,22.794,22.867,23.0994,23.3179,23.5289,23.9258,24.0874,24.2183,24.3288
0.6668549773448325,-64.5269,-64.5268,-64.5263,-64.5262,-64.487,-64.4869,-64.4868,-64.4868,-64.4864,-64.4864,-64.4863,-64.4863,-64.4284,-64.4284,-64.4283,-64.4282,-64.341,-64.3409,-10.3776,-10.3707,-8.4463,-8.403,-7.028,-6.9719,-1.5318,-1.3713,-1.0408,-0.9394,-0.626,-0.2685,-0.2175,0.3074,0.3079,0.3277,0.6558,0.6823,0.686,0.8808,1.4749,1.4857,2.2823,2.3847,2.4334,2.4553,2.4832,2.5546,2.59,2.6278,2.6302,2.6979,2.6992,2.7335,2.7837,2.8403,2.853,2.9458,2.9786,3.0305,3.2143,3.3398,3.456,3.6514,3.7056,3.8409,3.8444,3.9615,4.2973,4.3779,4.5896,4.9419,6.7729,7.0282,8.3389,8.5048,8.7731,9.1618,9.2324,9.5681,10.1133,10.9317,10.9962,11.6255,11.9505,12.3865,12.4389,12.7343,12.9556,13.3738,13.5754,13.7915,14.0306,14.9033,14.9841,15.0661,15.343,15.505,15.9888,16.2245,16.5062,16.721,16.7873,17.1732,17.7709,17.8952,18.3207,18.5388,18.9047,19.7018,20.0623,20.5005,20.8114,20.9676,21.0772,21.5484,22.1281,22.1715,22.2554,22.3933,22.7087,22.7539,22.8531,23.0943,23.2053,23.5321,23.9722,24.1226,24.2346,24.2742
0.6768080495431783,-64.5269,-64.5268,-64.5263,-64.5262,-64.487,-64.4869,-64.4868,-64.4867,-64.4864,-64.4864,-64.4863,-64.4863,-64.4284,-64.4284,-64.4283,-64.4282,-64.341,-64.3409,-10.3706,-10.364,-8.4354,-8.3939,-7.0187,-6.9652,-1.5323,-1.3752,-1.0621,-0.9504,-0.6409,-0.2749,-0.2177,0.3074,0.3079,0.324,0.6504,0.6915,0.6953,0.878,1.4815,1.4924,2.2809,2.3833,2.434,2.4544,2.4826,2.5507,2.586,2.6216,2.631,2.6933,2.6989,2.7271,2.7818,2.841,2.8525,2.9343,2.9594,3.0175,3.2078,3.3199,3.4403,3.6388,3.6973,3.8197,3.8207,3.9579,4.3123,4.3613,4.572,4.925,6.7873,7.0156,8.3241,8.4951,8.7641,9.1559,9.2152,9.5577,10.0962,10.9368,10.9937,11.6022,11.9493,12.4541,12.4813,12.7357,12.9999,13.3766,13.5932,13.7996,14.1027,14.9748,15.0478,15.1321,15.3982,15.5918,16.0202,16.2607,16.567,16.7019,16.7942,17.1827,17.8207,17.8829,18.3343,18.5309,18.8967,19.6873,20.0482,20.5085,20.781,20.9018,21.0113,21.5806,22.1059,22.1436,22.1465,22.4416,22.6414,22.7535,22.9067,23.0932,23.1014,23.5449,24.0057,24.1755,24.2168,24.2921
0.68676110263165,-64.5269,-64.5268,-64.5263,-64.5262,-64.487,-64.4869,-64.4869,-64.4868,-64.4864,-64.4864,-64.4863,-64.4863,-64.4284,-64.4284,-64.4283,-64.4282,-64.341,-64.3409,-10.3637,-10.3574,-8.4248,-8.385,-7.0097,-6.9587,-1.5335,-1.3793,-1.0828,-0.9604,-0.6554,-0.281,-0.2177,0.3073,0.3078,0.3203,0.6453,0.7006,0.7043,0.8753,1.4879,1.4989,2.2797,2.382,2.4348,2.4536,2.4819,2.5467,2.5818,2.6151,2.6318,2.6888,2.6986,2.721,2.7799,2.8416,2.852,2.9224,2.9402,3.0053,3.2018,3.3006,3.4249,3.6268,3.6892,3.7975,3.7994,3.9545,4.3275,4.3453,4.5548,4.9085,6.8014,7.003,8.3095,8.4855,8.7553,9.1505,9.1987,9.5473,10.079,10.9407,10.9905,11.5792,11.9478,12.5201,12.5217,12.7365,13.0459,13.3812,13.61,13.8094,14.1748,15.0443,15.1115,15.1996,15.4545,15.6788,16.0495,16.2958,16.6286,16.6843,16.8008,17.1949,17.8719,17.8736,18.3454,18.5223,18.8886,19.6723,20.0311,20.5151,20.7495,20.8357,20.9437,21.6053,22.024,22.0324,22.1633,22.489,22.5294,22.779,22.9513,22.9811,23.1376,23.5529,24.0081,24.1933,24.2033,24.2333
0.6967141557201216,-64.527,-64.5269,-64.5263,-64.5262,-64.4871,-64.487,-64.4869,-64.4868,-64.4864,-64.4864,-64.4863,-64.4863,-64.4284,-64.4284,-64.4284,-64.4282,-64.341,-64.3409,-10.3571,-10.351,-8.4144,-8.3763,-7.0008,-6.9523,-1.5352,-1.3835,-1.103,-0.9697,-0.6696,-0.2869,-0.2175,0.3073,0.3078,0.3166,0.6404,0.7095,0.7132,0.8728,1.4942,1.5053,2.2787,2.3809,2.4356,2.4529,2.4811,2.5425,2.5775,2.6083,2.6327,2.6845,2.6982,2.7154,2.778,2.842,2.8514,2.9102,2.9214,2.9934,3.1964,3.2818,3.4097,3.6154,3.6813,3.775,3.7801,3.9513,4.3297,4.343,4.538,4.8925,6.8152,6.9905,8.2949,8.4758,8.7467,9.1456,9.183,9.537,10.0618,10.9433,10.9869,11.5567,11.9461,12.5598,12.5841,12.7369,13.0939,13.3874,13.6257,13.8214,14.2468,15.1115,15.175,15.2692,15.5116,15.7659,16.0765,16.3295,16.6682,16.6907,16.8074,17.21,17.8674,17.9244,18.3538,18.5132,18.8801,19.6567,20.0117,20.5202,20.717,20.7701,20.8747,21.6208,21.9222,21.9342,22.1791,22.4184,22.5349,22.7779,22.8695,22.9853,23.2073,23.5635,23.9911,24.1549,24.2372,24.3176
0.7066672279184675,-64.527,-64.5269,-64.5263,-64.5262,-64.4871,-64.487,-64.4869,-64.4868,-64.4864,-64.4864,-64.4863,-64.4863,-64.4284,-64.4284,-64.4283,-64.4282,-64.341,-64.3409,-10.3505,-10.3447,-8.4042,-8.3678,-6.9922,-6.9461,-1.5375,-1.3878,-1.1225,-0.978,-0.6833,-0.2925,-0.2171,0.3073,0.3078,0.3127,0.6358,0.7182,0.722,0.8704,1.5003,1.5117,2.2778,2.3801,2.4365,2.4523,2.4803,2.5383,2.5731,2.6014,2.6336,2.6805,2.698,2.7103,2.7761,2.8424,2.8507,2.8978,2.9033,2.9818,3.1914,3.2636,3.3948,3.6047,3.6738,3.753,3.7618,3.9483,4.3148,4.3587,4.5218,4.8769,6.8287,6.9782,8.2806,8.4663,8.7383,9.1412,9.1681,9.5266,10.0448,10.9447,10.9828,11.5349,11.9443,12.5952,12.6457,12.7369,13.144,13.395,13.6404,13.8359,14.3184,15.1759,15.238,15.3409,15.5694,15.8531,16.1008,16.3618,16.6537,16.7534,16.814,17.2281,17.8641,17.9779,18.3592,18.5036,18.8712,19.6408,19.9909,20.5238,20.6837,20.7055,20.8046,21.625,21.8131,21.8413,22.194,22.3084,22.5787,22.7585,22.7611,23.0071,23.2969,23.5708,23.9564,24.1257,24.1907,24.3437
0.7166202810069391,-64.527,-64.5269,-64.5263,-64.5262,-64.4871,-64.4871,-64.4869,-64.4869,-64.4864,-64.4864,-64.4863,-64.4863,-64.4285,-64.4284,-64.4283,-64.4282,-64.341,-64.3409,-10.3442,-10.3386,-8.3943,-8.3595,-6.9838,-6.9401,-1.5404,-1.3921,-1.1414,-0.9855,-0.6967,-0.2979,-0.2166,0.3072,0.3077,0.3089,0.6315,0.7268,0.7306,0.8681,1.5063,1.5178,2.2771,2.3794,2.4375,2.4518,2.4793,2.5341,2.5684,2.5942,2.6345,2.6768,2.6977,2.7057,2.7741,2.8425,2.85,2.8852,2.8859,2.9705,3.1867,3.2461,3.3803,3.5946,3.6665,3.7317,3.7444,3.9455,4.3003,4.3744,4.506,4.8618,6.8418,6.9659,8.2666,8.457,8.7302,9.1373,9.154,9.5164,10.0278,10.945,10.9784,11.5138,11.9423,12.6274,12.7046,12.7365,13.1962,13.4038,13.6541,13.8534,14.3894,15.2373,15.3004,15.4149,15.6277,15.9403,16.1221,16.3925,16.6409,16.8166,16.8207,17.2491,17.8636,18.0324,18.3612,18.4941,18.8618,19.6247,19.9696,20.5258,20.6423,20.6499,20.7338,21.614,21.7054,21.7499,22.1997,22.2078,22.62,22.6483,22.7402,23.0168,23.3919,23.5772,23.9121,24.109,24.1568,24.4307
0.7265733340954108,-64.527,-64.527,-64.5263,-64.5262,-64.4871,-64.4871,-64.4869,-64.4869,-64.4864,-64.4864,-64.4863,-64.4863,-64.4285,-64.4284,-64.4283,-64.4282,-64.341,-64.3409,-10.3381,-10.3327,-8.3847,-8.3515,-6.9757,-6.9343,-1.5437,-1.3965,-1.1597,-0.9923,-0.7097,-0.3031,-0.216,0.305,0.3072,0.3077,0.6274,0.7352,0.739,0.8659,1.5121,1.5238,2.2764,2.379,2.4385,2.4513,2.4783,2.5297,2.5636,2.5868,2.6355,2.6733,2.6974,2.7016,2.7721,2.8426,2.8493,2.8695,2.8724,2.9594,3.1822,3.2293,3.366,3.5851,3.6595,3.7111,3.7281,3.9429,4.2865,4.39,4.4908,4.8471,6.8545,6.9539,8.2528,8.4479,8.7223,9.1338,9.1405,9.5063,10.0112,10.9441,10.9738,11.4937,11.9401,12.6563,12.7358,12.7606,13.2507,13.4132,13.6669,13.8743,14.4596,15.2958,15.362,15.4908,15.6863,16.0274,16.1404,16.4218,16.6298,16.8277,16.88,17.2731,17.8654,18.0876,18.3597,18.4849,18.8516,19.6085,19.9486,20.5262,20.5809,20.6155,20.6625,21.5778,21.5992,21.6709,22.0924,22.22,22.5391,22.6586,22.7216,23.0156,23.4723,23.5909,23.8632,24.0849,24.1312,24.5086
0.7365264062937567,-64.527,-64.5269,-64.5263,-64.5262,-64.4871,-64.4871,-64.4869,-64.4869,-64.4864,-64.4864,-64.4863,-64.4863,-64.4285,-64.4284,-64.4283,-64.4282,-64.341,-64.3409,-10.3321,-10.327,-8.3754,-8.3437,-6.9678,-6.9287,-1.5475,-1.401,-1.1774,-0.9983,-0.7222,-0.3081,-0.2152,0.3012,0.3071,0.3076,0.6236,0.7433,0.7472,0.8638,1.5178,1.5297,2.2759,2.3787,2.4395,2.4509,2.4772,2.5253,2.5587,2.5794,2.6365,2.6702,2.6972,2.6981,2.7702,2.8424,2.8485,2.8541,2.8596,2.9485,3.1779,3.2131,3.3522,3.5762,3.6527,3.6911,3.7127,3.9406,4.2732,4.4056,4.476,4.8329,6.8668,6.942,8.2393,8.439,8.7146,9.1279,9.1308,9.4964,9.9948,10.9422,10.9689,11.4745,11.9379,12.6819,12.7348,12.8135,13.3072,13.4229,13.6787,13.899,14.5287,15.3515,15.4225,15.5685,15.7448,16.1143,16.1555,16.4497,16.6205,16.8352,16.9438,17.3,17.8691,18.1434,18.3544,18.4765,18.8405,19.5923,19.9288,20.5215,20.5249,20.5807,20.5912,21.4949,21.5055,21.6159,21.9867,22.2297,22.4309,22.6942,22.7083,23.0053,23.5055,23.6373,23.8039,24.0754,24.0932,24.5422
0.7464794593822283,-64.527,-64.5269,-64.5263,-64.5262,-64.4871,-64.487,-64.4869,-64.4868,-64.4864,-64.4864,-64.4863,-64.4863,-64.4285,-64.4284,-64.4283,-64.4282,-64.3411,-64.3409,-10.3264,-10.3215,-8.3664,-8.3362,-6.9601,-6.9232,-1.5516,-1.4054,-1.1943,-1.0036,-0.7343,-0.3128,-0.2143,0.2973,0.3071,0.3076,0.62,0.7513,0.7552,0.8618,1.5233,1.5354,2.2755,2.3787,2.4406,2.4506,2.4761,2.5209,2.5536,2.5719,2.6376,2.6673,2.6951,2.6969,2.7682,2.8396,2.842,2.8467,2.8477,2.9378,3.1738,3.1977,3.3387,3.5678,3.6462,3.6717,3.6982,3.9384,4.2604,4.421,4.4618,4.8193,6.8787,6.9303,8.2261,8.4304,8.7071,9.1159,9.1282,9.4867,9.9788,10.9392,10.964,11.4564,11.9356,12.7043,12.7336,12.8632,13.3656,13.4323,13.6898,13.9276,14.5967,15.4045,15.4818,15.6476,15.8031,16.1674,16.2008,16.4762,16.613,16.8432,17.0076,17.3294,17.874,18.1995,18.3451,18.4698,18.8283,19.5762,19.9109,20.4644,20.5202,20.5219,20.5455,21.3927,21.4136,21.5697,21.8829,22.2361,22.324,22.7016,22.7263,22.9892,23.4998,23.698,23.7414,24.0595,24.0948,24.6557
0.7564325124706999,-64.527,-64.5269,-64.5263,-64.5262,-64.4871,-64.4871,-64.4869,-64.4869,-64.4864,-64.4864,-64.4863,-64.4863,-64.4285,-64.4283,-64.4283,-64.4282,-64.341,-64.3409,-10.3208,-10.3161,-8.3577,-8.3289,-6.9528,-6.918,-1.556,-1.4099,-1.2106,-1.0082,-0.746,-0.3173,-0.2132,0.2935,0.307,0.3075,0.6166,0.759,0.7629,0.86,1.5286,1.5409,2.2752,2.3788,2.4418,2.4503,2.4748,2.5165,2.5484,2.5643,2.6386,2.6647,2.6928,2.6967,2.7663,2.8261,2.834,2.8414,2.8469,2.9274,3.1699,3.183,3.3257,3.56,3.6401,3.6532,3.6847,3.9364,4.2483,4.4362,4.4482,4.8062,6.8902,6.9189,8.2134,8.4222,8.7,9.1046,9.126,9.4771,9.9633,10.9353,10.9589,11.4394,11.9333,12.7236,12.7322,12.9098,13.4257,13.441,13.7,13.9601,14.6631,15.455,15.5397,15.7278,15.8608,16.1763,16.2869,16.5015,16.6072,16.852,17.0713,17.3612,17.8793,18.2558,18.3318,18.4654,18.8147,19.5602,19.8957,20.4098,20.4498,20.5102,20.517,21.2929,21.3163,21.5198,21.781,22.2185,22.2382,22.7012,22.7545,22.9697,23.4802,23.6785,23.7389,24.0199,24.1591,24.6201
0.7663855846690457,-64.527,-64.5269,-64.5263,-64.5262,-64.4871,-64.4871,-64.4869,-64.4869,-64.4864,-64.4864,-64.4863,-64.4863,-64.4285,-64.4283,-64.4283,-64.4282,-64.341,-64.3409,-10.3155,-10.311,-8.3493,-8.322,-6.9457,-6.913,-1.5607,-1.4143,-1.2262,-1.0123,-0.7572,-0.3216,-0.2121,0.2896,0.307,0.3074,0.6135,0.7664,0.7704,0.8583,1.5337,1.5462,2.275,2.3791,2.4429,2.4501,2.4735,2.5121,2.5431,2.5568,2.6397,2.6624,2.6911,2.6965,2.7644,2.8136,2.8213,2.8405,2.846,2.9173,3.166,3.169,3.313,3.5527,3.6341,3.6353,3.6721,3.9346,4.2367,4.4351,4.451,4.7936,6.9012,6.9078,8.201,8.4143,8.6931,9.0941,9.1242,9.4678,9.9482,10.9305,10.9539,11.4235,11.9309,12.7307,12.74,12.9533,13.4489,13.487,13.7095,13.9964,14.7278,15.503,15.5958,15.8088,15.9176,16.1824,16.3724,16.5257,16.603,16.8618,17.1349,17.3948,17.884,18.3121,18.3146,18.4643,18.7995,19.5446,19.8835,20.3578,20.3806,20.4747,20.51,21.1959,21.2176,21.464,21.6814,22.1147,22.2347,22.7065,22.7774,22.952,23.4483,23.6146,23.7567,23.9813,24.217,24.7092
0.7763386377575174,-64.527,-64.5269,-64.5263,-64.5262,-64.4872,-64.4871,-64.4869,-64.4869,-64.4864,-64.4864,-64.4863,-64.4863,-64.4285,-64.4284,-64.4283,-64.4282,-64.3411,-64.3409,-10.3104,-10.3061,-8.3413,-8.3153,-6.9389,-6.9082,-1.5656,-1.4186,-1.2411,-1.0158,-0.7678,-0.3256,-0.2108,0.2858,0.3069,0.3074,0.6106,0.7736,0.7776,0.8566,1.5386,1.5513,2.2749,2.3796,2.4441,2.4499,2.4721,2.5076,2.5378,2.5493,2.6407,2.6602,2.6899,2.6963,2.7625,2.8021,2.8089,2.8392,2.8451,2.9074,3.1557,3.1622,3.3009,3.546,3.6182,3.6285,3.6603,3.9329,4.2257,4.4226,4.4655,4.7816,6.8969,6.9118,8.1892,8.4068,8.6864,9.0842,9.1227,9.4587,9.9336,10.925,10.9488,11.4088,11.9286,12.7291,12.7538,12.9939,13.4557,13.5491,13.7183,14.0361,14.7906,15.5486,15.6501,15.8905,15.9731,16.1859,16.457,16.5491,16.6004,16.8727,17.198,17.4299,17.8871,18.2937,18.3682,18.4674,18.7825,19.5292,19.8747,20.3085,20.3127,20.4392,20.5009,21.102,21.119,21.4027,21.5843,22.0127,22.2246,22.7165,22.793,22.9403,23.4127,23.5503,23.7562,23.9398,24.3107,24.6946
0.786291690845989,-64.5271,-64.5269,-64.5263,-64.5263,-64.4872,-64.4871,-64.4869,-64.4869,-64.4864,-64.4864,-64.4864,-64.4863,-64.4285,-64.4284,-64.4283,-64.4282,-64.3411,-64.3409,-10.3056,-10.3015,-8.3336,-8.3089,-6.9324,-6.9037,-1.5706,-1.4229,-1.2552,-1.0188,-0.778,-0.3295,-0.2095,0.2821,0.3068,0.3073,0.608,0.7805,0.7845,0.8551,1.5433,1.5562,2.2748,2.3802,2.4453,2.4498,2.4707,2.5033,2.5324,2.5419,2.6418,2.6583,2.6893,2.6961,2.7606,2.7916,2.7967,2.8377,2.8442,2.8978,3.1431,3.1585,3.2892,3.5397,3.6019,3.6232,3.6494,3.9314,4.2152,4.4106,4.4796,4.7701,6.8864,6.9219,8.1777,8.3997,8.6801,9.075,9.1216,9.4499,9.9196,10.9187,10.9439,11.3952,11.9262,12.7273,12.7653,13.0316,13.4614,13.6117,13.7263,14.0788,14.8511,15.5919,15.7023,15.9724,16.0269,16.1872,16.5408,16.5717,16.5993,16.8849,17.2606,17.4657,17.8877,18.2696,18.4237,18.4758,18.7634,19.5143,19.8696,20.2467,20.2619,20.4039,20.4893,21.0118,21.0211,21.3373,21.4899,21.9127,22.2071,22.7301,22.7998,22.9387,23.374,23.4871,23.7531,23.9003,24.4232,24.738
0.7962447630443349,-64.5271,-64.527,-64.5263,-64.5263,-64.4872,-64.4871,-64.4869,-64.4869,-64.4864,-64.4864,-64.4864,-64.4863,-64.4285,-64.4284,-64.4283,-64.4282,-64.3411,-64.3409,-10.301,-10.297,-8.3263,-8.3028,-6.9263,-6.8994,-1.5756,-1.4271,-1.2686,-1.0214,-0.7877,-0.3331,-0.208,0.2785,0.3068,0.3073,0.6055,0.7871,0.7911,0.8537,1.5477,1.5608,2.2749,2.3809,2.4464,2.4498,2.4693,2.4989,2.527,2.5347,2.6428,2.6566,2.6892,2.696,2.7588,2.7821,2.7849,2.8359,2.8433,2.8884,3.1313,3.1549,3.278,3.5339,3.5863,3.6181,3.6393,3.9301,4.2054,4.3993,4.4932,4.7592,6.8762,6.9314,8.1668,8.393,8.674,9.0664,9.1209,9.4414,9.9062,10.9119,10.939,11.3828,11.9239,12.7256,12.7749,13.0668,13.4659,13.6741,13.7337,14.1239,14.9092,15.6329,15.7523,16.0545,16.0787,16.1867,16.5937,16.5995,16.6233,16.8987,17.3223,17.5016,17.8851,18.2427,18.4784,18.49,18.742,19.4999,19.8682,20.1828,20.2179,20.3688,20.4751,20.9245,20.9259,21.2688,21.3985,21.8149,22.1819,22.7462,22.799,22.9467,23.3325,23.424,23.7313,23.8598,24.5558,24.7272
0.8061978161328065,-64.5271,-64.527,-64.5264,-64.5263,-64.4872,-64.4872,-64.487,-64.4869,-64.4865,-64.4864,-64.4864,-64.4863,-64.4285,-64.4284,-64.4283,-64.4282,-64.3411,-64.3409,-10.2966,-10.2928,-8.3194,-8.297,-6.9205,-6.8953,-1.5807,-1.4311,-1.2812,-1.0236,-0.7969,-0.3365,-0.2065,0.2749,0.3067,0.3072,0.6033,0.7933,0.7975,0.8523,1.552,1.5653,2.2749,2.3818,2.4475,2.4499,2.4678,2.4947,2.5217,2.5277,2.6438,2.655,2.6895,2.6958,2.7571,2.7736,2.7736,2.8337,2.8425,2.8794,3.1202,3.1515,3.2673,3.5285,3.5716,3.6134,3.63,3.9289,4.1961,4.3886,4.5064,4.7489,6.8665,6.9405,8.1565,8.3866,8.6683,9.0584,9.1204,9.4332,9.8934,10.9047,10.9343,11.3715,11.9217,12.7238,12.7828,13.0995,13.4695,13.736,13.7405,14.1707,14.9646,15.6715,15.8,16.1279,16.1365,16.1845,16.6009,16.6152,16.7044,16.9142,17.3829,17.5368,17.879,18.214,18.5104,18.5321,18.7181,19.486,19.8704,20.1215,20.1765,20.3343,20.4577,20.8297,20.845,21.1984,21.3106,21.7196,22.1493,22.7639,22.7948,22.9615,23.2899,23.363,23.7136,23.8201,24.6361,24.7335
0.8161508692212782,-64.5271,-64.527,-64.5264,-64.5263,-64.4872,-64.4872,-64.487,-64.4869,-64.4865,-64.4864,-64.4864,-64.4863,-64.4285,-64.4284,-64.4283,-64.4283,-64.3411,-64.341,-10.2925,-10.2889,-8.3128,-8.2916,-6.915,-6.8914,-1.5856,-1.435,-1.2931,-1.0255,-0.8055,-0.3397,-0.205,0.2714,0.3066,0.3071,0.6012,0.7993,0.8035,0.8511,1.5559,1.5695,2.275,2.3828,2.4484,2.4501,2.4664,2.4905,2.5164,2.521,2.6448,2.6536,2.6903,2.6956,2.7554,2.763,2.7661,2.8312,2.8416,2.8706,3.1098,3.1481,3.2572,3.5237,3.5578,3.6089,3.6215,3.9278,4.1874,4.3786,4.5189,4.7392,6.8572,6.949,8.1466,8.3807,8.6629,9.0511,9.1202,9.4253,9.8813,10.8971,10.9297,11.3613,11.9195,12.722,12.7893,13.1297,13.4722,13.7468,13.7969,14.2185,15.017,15.7078,15.8453,16.1743,16.1811,16.2182,16.6035,16.636,16.7837,16.9315,17.4421,17.5704,17.8696,18.1844,18.5371,18.5843,18.6916,19.4727,19.876,20.0629,20.1373,20.3005,20.4368,20.7371,20.77,21.1271,21.2263,21.627,22.1101,22.7824,22.7903,22.9797,23.2479,23.3039,23.6948,23.7812,24.702,24.7458
0.8261039414196241,-64.5271,-64.527,-64.5263,-64.5263,-64.4872,-64.4871,-64.4869,-64.4869,-64.4865,-64.4864,-64.4864,-64.4863,-64.4285,-64.4284,-64.4283,-64.4283,-64.3411,-64.341,-10.2886,-10.2852,-8.3067,-8.2865,-6.9098,-6.8878,-1.5905,-1.4388,-1.3041,-1.027,-0.8136,-0.3427,-0.2034,0.2681,0.3066,0.3071,0.5993,0.8049,0.8091,0.85,1.5597,1.5734,2.2752,2.3839,2.449,2.4507,2.465,2.4865,2.5113,2.5146,2.6458,2.6522,2.6914,2.6955,2.7531,2.7538,2.7596,2.8283,2.8408,2.8622,3.1002,3.1449,3.2477,3.5192,3.5448,3.6048,3.6138,3.9269,4.1793,4.3692,4.5308,4.7302,6.8483,6.957,8.1374,8.3752,8.6578,9.0443,9.1202,9.4179,9.87,10.8894,10.9254,11.3521,11.9175,12.7202,12.7946,13.1578,13.4741,13.7524,13.8563,14.2668,15.0663,15.7417,15.8883,16.1768,16.2174,16.2992,16.6071,16.6561,16.8611,16.9507,17.4996,17.6011,17.8572,18.1554,18.5698,18.6347,18.6625,19.46,19.8848,20.0075,20.1,20.2675,20.4118,20.6474,20.7019,21.0558,21.1461,21.5374,22.0658,22.7871,22.8008,22.9993,23.2069,23.2474,23.6751,23.7431,24.7166,24.8617
0.8360569945080957,-64.527,-64.5269,-64.5263,-64.5263,-64.4871,-64.4871,-64.4869,-64.4869,-64.4865,-64.4864,-64.4864,-64.4863,-64.4285,-64.4283,-64.4283,-64.4283,-64.3411,-64.3409,-10.285,-10.2817,-8.301,-8.2817,-6.905,-6.8845,-1.5952,-1.4423,-1.3144,-1.0283,-0.8211,-0.3455,-0.2019,0.2649,0.3065,0.307,0.5977,0.8101,0.8144,0.8489,1.5632,1.5771,2.2754,2.3851,2.4493,2.4516,2.4638,2.4827,2.5064,2.5085,2.6467,2.651,2.6925,2.6954,2.7443,2.7523,2.754,2.8251,2.84,2.854,3.0913,3.1419,3.2388,3.5152,3.5327,3.601,3.6067,3.9261,4.1718,4.3604,4.5421,4.7217,6.8399,6.9644,8.1288,8.3702,8.653,9.0382,9.1204,9.4108,9.8593,10.8816,10.9213,11.3438,11.9155,12.7185,12.7989,13.1836,13.4754,13.7576,13.9138,14.3149,15.1122,15.7731,15.9288,16.1718,16.2569,16.3794,16.6116,16.6753,16.9359,16.9718,17.555,17.6275,17.8425,18.1283,18.6079,18.6309,18.6829,19.4481,19.8962,19.9553,20.064,20.2356,20.3824,20.5614,20.6416,20.9853,21.0704,21.4511,22.0176,22.7854,22.8182,23.0194,23.1685,23.1935,23.6547,23.7068,24.6847,24.9545
0.8460100475965674,-64.527,-64.5269,-64.5263,-64.5263,-64.4871,-64.4871,-64.4869,-64.4868,-64.4865,-64.4864,-64.4864,-64.4863,-64.4285,-64.4283,-64.4283,-64.4283,-64.3411,-64.3409,-10.2817,-10.2785,-8.2957,-8.2773,-6.9005,-6.8814,-1.5997,-1.4457,-1.3239,-1.0294,-0.828,-0.348,-0.2004,0.2619,0.3065,0.307,0.5961,0.815,0.8193,0.848,1.5665,1.5806,2.2756,2.3863,2.4495,2.4526,2.4625,2.479,2.5016,2.5029,2.6476,2.6498,2.6932,2.6953,2.7368,2.7493,2.7508,2.8214,2.8392,2.8462,3.0832,3.139,3.2305,3.5116,3.5214,3.5974,3.6003,3.9254,4.1649,4.3523,4.5526,4.7139,6.8321,6.9713,8.1208,8.3655,8.6486,9.0325,9.1209,9.4041,9.8494,10.874,10.9174,11.3365,11.9136,12.7169,12.8023,13.2073,13.4761,13.7622,13.9689,14.3621,15.1546,15.8022,15.9669,16.1663,16.2926,16.4584,16.617,16.6932,16.9946,17.008,17.6079,17.6482,17.8264,18.1052,18.5969,18.6507,18.7286,19.4369,19.9065,19.91,20.0285,20.205,20.3488,20.48,20.5895,20.9164,20.9997,21.3686,21.9672,22.7853,22.8336,23.0389,23.1339,23.1428,23.6339,23.6721,24.6785,25.0775
0.8559631197949132,-64.527,-64.5269,-64.5263,-64.5263,-64.4871,-64.4871,-64.4869,-64.4868,-64.4865,-64.4864,-64.4864,-64.4863,-64.4285,-64.4283,-64.4283,-64.4283,-64.3411,-64.3409,-10.2786,-10.2756,-8.2909,-8.2732,-6.8964,-6.8786,-1.6039,-1.4488,-1.3325,-1.0303,-0.8344,-0.3503,-0.1989,0.2591,0.3064,0.3069,0.5948,0.8195,0.8239,0.8471,1.5694,1.5837,2.2759,2.3875,2.4496,2.4535,2.4614,2.4756,2.4968,2.4978,2.6485,2.6486,2.6932,2.6952,2.7312,2.7456,2.7494,2.8174,2.8385,2.8387,3.0759,3.1363,3.2229,3.5083,3.5111,3.5942,3.5945,3.9247,4.1586,4.3449,4.5624,4.7068,6.8248,6.9776,8.1134,8.3613,8.6446,9.0275,9.1214,9.3979,9.8403,10.8665,10.9138,11.33,11.9119,12.7153,12.8051,13.2289,13.4765,13.7663,14.0212,14.4078,15.1932,15.8288,16.0027,16.1605,16.3244,16.5358,16.6232,16.7096,17.0188,17.0766,17.6579,17.6615,17.8098,18.0876,18.5609,18.6977,18.7712,19.4265,19.8613,19.9254,19.9921,20.1761,20.3121,20.4045,20.545,20.8497,20.9343,21.29,21.9159,22.7861,22.8456,23.0578,23.0956,23.1047,23.6132,23.6394,24.6715,25.1506
0.865916172883385,-64.5271,-64.527,-64.5263,-64.5263,-64.4872,-64.4871,-64.4869,-64.4869,-64.4865,-64.4864,-64.4863,-64.4863,-64.4285,-64.4283,-64.4282,-64.4282,-64.341,-64.3409,-10.2758,-10.2729,-8.2865,-8.2695,-6.8927,-6.876,-1.6079,-1.4517,-1.3404,-1.031,-0.8402,-0.3524,-0.1974,0.2564,0.3064,0.3069,0.5936,0.8237,0.828,0.8464,1.5722,1.5866,2.2761,2.3887,2.4498,2.4545,2.4604,2.4725,2.4921,2.4933,2.6475,2.6492,2.6919,2.6952,2.728,2.7426,2.7482,2.813,2.8315,2.8378,3.0692,3.1339,3.2159,3.5018,3.5054,3.5894,3.5913,3.9242,4.1529,4.3382,4.5713,4.7003,6.8181,6.9833,8.1067,8.3574,8.6409,9.0229,9.1221,9.3922,9.832,10.8594,10.9105,11.3244,11.9103,12.7139,12.8073,13.2484,13.4766,13.77,14.0702,14.4513,15.2281,15.853,16.0362,16.1547,16.3523,16.611,16.63,16.7242,17.044,17.1412,17.6666,17.7045,17.7933,18.077,18.5235,18.7481,18.8103,19.4169,19.8198,19.942,19.9535,20.1491,20.2744,20.3366,20.507,20.7858,20.8746,21.216,21.8649,22.7877,22.8527,23.052,23.0757,23.0824,23.5928,23.609,24.6646,25.225
0.8758692259718566,-64.5271,-64.527,-64.5263,-64.5263,-64.4872,-64.4871,-64.4869,-64.4869,-64.4865,-64.4864,-64.4864,-64.4863,-64.4285,-64.4283,-64.4282,-64.4282,-64.3411,-64.3409,-10.2734,-10.2705,-8.2825,-8.2662,-6.8894,-6.8737,-1.6115,-1.4544,-1.3474,-1.0316,-0.8454,-0.3543,-0.1961,0.254,0.3063,0.3068,0.5925,0.8274,0.8317,0.8457,1.5746,1.5892,2.2763,2.3899,2.4499,2.4553,2.4595,2.4697,2.4876,2.4892,2.6465,2.65,2.6891,2.6951,2.7274,2.7404,2.747,2.8083,2.8248,2.8372,3.0634,3.1316,3.2096,3.4933,3.5029,3.5848,3.5886,3.9238,4.1477,4.3321,4.5795,4.6944,6.812,6.9885,8.1006,8.354,8.6375,9.0189,9.1228,9.3869,9.8245,10.8527,10.9075,11.3194,11.9088,12.7125,12.8091,13.2659,13.4764,13.7733,14.1155,14.4922,15.2592,15.8746,16.0672,16.149,16.3764,16.6372,16.6836,16.7366,17.0695,17.2013,17.6635,17.7471,17.7778,18.0736,18.4854,18.8013,18.8455,19.4083,19.7819,19.9111,19.9589,20.1244,20.2376,20.2779,20.4741,20.7256,20.8211,21.147,21.8156,22.7896,22.8538,23.0123,23.0684,23.0923,23.5729,23.5812,24.6599,25.2907
0.8858222981702024,-64.5271,-64.527,-64.5263,-64.5263,-64.4872,-64.4871,-64.487,-64.4869,-64.4865,-64.4864,-64.4864,-64.4863,-64.4285,-64.4283,-64.4282,-64.4282,-64.3411,-64.3409,-10.2711,-10.2684,-8.279,-8.2632,-6.8864,-6.8716,-1.6147,-1.4568,-1.3536,-1.0321,-0.85,-0.356,-0.1949,0.2518,0.3063,0.3068,0.5916,0.8307,0.8351,0.8451,1.5768,1.5915,2.2765,2.3911,2.45,2.4561,2.4587,2.4672,2.4835,2.4856,2.6455,2.6506,2.6852,2.695,2.729,2.7389,2.746,2.8033,2.8185,2.8366,3.0582,3.1296,3.204,3.4858,3.5007,3.5809,3.5863,3.9234,4.1432,4.3267,4.5867,4.6893,6.8066,6.993,8.0953,8.351,8.6346,9.0154,9.1235,9.3822,9.8178,10.8466,10.9048,11.3152,11.9075,12.7113,12.8104,13.2813,13.4761,13.7761,14.1566,14.5299,15.2864,15.8938,16.0957,16.1435,16.3968,16.6447,16.7467,16.7527,17.0947,17.2561,17.6536,17.7637,17.7854,18.0762,18.4476,18.8565,18.8765,19.4006,19.7478,19.8638,19.9754,20.1025,20.2038,20.2297,20.445,20.6696,20.774,21.0835,21.7689,22.7917,22.8492,22.9768,23.0628,23.1076,23.5554,23.557,24.6619,25.3517
0.8957753512586741,-64.5271,-64.527,-64.5264,-64.5263,-64.4872,-64.4871,-64.487,-64.4869,-64.4865,-64.4864,-64.4863,-64.4863,-64.4285,-64.4283,-64.4282,-64.4282,-64.3411,-64.3409,-10.2692,-10.2665,-8.2759,-8.2606,-6.8838,-6.8698,-1.6176,-1.4589,-1.359,-1.0324,-0.8541,-0.3574,-0.1937,0.2499,0.3062,0.3068,0.5909,0.8335,0.838,0.8446,1.5787,1.5935,2.2766,2.3921,2.4501,2.4567,2.458,2.4652,2.4798,2.4823,2.6445,2.6511,2.681,2.695,2.7321,2.7381,2.7451,2.798,2.8128,2.8361,3.0538,3.1278,3.1992,3.4793,3.4988,3.5775,3.5843,3.9231,4.1393,4.3221,4.5931,4.6848,6.8018,6.997,8.0906,8.3485,8.632,9.0124,9.1242,9.378,9.812,10.8411,10.9025,11.3116,11.9064,12.7103,12.8115,13.2947,13.4758,13.7785,14.1932,14.5637,15.3097,15.9104,16.1216,16.1384,16.4139,16.6522,16.7544,16.8175,17.1188,17.3048,17.639,17.7515,17.8189,18.0833,18.4112,18.9031,18.9132,19.394,19.7176,19.8116,19.9901,20.0844,20.1742,20.1923,20.4192,20.6185,20.7336,21.0262,21.7259,22.7938,22.8394,22.9457,23.0638,23.1209,23.5339,23.5357,24.6522,25.3824
0.9057284043471457,-64.5271,-64.527,-64.5264,-64.5263,-64.4872,-64.4871,-64.487,-64.4869,-64.4865,-64.4865,-64.4864,-64.4863,-64.4286,-64.4284,-64.4282,-64.4282,-64.3411,-64.3409,-10.2676,-10.265,-8.2733,-8.2585,-6.8816,-6.8683,-1.6201,-1.4607,-1.3635,-1.0327,-0.8575,-0.3586,-0.1928,0.2483,0.3062,0.3067,0.5902,0.836,0.8404,0.8441,1.5802,1.5953,2.2768,2.3931,2.4502,2.4573,2.4575,2.4635,2.4765,2.4795,2.6437,2.6516,2.677,2.695,2.7361,2.7377,2.7443,2.7925,2.8076,2.8357,3.0501,3.1263,3.195,3.4738,3.4972,3.5747,3.5826,3.9228,4.136,4.3181,4.5985,4.6809,6.7978,7.0003,8.0866,8.3463,8.6298,9.0098,9.1249,9.3744,9.8071,10.8364,10.9004,11.3086,11.9054,12.7093,12.8123,13.306,13.4754,13.7806,14.225,14.5933,15.3293,15.9245,16.1339,16.1445,16.4277,16.6595,16.7599,16.8766,17.141,17.3467,17.6223,17.7413,17.8471,18.0926,18.3776,18.9252,18.9702,19.3884,19.6915,19.7557,20.0011,20.0714,20.1496,20.1647,20.3962,20.5731,20.6999,20.9757,21.6876,22.7957,22.8279,22.919,23.069,23.1325,23.5149,23.5192,24.6492,25.4717
0.9156814765454916,-64.5272,-64.5271,-64.5264,-64.5263,-64.4872,-64.4871,-64.4871,-64.4871,-64.4866,-64.4865,-64.4864,-64.4863,-64.4286,-64.4284,-64.4283,-64.4282,-64.3411,-64.3409,-10.2663,-10.2637,-8.2712,-8.2567,-6.8799,-6.8671,-1.6221,-1.4622,-1.3673,-1.0329,-0.8603,-0.3596,-0.1919,0.2469,0.3062,0.3067,0.5897,0.838,0.8424,0.8438,1.5815,1.5966,2.2768,2.3939,2.4503,2.457,2.4577,2.4623,2.4736,2.4772,2.643,2.652,2.6735,2.6949,2.7375,2.7408,2.7436,2.7867,2.8031,2.8353,3.047,3.125,3.1915,3.4693,3.4959,3.5724,3.5812,3.9226,4.1332,4.3149,4.603,4.6778,6.7944,7.0031,8.0834,8.3445,8.628,9.0077,9.1256,9.3715,9.8031,10.8324,10.8988,11.3062,11.9046,12.7086,12.8129,13.3153,13.475,13.7822,14.2514,14.6182,15.3452,15.936,16.13,16.164,16.4387,16.6661,16.7634,16.9288,17.1604,17.3812,17.6056,17.7331,17.8699,18.1025,18.3479,18.9427,19.0263,19.3839,19.6695,19.6984,20.0064,20.0653,20.1303,20.1453,20.3764,20.5343,20.673,20.9328,21.6547,22.7974,22.8162,22.897,23.0763,23.1423,23.4991,23.5047,24.6471,25.497
0.9256345296339632,-64.5272,-64.5271,-64.5264,-64.5263,-64.4872,-64.4871,-64.4871,-64.4871,-64.4866,-64.4865,-64.4864,-64.4863,-64.4286,-64.4284,-64.4283,-64.4282,-64.3411,-64.3409,-10.2652,-10.2627,-8.2696,-8.2553,-6.8785,-6.8661,-1.6237,-1.4633,-1.3702,-1.0331,-0.8624,-0.3604,-0.1913,0.2458,0.3061,0.3067,0.5893,0.8395,0.8435,0.844,1.5826,1.5977,2.2769,2.3945,2.4503,2.4566,2.4581,2.4615,2.4712,2.4754,2.6424,2.6523,2.6707,2.6949,2.7377,2.7431,2.7459,2.7809,2.7995,2.835,3.0447,3.124,3.1889,3.4657,3.4949,3.5706,3.5801,3.9224,4.1311,4.3124,4.6065,4.6754,6.7918,7.0052,8.0808,8.3431,8.6266,9.0061,9.1261,9.3691,9.7999,10.8292,10.8975,11.3044,11.9039,12.708,12.8134,13.3226,13.4747,13.7835,14.2724,14.638,15.3574,15.945,16.1268,16.1798,16.447,16.6717,16.7654,16.9724,17.1763,17.4079,17.5907,17.727,17.8873,18.1114,18.3235,18.9559,19.0795,19.3805,19.6431,19.6521,20.0057,20.0659,20.1162,20.1324,20.36,20.5028,20.6526,20.8982,21.6283,22.7987,22.8059,22.8798,23.0837,23.1499,23.4867,23.4926,24.6456,25.4989
0.9355875827224349,-64.5272,-64.5271,-64.5264,-64.5263,-64.4872,-64.4872,-64.4871,-64.487,-64.4866,-64.4865,-64.4864,-64.4863,-64.4286,-64.4284,-64.4283,-64.4282,-64.3411,-64.3409,-10.2645,-10.262,-8.2684,-8.2543,-6.8775,-6.8654,-1.6249,-1.4642,-1.3723,-1.0332,-0.864,-0.361,-0.1908,0.245,0.3061,0.3067,0.589,0.8407,0.8433,0.8451,1.5833,1.5985,2.277,2.395,2.4504,2.4564,2.4584,2.4611,2.4693,2.4741,2.642,2.6525,2.6686,2.6949,2.738,2.7428,2.7514,2.7749,2.7967,2.8348,3.0431,3.1233,3.1869,3.4632,3.4942,3.5694,3.5793,3.9223,4.1296,4.3106,4.609,4.6736,6.7899,7.0067,8.079,8.3421,8.6256,9.005,9.1264,9.3675,9.7977,10.8269,10.8966,11.3031,11.9035,12.7075,12.8137,13.3277,13.4744,13.7844,14.2875,14.6524,15.3661,15.9514,16.1245,16.1915,16.4528,16.676,16.7664,17.0054,17.1882,17.4267,17.5791,17.7228,17.8993,18.1185,18.3053,18.965,19.1261,19.3784,19.5941,19.6395,20.0024,20.0695,20.1067,20.1244,20.3477,20.4795,20.6385,20.8727,21.6088,22.7979,22.7997,22.8675,23.09,23.1555,23.4778,23.4835,24.6444,25.5549
0.9455406549207808,-64.5272,-64.5271,-64.5264,-64.5263,-64.4873,-64.4872,-64.4871,-64.4871,-64.4866,-64.4865,-64.4864,-64.4864,-64.4286,-64.4284,-64.4283,-64.4282,-64.3411,-64.3409,-10.264,-10.2615,-8.2677,-8.2537,-6.8769,-6.865,-1.6256,-1.4647,-1.3735,-1.0332,-0.8649,-0.3613,-0.1905,0.2445,0.3061,0.3067,0.5888,0.8413,0.8432,0.8458,1.5837,1.599,2.277,2.3953,2.4504,2.4562,2.4586,2.4609,2.4681,2.4733,2.6417,2.6526,2.6673,2.6949,2.7382,2.7425,2.7571,2.7689,2.795,2.8347,3.0421,3.1229,3.1858,3.4617,3.4938,3.5686,3.5789,3.9222,4.1287,4.3095,4.6105,4.6726,6.7888,7.0076,8.0779,8.3415,8.625,9.0043,9.1267,9.3664,9.7963,10.8255,10.896,11.3023,11.9032,12.7073,12.8138,13.3308,13.4743,13.7849,14.2966,14.6611,15.3713,15.9553,16.1231,16.1986,16.4562,16.6787,16.7668,17.0261,17.1955,17.4378,17.5718,17.7204,17.9063,18.123,18.2942,18.9704,19.1598,19.3774,19.5584,19.6318,19.9994,20.0728,20.1013,20.1202,20.34,20.4652,20.6302,20.8571,21.5969,22.793,22.8003,22.86,23.0941,23.1588,23.4725,23.4777,24.6431,25.5267
0.9554937080092524,-64.5272,-64.5271,-64.5264,-64.5263,-64.4872,-64.4872,-64.4871,-64.4871,-64.4866,-64.4865,-64.4864,-64.4864,-64.4286,-64.4284,-64.4283,-64.4282,-64.3411,-64.3409,-10.2639,-10.2614,-8.2674,-8.2535,-6.8767,-6.8649,-1.6258,-1.4649,-1.3739,-1.0333,-0.8652,-0.3614,-0.1904,0.2444,0.3061,0.3066,0.5888,0.8416,0.8431,0.846,1.5839,1.5992,2.277,2.3954,2.4504,2.4562,2.4587,2.4609,2.4677,2.473,2.6416,2.6527,2.6669,2.6949,2.7383,2.7425,2.7625,2.7634,2.7945,2.8346,3.0417,3.1227,3.1854,3.4612,3.4937,3.5683,3.5787,3.9222,4.1284,4.3091,4.611,4.6722,6.7884,7.008,8.0775,8.3413,8.6248,9.0041,9.1268,9.3661,9.7958,10.8251,10.8958,11.3021,11.9031,12.7072,12.8139,13.3319,13.4742,13.7851,14.2997,14.6641,15.373,15.9566,16.1226,16.201,16.4574,16.6797,16.7669,17.0332,17.198,17.4415,17.5693,17.7196,17.9086,18.1245,18.2905,18.9721,19.1725,19.3772,19.5449,19.6292,19.9983,20.074,20.0996,20.1189,20.3374,20.4603,20.6274,20.8518,21.5929,22.7913,22.8005,22.8575,23.0956,23.1599,23.4707,23.4758,24.6426,25.5664
0.9554937080092524,-64.5272,-64.5271,-64.5264,-64.5263,-64.4872,-64.4872,-64.4871,-64.4871,-64.4866,-64.4865,-64.4864,-64.4864,-64.4286,-64.4284,-64.4283,-64.4282,-64.3411,-64.3409,-10.2639,-10.2614,-8.2674,-8.2535,-6.8767,-6.8649,-1.6258,-1.4649,-1.3739,-1.0333,-0.8652,-0.3614,-0.1904,0.2444,0.3061,0.3066,0.5888,0.8416,0.8431,0.846,1.5839,1.5992,2.277,2.3954,2.4504,2.4562,2.4587,2.4609,2.4676,2.473,2.6416,2.6527,2.6669,2.6949,2.7383,2.7425,2.7625,2.7634,2.7945,2.8346,3.0417,3.1227,3.1854,3.4612,3.4937,3.5683,3.5787,3.9222,4.1284,4.3091,4.611,4.6722,6.7884,7.008,8.0775,8.3413,8.6248,9.0041,9.1268,9.3661,9.7958,10.8251,10.8958,11.3021,11.9031,12.7072,12.8139,13.3319,13.4742,13.7851,14.2997,14.6641,15.373,15.9566,16.1226,16.201,16.4574,16.6797,16.7669,17.0332,17.198,17.4415,17.5693,17.7196,17.9086,18.1245,18.2905,18.9721,19.1725,19.3772,19.5449,19.6292,19.9983,20.074,20.0996,20.1189,20.3374,20.4603,20.6274,20.8518,21.5929,22.7913,22.8005,22.8575,23.0956,23.1599,23.4707,23.4758,24.6429,25.5906
0.9653446806325511,-64.5272,-64.5271,-64.5264,-64.5264,-64.4872,-64.4872,-64.4871,-64.4871,-64.4866,-64.4866,-64.4864,-64.4864,-64.4286,-64.4284,-64.4283,-64.4282,-64.3412,-64.3409,-10.2638,-10.2614,-8.2674,-8.2534,-6.8766,-6.8649,-1.6256,-1.4646,-1.3737,-1.0331,-0.865,-0.3614,-0.1906,0.2444,0.3055,0.3063,0.5889,0.8413,0.8433,0.8459,1.5838,1.599,2.2766,2.3952,2.4465,2.4591,2.4601,2.4607,2.4676,2.473,2.6415,2.6526,2.6667,2.6946,2.7388,2.7403,2.7634,2.7645,2.7945,2.8347,3.0417,3.1199,3.1877,3.4601,3.494,3.5684,3.5783,3.9224,4.1279,4.3081,4.6111,4.6715,6.7887,7.0083,8.0788,8.3428,8.625,9.0043,9.1284,9.3676,9.7958,10.8246,10.8965,11.3034,11.9027,12.7054,12.814,13.3337,13.474,13.784,14.298,14.6625,15.3705,15.9581,16.1235,16.1991,16.4551,16.681,16.7637,17.0346,17.2004,17.438,17.5684,17.7223,17.9112,18.1242,18.2909,18.9737,19.1691,19.3722,19.5393,19.6364,19.9953,20.0515,20.1203,20.1256,20.3385,20.4601,20.6311,20.8569,21.5906,22.7897,22.8002,22.862,23.0961,23.1592,23.4734,23.4759,24.6418,25.5421
0.9751956532558498,-64.5272,-64.5271,-64.5264,-64.5264,-64.4873,-64.4872,-64.4871,-64.487,-64.4866,-64.4865,-64.4864,-64.4863,-64.4286,-64.4284,-64.4283,-64.4282,-64.3412,-64.3409,-10.2637,-10.2612,-8.2672,-8.2532,-6.8764,-6.8647,-1.6249,-1.4639,-1.3731,-1.0327,-0.8644,-0.3614,-0.1911,0.2443,0.3038,0.3053,0.5895,0.8405,0.8437,0.8455,1.5834,1.5986,2.2751,2.3948,2.4408,2.4602,2.4607,2.4661,2.4675,2.4729,2.6411,2.6525,2.6663,2.6936,2.7354,2.7403,2.7636,2.7689,2.7945,2.8349,3.0416,3.1125,3.1936,3.4571,3.4949,3.5687,3.5772,3.9227,4.1265,4.3053,4.6112,4.6692,6.7897,7.0095,8.0826,8.3474,8.6257,9.0051,9.1332,9.3722,9.7957,10.8234,10.8986,11.3072,11.9014,12.7002,12.8143,13.3391,13.4733,13.7806,14.2928,14.6579,15.363,15.9626,16.1262,16.1933,16.4482,16.685,16.7541,17.0388,17.2074,17.4277,17.5659,17.7301,17.9188,18.1232,18.2922,18.9784,19.1595,19.3581,19.523,19.6567,19.9865,20.0233,20.1245,20.1643,20.3417,20.4596,20.6419,20.872,21.5841,22.7849,22.7995,22.875,23.0975,23.1572,23.4764,23.4816,24.6401,25.5604
0.9850466258791485,-64.5272,-64.5271,-64.5264,-64.5263,-64.4873,-64.4872,-64.4871,-64.487,-64.4866,-64.4865,-64.4864,-64.4864,-64.4286,-64.4284,-64.4283,-64.4282,-64.3411,-64.3409,-10.2635,-10.261,-8.2668,-8.2529,-6.8761,-6.8645,-1.6238,-1.4628,-1.3721,-1.0321,-0.8633,-0.3614,-0.1919,0.2442,0.301,0.3036,0.5904,0.8391,0.8445,0.845,1.5829,1.5978,2.2729,2.394,2.435,2.4593,2.4633,2.4674,2.4724,2.4728,2.6404,2.6523,2.6656,2.6922,2.7292,2.7425,2.7639,2.7742,2.7946,2.8351,3.0413,3.1022,3.2014,3.4524,3.4961,3.5692,3.5753,3.9234,4.124,4.3005,4.6115,4.6654,6.7914,7.0114,8.089,8.3549,8.6267,9.0062,9.1413,9.3797,9.7955,10.8214,10.9021,11.3135,11.8993,12.6919,12.8149,13.3478,13.4721,13.775,14.2841,14.6503,15.3508,15.9694,16.1306,16.1842,16.4368,16.6918,16.7386,17.0457,17.2192,17.411,17.5617,17.7423,17.9313,18.1214,18.2941,18.9864,19.1454,19.3366,19.4968,19.6874,19.9725,19.9984,20.1316,20.2068,20.346,20.4587,20.6595,20.8963,21.574,22.7772,22.7981,22.8962,23.1,23.1537,23.4773,23.4948,24.6354,25.5413
0.9948975985024472,-64.5272,-64.5271,-64.5264,-64.5263,-64.4873,-64.4872,-64.4871,-64.487,-64.4865,-64.4865,-64.4864,-64.4864,-64.4285,-64.4284,-64.4283,-64.4282,-64.3411,-64.3409,-10.2632,-10.2607,-8.2664,-8.2525,-6.8757,-6.8642,-1.6222,-1.4611,-1.3707,-1.0312,-0.8618,-0.3613,-0.1931,0.244,0.297,0.3013,0.5916,0.8371,0.8441,0.8455,1.5822,1.5968,2.2697,2.3929,2.4292,2.4582,2.4667,2.4673,2.4727,2.4788,2.6395,2.652,2.6646,2.6905,2.7225,2.7455,2.7643,2.7798,2.7948,2.8355,3.041,3.0902,3.21,3.4463,3.4972,3.5699,3.5727,3.9243,4.1207,4.294,4.6118,4.6602,6.7937,7.014,8.0978,8.3654,8.6282,9.0079,9.1526,9.3903,9.7953,10.8185,10.907,11.3223,11.8964,12.6807,12.8156,13.3596,13.4704,13.7673,14.2722,14.6399,15.3344,15.9775,16.1365,16.1724,16.4213,16.7011,16.7178,17.0552,17.2354,17.3885,17.5559,17.7577,17.9486,18.1185,18.2964,18.9976,19.1288,19.3088,19.4616,19.7258,19.9545,19.9772,20.1416,20.2522,20.3503,20.4574,20.6832,20.9287,21.5612,22.767,22.7963,22.9247,23.1036,23.1491,23.4783,23.5127,24.6297,25.5143
1.004748571125746,-64.5272,-64.5271,-64.5264,-64.5263,-64.4872,-64.4872,-64.4871,-64.487,-64.4865,-64.4864,-64.4864,-64.4863,-64.4285,-64.4283,-64.4282,-64.4282,-64.3411,-64.3409,-10.2628,-10.2603,-8.2658,-8.252,-6.8752,-6.8637,-1.6202,-1.4591,-1.3689,-1.03,-0.8599,-0.3613,-0.1946,0.2438,0.2919,0.2983,0.5932,0.8346,0.843,0.8469,1.5812,1.5955,2.266,2.3915,2.4235,2.4567,2.4671,2.471,2.4725,2.4853,2.6385,2.6516,2.6634,2.6885,2.7154,2.749,2.7649,2.7854,2.7949,2.836,3.0405,3.0772,3.2187,3.4391,3.4982,3.5695,3.5706,3.9254,4.1165,4.2856,4.6122,4.6535,6.7966,7.0174,8.1091,8.3789,8.6301,9.0099,9.1671,9.4037,9.795,10.8148,10.9134,11.3337,11.8928,12.6671,12.8165,13.3738,13.4681,13.7575,14.2571,14.6266,15.3143,15.9855,16.1439,16.1591,16.4018,16.6921,16.7129,17.0673,17.256,17.3609,17.5488,17.775,17.9703,18.1144,18.2989,19.0123,19.112,19.2757,19.4187,19.7699,19.9333,19.9602,20.1546,20.3003,20.3532,20.4558,20.7122,20.9679,21.547,22.7547,22.7938,22.9593,23.1085,23.1435,23.4797,23.5347,24.6227,25.4823
1.014599560298686,-64.5272,-64.5271,-64.5263,-64.5263,-64.4872,-64.4872,-64.4871,-64.4871,-64.4864,-64.4864,-64.4864,-64.4863,-64.4285,-64.4283,-64.4282,-64.4282,-64.3411,-64.3409,-10.2623,-10.2599,-8.2651,-8.2514,-6.8746,-6.8632,-1.6177,-1.4565,-1.3667,-1.0285,-0.8575,-0.3613,-0.1965,0.2435,0.2858,0.2947,0.5952,0.8315,0.8417,0.8485,1.58,1.5939,2.2615,2.3897,2.4178,2.4548,2.4669,2.4722,2.4759,2.4918,2.6372,2.651,2.6619,2.6864,2.7081,2.7529,2.7655,2.791,2.7951,2.8366,3.04,3.0637,3.2271,3.4308,3.4989,3.5655,3.5714,3.9267,4.1114,4.2755,4.6127,4.6455,6.8001,7.0214,8.1227,8.3952,8.6324,9.0122,9.1847,9.4201,9.7948,10.8104,10.9211,11.3475,11.8885,12.6515,12.8176,13.3902,13.4653,13.7457,14.2388,14.6108,15.2912,15.991,16.1464,16.1525,16.3787,16.6624,16.7272,17.0818,17.2807,17.3288,17.5405,17.7928,17.9961,18.1087,18.3014,19.0304,19.0967,19.238,19.3696,19.8184,19.9097,19.9473,20.1705,20.3507,20.3535,20.4539,20.7457,21.0127,21.5327,22.7407,22.7908,22.9985,23.1147,23.1377,23.4814,23.5603,24.6145,25.4392
1.0244505329219846,-64.5272,-64.5271,-64.5264,-64.5263,-64.4872,-64.4871,-64.4871,-64.4871,-64.4865,-64.4865,-64.4865,-64.4864,-64.4285,-64.4283,-64.4283,-64.4283,-64.341,-64.3409,-10.2617,-10.2593,-8.2642,-8.2507,-6.8739,-6.8626,-1.6148,-1.4535,-1.3641,-1.0268,-0.8547,-0.3613,-0.1988,0.2432,0.2785,0.2906,0.5974,0.8279,0.8402,0.8504,1.5786,1.592,2.2565,2.3875,2.4122,2.4526,2.4667,2.4719,2.4815,2.4985,2.6358,2.6504,2.6601,2.6841,2.7006,2.757,2.7662,2.7952,2.7964,2.8373,3.0393,3.0498,3.2351,3.4215,3.4992,3.5609,3.5722,3.9282,4.1055,4.2637,4.6131,4.6361,6.8042,7.0261,8.1386,8.4145,8.6351,9.0149,9.2054,9.4392,9.7947,10.8051,10.9303,11.3637,11.8835,12.6345,12.8188,13.4082,13.4619,13.7321,14.2177,14.5927,15.2653,15.9909,16.1373,16.1619,16.3525,16.6294,16.7438,17.0986,17.2928,17.3094,17.5312,17.8094,18.0256,18.1012,18.3042,19.0522,19.0844,19.1963,19.3152,19.8704,19.8846,19.9386,20.1892,20.3502,20.4033,20.4516,20.7831,21.0618,21.5196,22.7256,22.7872,23.0389,23.1222,23.134,23.4834,23.5888,24.6063,25.466
1.0343015055452833,-64.5271,-64.527,-64.5264,-64.5263,-64.4872,-64.4871,-64.487,-64.487,-64.4865,-64.4865,-64.4864,-64.4863,-64.4284,-64.4283,-64.4282,-64.4282,-64.341,-64.3409,-10.2611,-10.2587,-8.2633,-8.2498,-6.873,-6.862,-1.6115,-1.45,-1.3611,-1.0249,-0.8515,-0.3613,-0.2015,0.2429,0.2702,0.2859,0.6,0.8237,0.8384,0.8526,1.5769,1.5898,2.2511,2.3849,2.4068,2.4502,2.4666,2.4714,2.4876,2.5052,2.6343,2.6498,2.6581,2.6819,2.6929,2.7615,2.7671,2.7953,2.8017,2.8381,3.0358,3.0385,3.2426,3.4114,3.4993,3.5558,3.573,3.9299,4.0989,4.2504,4.6136,4.6254,6.8089,7.0315,8.1568,8.4365,8.6382,9.0178,9.229,9.4611,9.7947,10.7991,10.9409,11.3822,11.878,12.6165,12.8202,13.4274,13.4578,13.7168,14.1939,14.5724,15.2374,15.9822,16.1346,16.1715,16.3238,16.5935,16.7626,17.1175,17.2533,17.3417,17.5213,17.8231,18.0585,18.0917,18.3077,19.0761,19.0775,19.1511,19.2568,19.8585,19.9251,19.9339,20.2105,20.3423,20.4492,20.4578,20.8235,21.1142,21.5088,22.7098,22.7828,23.0704,23.1311,23.1417,23.4854,23.6201,24.5947,25.3746
1.044152478168582,-64.5271,-64.527,-64.5264,-64.5263,-64.4872,-64.4871,-64.487,-64.487,-64.4866,-64.4865,-64.4864,-64.4864,-64.4284,-64.4283,-64.4282,-64.4282,-64.341,-64.3409,-10.2604,-10.258,-8.2622,-8.2489,-6.8721,-6.8612,-1.6077,-1.4461,-1.3578,-1.0227,-0.8479,-0.3614,-0.2046,0.2425,0.2608,0.2806,0.6029,0.819,0.8364,0.8551,1.575,1.5873,2.2453,2.3818,2.4014,2.4474,2.4664,2.4709,2.4942,2.512,2.6329,2.649,2.6558,2.6796,2.6851,2.7661,2.7681,2.7953,2.8069,2.839,3.0219,3.0376,3.2496,3.4004,3.4989,3.5502,3.5736,3.9316,4.0918,4.2358,4.6135,4.614,6.814,7.0374,8.177,8.4613,8.6417,9.0209,9.2557,9.4856,9.7949,10.7923,10.9529,11.4031,11.872,12.5978,12.8216,13.4475,13.453,13.6998,14.1675,14.5503,15.2076,15.9642,16.1389,16.1804,16.2937,16.5553,16.7833,17.1383,17.2109,17.3775,17.5112,17.8321,18.08,18.0942,18.3127,19.0727,19.1028,19.1065,19.1953,19.832,19.9332,19.9821,20.2341,20.3291,20.4465,20.514,20.8665,21.169,21.5013,22.6937,22.7779,23.0779,23.1415,23.1752,23.4876,23.6535,24.583,25.3353
1.0540034507918807,-64.5271,-64.527,-64.5264,-64.5263,-64.4872,-64.4871,-64.487,-64.487,-64.4865,-64.4865,-64.4864,-64.4864,-64.4284,-64.4283,-64.4282,-64.4282,-64.341,-64.3409,-10.2595,-10.2572,-8.2609,-8.2478,-6.871,-6.8603,-1.6034,-1.4417,-1.354,-1.0202,-0.8439,-0.3615,-0.2081,0.242,0.2504,0.2749,0.6062,0.8136,0.8342,0.8579,1.573,1.5845,2.2393,2.3783,2.3961,2.4443,2.4663,2.4702,2.5011,2.5188,2.6314,2.6481,2.6532,2.6772,2.6774,2.7692,2.7709,2.7952,2.8119,2.84,3.0082,3.0366,3.2561,3.3887,3.4983,3.5441,3.574,3.9334,4.0841,4.2198,4.6004,4.6144,6.8196,7.0439,8.1993,8.4888,8.6456,9.0241,9.2852,9.5127,9.7954,10.7849,10.9664,11.4262,11.8655,12.5788,12.823,13.4474,13.468,13.6815,14.1388,14.5266,15.1765,15.9384,16.1485,16.1859,16.2647,16.5153,16.8058,17.1609,17.1661,17.4164,17.5013,17.8348,18.0662,18.1323,18.3201,19.052,19.0745,19.1315,19.1391,19.8055,19.9363,20.0412,20.2598,20.3102,20.4435,20.5717,20.9114,21.2254,21.4978,22.6776,22.7722,23.0704,23.1533,23.225,23.49,23.6887,24.5709,25.2887
1.0638544234151983,-64.5271,-64.527,-64.5264,-64.5263,-64.4872,-64.4871,-64.487,-64.487,-64.4865,-64.4865,-64.4864,-64.4864,-64.4284,-64.4283,-64.4282,-64.4282,-64.341,-64.3409,-10.2587,-10.2563,-8.2596,-8.2466,-6.8699,-6.8594,-1.5987,-1.4369,-1.3499,-1.0176,-0.8394,-0.3616,-0.2121,0.2389,0.2415,0.2688,0.6097,0.8078,0.8318,0.861,1.5707,1.5815,2.233,2.3744,2.3909,2.4409,2.4663,2.4693,2.5083,2.5256,2.6299,2.6471,2.6503,2.6693,2.6751,2.7703,2.7758,2.7949,2.8167,2.8411,2.9948,3.0354,3.262,3.3762,3.4973,3.5377,3.5741,3.9351,4.0759,4.2028,4.5863,4.6147,6.8257,7.0509,8.2233,8.5189,8.6498,9.0273,9.3175,9.5421,9.7963,10.7768,10.9813,11.4515,11.8588,12.5599,12.8244,13.4411,13.4888,13.6618,14.1079,14.5015,15.1442,15.9071,16.1613,16.1805,16.2443,16.4738,16.8299,17.1191,17.185,17.4583,17.4921,17.8301,18.0501,18.1723,18.3306,18.9993,19.0664,19.0817,19.1752,19.7792,19.9429,20.1021,20.2855,20.2874,20.4405,20.6308,20.9578,21.2827,21.4987,22.6619,22.7657,23.0576,23.1666,23.2807,23.4924,23.7254,24.5582,25.2427
1.073705396038497,-64.5271,-64.527,-64.5264,-64.5264,-64.4872,-64.4871,-64.487,-64.487,-64.4865,-64.4865,-64.4865,-64.4864,-64.4284,-64.4283,-64.4282,-64.4282,-64.341,-64.3409,-10.2577,-10.2554,-8.2582,-8.2454,-6.8686,-6.8584,-1.5936,-1.4316,-1.3453,-1.0146,-0.8346,-0.3619,-0.2166,0.2266,0.2409,0.2622,0.6135,0.8013,0.8293,0.8643,1.5682,1.578,2.2265,2.37,2.3857,2.4372,2.4662,2.4682,2.5157,2.5324,2.6285,2.6461,2.6473,2.6614,2.6729,2.7716,2.7807,2.7944,2.8214,2.8424,2.982,3.0342,3.2672,3.3632,3.4959,3.5308,3.5738,3.9365,4.0675,4.185,4.5712,4.6149,6.8321,7.0584,8.249,8.5515,8.6544,9.0305,9.3526,9.5738,9.7977,10.7681,10.9976,11.4789,11.8518,12.5412,12.8258,13.4338,13.5095,13.641,14.0751,14.4755,15.111,15.8719,16.1566,16.1756,16.2398,16.4312,16.8554,17.0704,17.2105,17.4839,17.5029,17.8173,18.0322,18.2135,18.3446,18.945,19.0007,19.0943,19.2145,19.7536,19.9529,20.1646,20.2551,20.3166,20.4373,20.6911,21.0054,21.3404,21.5041,22.6468,22.7585,23.0421,23.1813,23.3393,23.4949,23.7633,24.5451,25.1989
1.0835563686617957,-64.5271,-64.527,-64.5264,-64.5264,-64.4872,-64.4871,-64.487,-64.487,-64.4866,-64.4865,-64.4865,-64.4864,-64.4284,-64.4283,-64.4282,-64.4282,-64.341,-64.3409,-10.2567,-10.2544,-8.2566,-8.244,-6.8673,-6.8573,-1.588,-1.4258,-1.3405,-1.0115,-0.8294,-0.3621,-0.2216,0.2132,0.2403,0.2554,0.6177,0.7943,0.8265,0.8679,1.5654,1.5744,2.2199,2.3651,2.3807,2.4333,2.4661,2.4669,2.5233,2.5391,2.6273,2.644,2.6451,2.6536,2.6707,2.7729,2.7857,2.7937,2.826,2.8437,2.9698,3.0328,3.272,3.3496,3.4942,3.5238,3.573,3.9376,4.0588,4.1666,4.5552,4.615,6.8389,7.0664,8.2763,8.5865,8.6594,9.0335,9.3902,9.6076,9.7997,10.7588,11.0154,11.5083,11.8446,12.5231,12.827,13.4257,13.5299,13.6191,14.0407,14.4487,15.0773,15.8339,16.1214,16.1903,16.2439,16.3876,16.8819,17.0203,17.2371,17.4773,17.5499,17.7966,18.0126,18.2551,18.3616,18.8897,18.9357,19.1122,19.2569,19.7288,19.9659,20.2194,20.2286,20.3472,20.434,20.7524,21.0538,21.3979,21.514,22.6327,22.7504,23.0246,23.1976,23.3996,23.4974,23.8022,24.5311,25.145
1.0934073412850944,-64.5272,-64.527,-64.5265,-64.5264,-64.4872,-64.4871,-64.487,-64.487,-64.4866,-64.4866,-64.4865,-64.4865,-64.4285,-64.4284,-64.4282,-64.4282,-64.3411,-64.3409,-10.2555,-10.2533,-8.2549,-8.2426,-6.8658,-6.8561,-1.5821,-1.4196,-1.3352,-1.0082,-0.8237,-0.3625,-0.2272,0.1989,0.2396,0.2483,0.6221,0.7867,0.8236,0.8717,1.5625,1.5704,2.2132,2.3599,2.3757,2.4291,2.4653,2.4661,2.531,2.5455,2.6261,2.6404,2.6439,2.6458,2.6685,2.7743,2.7908,2.7925,2.8304,2.8452,2.9584,3.0312,3.2762,3.3354,3.4921,3.5165,3.5717,3.9379,4.05,4.1481,4.5384,4.6149,6.8461,7.0747,8.3048,8.6238,8.6647,9.0363,9.4303,9.6434,9.8026,10.7492,11.0345,11.5397,11.8374,12.5058,12.8281,13.4167,13.5498,13.5964,14.0047,14.4215,15.0431,15.7937,16.0817,16.2048,16.2497,16.3434,16.9091,16.969,17.2647,17.4726,17.5993,17.7685,17.9918,18.2958,18.3807,18.8339,18.8727,19.1351,19.302,19.705,19.9817,20.1789,20.2939,20.379,20.4308,20.8146,21.1027,21.4547,21.528,22.6196,22.7414,23.0056,23.2155,23.4608,23.4997,23.8418,24.5171,25.0909
1.1032583139083931,-64.5271,-64.527,-64.5265,-64.5264,-64.4871,-64.4871,-64.487,-64.487,-64.4866,-64.4866,-64.4865,-64.4864,-64.4284,-64.4284,-64.4282,-64.4282,-64.341,-64.3409,-10.2544,-10.2521,-8.2532,-8.241,-6.8643,-6.8549,-1.5756,-1.413,-1.3296,-1.0046,-0.8177,-0.363,-0.2334,0.1837,0.2388,0.2409,0.6268,0.7786,0.8205,0.8758,1.5593,1.5661,2.2064,2.3542,2.3708,2.4246,2.4635,2.4659,2.5388,2.5517,2.6251,2.6367,2.6386,2.6428,2.6664,2.7758,2.791,2.7959,2.8346,2.8469,2.948,3.0296,3.2799,3.3209,3.4898,3.509,3.5697,3.9372,4.0412,4.1299,4.5209,4.6146,6.8535,7.0834,8.3345,8.6632,8.6704,9.0389,9.4728,9.6809,9.8063,10.7392,11.055,11.5728,11.8302,12.4894,12.8288,13.4066,13.569,13.573,13.9674,14.3942,15.0088,15.752,16.0396,16.2184,16.2545,16.2986,16.917,16.9369,17.293,17.4702,17.6506,17.734,17.9702,18.3333,18.4008,18.7786,18.8141,19.1627,19.3496,19.6824,20.0,20.1342,20.3603,20.4119,20.4276,20.8775,21.1519,21.5105,21.5458,22.6079,22.7315,22.9852,23.2349,23.5019,23.5225,23.8822,24.5031,25.0375
1.113109303081333,-64.5271,-64.527,-64.5265,-64.5264,-64.4871,-64.4871,-64.487,-64.487,-64.4866,-64.4866,-64.4865,-64.4864,-64.4284,-64.4284,-64.4283,-64.4282,-64.3411,-64.3409,-10.2531,-10.2509,-8.2513,-8.2394,-6.8627,-6.8536,-1.5688,-1.4059,-1.3236,-1.0008,-0.8114,-0.3636,-0.2402,0.1677,0.2334,0.238,0.6319,0.7699,0.8173,0.8802,1.5559,1.5615,2.1996,2.3481,2.3661,2.4199,2.4612,2.4657,2.5465,2.5572,2.6243,2.6319,2.6328,2.6417,2.6644,2.7773,2.7891,2.8009,2.8387,2.8486,2.9386,3.0278,3.2832,3.3061,3.4871,3.5014,3.5671,3.9348,4.0326,4.1126,4.5028,4.6141,6.8612,7.0924,8.365,8.6764,8.7048,9.0411,9.5176,9.72,9.8112,10.7291,11.0769,11.6077,11.8231,12.4742,12.8291,13.3955,13.549,13.5873,13.929,14.367,14.9743,15.7091,15.9959,16.2309,16.2534,16.2574,16.8643,16.9649,17.3216,17.4701,17.6942,17.7039,17.9486,18.3638,18.4197,18.7251,18.764,19.1948,19.3993,19.661,20.0208,20.0861,20.4244,20.427,20.4465,20.9411,21.2012,21.5649,21.5668,22.5977,22.7208,22.9635,23.2559,23.5038,23.5843,23.9226,24.4883,24.9821
1.1229602757046317,-64.5271,-64.527,-64.5265,-64.5265,-64.4871,-64.4871,-64.487,-64.487,-64.4866,-64.4866,-64.4866,-64.4865,-64.4285,-64.4284,-64.4283,-64.4282,-64.3411,-64.3409,-10.2518,-10.2497,-8.2493,-8.2377,-6.861,-6.8522,-1.5615,-1.3984,-1.3173,-0.9969,-0.8046,-0.3644,-0.2477,0.1507,0.2258,0.2372,0.6372,0.7607,0.814,0.8848,1.5523,1.5565,2.1929,2.3416,2.3614,2.4149,2.4587,2.4653,2.5542,2.5617,2.6235,2.6263,2.6289,2.6406,2.6624,2.7789,2.7866,2.806,2.8426,2.8506,2.9303,3.0258,3.286,3.2909,3.484,3.4937,3.5637,3.9301,4.0241,4.097,4.4841,4.6134,6.869,7.1017,8.3961,8.6828,8.7482,9.0429,9.5645,9.7605,9.8173,10.7189,11.1,11.6441,11.8162,12.4602,12.829,13.3834,13.5245,13.6048,13.8897,14.3404,14.94,15.6652,15.9512,16.2079,16.242,16.2578,16.8113,16.9928,17.3505,17.4723,17.6498,17.7588,17.9278,18.3809,18.4342,18.6761,18.7289,19.231,19.4508,19.6408,20.0354,20.0436,20.4215,20.4774,20.499,21.0051,21.2504,21.5906,21.6174,22.5891,22.7091,22.9408,23.2784,23.5052,23.6459,23.9634,24.4742,24.9243
1.1328112483279305,-64.5271,-64.527,-64.5265,-64.5265,-64.4871,-64.4871,-64.487,-64.487,-64.4866,-64.4866,-64.4866,-64.4865,-64.4284,-64.4284,-64.4282,-64.4282,-64.341,-64.3409,-10.2505,-10.2483,-8.2473,-8.2359,-6.8592,-6.8508,-1.5538,-1.3904,-1.3107,-0.9927,-0.7975,-0.3653,-0.2558,0.133,0.2182,0.2363,0.6428,0.7509,0.8105,0.8897,1.5484,1.5513,2.1861,2.3349,2.3568,2.4098,2.4558,2.4648,2.5616,2.5645,2.6225,2.623,2.6251,2.6396,2.6606,2.7804,2.7837,2.8111,2.8464,2.8527,2.9233,3.0237,3.2756,3.2884,3.4807,3.486,3.5595,3.9224,4.0159,4.0841,4.4651,4.6124,6.8771,7.1112,8.4276,8.6895,8.7933,9.0441,9.6134,9.802,9.8251,10.709,11.1244,11.6819,11.8095,12.4477,12.8283,13.3702,13.4997,13.6211,13.8498,14.3147,14.9059,15.6207,15.9056,16.1621,16.2515,16.2551,16.7581,17.0204,17.379,17.4764,17.6018,17.8153,17.9089,18.3774,18.4387,18.6367,18.7162,19.2712,19.5036,19.6215,19.9832,20.0685,20.4188,20.5132,20.5679,21.0695,21.2993,21.6167,21.6678,22.5823,22.6964,22.917,23.3026,23.5063,23.7069,24.0043,24.4589,24.8653
1.1426622209512292,-64.5272,-64.527,-64.5265,-64.5265,-64.4872,-64.4871,-64.4871,-64.487,-64.4866,-64.4866,-64.4866,-64.4865,-64.4284,-64.4284,-64.4283,-64.4282,-64.341,-64.3409,-10.249,-10.2469,-8.2451,-8.234,-6.8574,-6.8493,-1.5457,-1.382,-1.3037,-0.9884,-0.79,-0.3664,-0.2647,0.1145,0.2106,0.2353,0.6486,0.7406,0.807,0.8948,1.5444,1.5458,2.1794,2.3279,2.3523,2.4044,2.4524,2.4641,2.565,2.5685,2.6211,2.6214,2.6227,2.6387,2.6589,2.7803,2.782,2.8161,2.85,2.855,2.9174,3.0215,3.2602,3.2903,3.4769,3.4784,3.5544,3.911,4.008,4.0744,4.4456,4.6112,6.8853,7.1209,8.4592,8.6965,8.84,9.0449,9.6642,9.8345,9.8444,10.6996,11.15,11.721,11.8031,12.4367,12.8268,13.3559,13.4747,13.6362,13.8093,14.29,14.8723,15.5757,15.8593,16.1161,16.2491,16.2591,16.7049,17.0473,17.407,17.4815,17.5508,17.873,17.8931,18.3518,18.4254,18.6143,18.728,19.3151,19.5574,19.6028,19.9306,20.0953,20.4163,20.5489,20.6383,21.134,21.3478,21.6446,21.7158,22.5774,22.6828,22.8924,23.3283,23.507,23.7673,24.0459,24.444,24.8059
1.1525131935745279,-64.5271,-64.527,-64.5265,-64.5265,-64.4872,-64.4871,-64.4871,-64.487,-64.4866,-64.4866,-64.4866,-64.4865,-64.4284,-64.4284,-64.4283,-64.4282,-64.341,-64.3409,-10.2475,-10.2455,-8.2429,-8.2321,-6.8554,-6.8477,-1.5372,-1.3732,-1.2963,-0.9839,-0.7822,-0.3677,-0.2743,0.0952,0.2031,0.2342,0.6548,0.7297,0.8034,0.9002,1.5399,1.5401,2.1727,2.3206,2.3479,2.3988,2.4486,2.4632,2.5628,2.5746,2.6185,2.6224,2.6225,2.6379,2.6574,2.7765,2.7836,2.8211,2.8534,2.8574,2.9127,3.0191,3.2447,3.2919,3.4708,3.4728,3.5485,3.896,4.0007,4.0681,4.4259,4.6096,6.8937,7.1308,8.4906,8.7039,8.8881,9.0451,9.7167,9.846,9.8873,10.6909,11.1767,11.7612,11.7971,12.4273,12.8244,13.3405,13.4495,13.6501,13.7686,14.2669,14.8392,15.5305,15.8126,16.07,16.2397,16.2648,16.652,17.0733,17.4337,17.4863,17.4974,17.8822,17.932,18.3101,18.3924,18.6107,18.7584,19.3625,19.5835,19.6118,19.8791,20.124,20.4143,20.5849,20.7095,21.1986,21.3957,21.674,21.7611,22.5746,22.6684,22.8669,23.3556,23.5068,23.8266,24.0854,24.4291,24.7451
1.1623641661978266,-64.5271,-64.527,-64.5265,-64.5265,-64.4872,-64.4871,-64.4871,-64.487,-64.4866,-64.4866,-64.4866,-64.4865,-64.4284,-64.4284,-64.4283,-64.4282,-64.341,-64.3409,-10.246,-10.244,-8.2406,-8.2301,-6.8535,-6.8461,-1.5282,-1.3639,-1.2887,-0.9793,-0.7741,-0.3693,-0.2847,0.0752,0.1957,0.2331,0.6612,0.7184,0.7998,0.9059,1.5337,1.5356,2.1661,2.313,2.3436,2.3931,2.4444,2.4619,2.5583,2.5791,2.6169,2.6225,2.6262,2.6373,2.6561,2.7724,2.7852,2.8261,2.8567,2.8601,2.9091,3.0166,3.2293,3.293,3.4633,3.4684,3.5418,3.8775,3.9938,4.065,4.4061,4.6078,6.9021,7.1408,8.5215,8.7117,8.9372,9.0446,9.7708,9.8597,9.9303,10.6834,11.2044,11.7916,11.8022,12.4198,12.8211,13.324,13.4244,13.6626,13.7277,14.2454,14.8067,15.4851,15.7655,16.0237,16.2269,16.2683,16.5994,17.0981,17.4421,17.4586,17.4894,17.8779,17.992,18.2601,18.346,18.6193,18.8004,19.413,19.5623,19.6664,19.831,20.1544,20.4126,20.6214,20.7815,21.263,21.443,21.7045,21.8034,22.5739,22.6531,22.8408,23.3843,23.506,23.8846,24.1254,24.4142,24.684
1.1722151388211253,-64.5271,-64.527,-64.5265,-64.5265,-64.4872,-64.4871,-64.4871,-64.487,-64.4866,-64.4866,-64.4866,-64.4865,-64.4284,-64.4284,-64.4283,-64.4282,-64.341,-64.3409,-10.2444,-10.2425,-8.2382,-8.228,-6.8514,-6.8445,-1.5189,-1.3542,-1.2808,-0.9745,-0.7657,-0.371,-0.2959,0.0545,0.1886,0.2319,0.6678,0.7065,0.7963,0.9118,1.5272,1.5309,2.1596,2.3053,2.3394,2.3872,2.4397,2.4603,2.5522,2.581,2.6175,2.6226,2.6316,2.6368,2.655,2.768,2.7867,2.8309,2.8599,2.8629,2.9065,3.014,3.214,3.2938,3.4559,3.4637,3.5342,3.8563,3.9874,4.0646,4.3861,4.6057,6.9106,7.1508,8.5516,8.7198,8.9873,9.0435,9.8263,9.8759,9.9732,10.6775,11.2331,11.7865,11.844,12.4141,12.8166,13.3064,13.3993,13.6737,13.6871,14.2261,14.7751,15.4399,15.7182,15.9772,16.2107,16.2695,16.5473,17.1215,17.3853,17.4807,17.4891,17.882,18.0528,18.2074,18.2929,18.6333,18.8493,19.4665,19.5369,19.7206,19.7889,20.1867,20.4114,20.6584,20.8539,21.3271,21.4896,21.7356,21.8426,22.5754,22.637,22.8141,23.4146,23.5044,23.9413,24.1647,24.4002,24.6243
1.182066111444424,-64.5271,-64.527,-64.5266,-64.5265,-64.4872,-64.4871,-64.4871,-64.487,-64.4866,-64.4866,-64.4866,-64.4866,-64.4284,-64.4284,-64.4283,-64.4282,-64.341,-64.3409,-10.2428,-10.2409,-8.2358,-8.2259,-6.8493,-6.8428,-1.5092,-1.3441,-1.2726,-0.9696,-0.757,-0.373,-0.3079,0.0332,0.1816,0.2306,0.6747,0.6941,0.7927,0.9179,1.5203,1.5259,2.1532,2.2975,2.3353,2.381,2.4346,2.4584,2.5452,2.5801,2.6208,2.623,2.6366,2.6382,2.6541,2.7636,2.7882,2.8357,2.8629,2.8659,2.9048,3.0113,3.1989,3.2943,3.4486,3.4585,3.5258,3.8328,3.9815,4.0663,4.3662,4.6032,6.9192,7.161,8.5806,8.7282,9.0378,9.0417,9.8831,9.8948,10.0154,10.6736,11.2626,11.7819,11.8861,12.4103,12.8107,13.2876,13.3745,13.6468,13.6834,14.209,14.7444,15.395,15.6706,15.9305,16.1914,16.2684,16.4959,17.1432,17.3274,17.4844,17.4986,17.8956,18.1144,18.1558,18.2366,18.6493,18.9024,19.5048,19.5228,19.7558,19.7741,20.2209,20.4107,20.6959,20.9267,21.3907,21.5353,21.7672,21.8786,22.5792,22.6203,22.787,23.446,23.5024,23.9964,24.2034,24.3839,24.5605
1.1919170840677227,-64.5271,-64.527,-64.5266,-64.5265,-64.4872,-64.4871,-64.4871,-64.487,-64.4866,-64.4866,-64.4866,-64.4866,-64.4284,-64.4284,-64.4283,-64.4282,-64.341,-64.3409,-10.2412,-10.2393,-8.2333,-8.2237,-6.8471,-6.8411,-1.499,-1.3336,-1.2641,-0.9646,-0.748,-0.3754,-0.3207,0.0113,0.175,0.2292,0.6813,0.6817,0.7893,0.9243,1.5131,1.5207,2.1468,2.2895,2.3313,2.3748,2.4292,2.456,2.5375,2.577,2.6235,2.6261,2.6366,2.6455,2.6535,2.759,2.7897,2.8405,2.8658,2.8692,2.904,3.0084,3.184,3.2944,3.4415,3.4531,3.5167,3.8078,3.9762,4.0697,4.3463,4.6004,6.9277,7.1712,8.6083,8.737,9.0392,9.0886,9.9167,9.941,10.0565,10.6724,11.2928,11.7779,11.9284,12.4086,12.8035,13.2677,13.3501,13.6072,13.6916,14.1946,14.7147,15.3505,15.6229,15.8837,16.1691,16.2648,16.4452,17.1631,17.2685,17.4747,17.5109,17.9191,18.1082,18.1764,18.1788,18.6655,18.9583,19.4647,19.5816,19.7335,19.8263,20.2571,20.4106,20.7339,20.9997,21.4535,21.5802,21.7988,21.9112,22.5851,22.603,22.7598,23.4787,23.4987,24.0497,24.241,24.369,24.4977
1.2017680566910214,-64.5271,-64.527,-64.5266,-64.5265,-64.4872,-64.4871,-64.4871,-64.487,-64.4866,-64.4866,-64.4866,-64.4866,-64.4284,-64.4284,-64.4283,-64.4282,-64.341,-64.3409,-10.2395,-10.2377,-8.2307,-8.2215,-6.8449,-6.8393,-1.4885,-1.3227,-1.2553,-0.9595,-0.7387,-0.378,-0.3342,-0.0111,0.1687,0.2278,0.668,0.6889,0.786,0.9309,1.5056,1.5153,2.1406,2.2815,2.3274,2.3684,2.4233,2.4532,2.5295,2.5724,2.6242,2.6325,2.6369,2.6532,2.6534,2.7546,2.791,2.8451,2.8686,2.8726,2.9038,3.0055,3.1695,3.2941,3.4346,3.4472,3.5069,3.7817,3.9715,4.0743,4.3267,4.5973,6.9363,7.1813,8.6344,8.7462,9.036,9.1392,9.9418,9.9998,10.0962,10.6744,11.3237,11.7745,11.9705,12.4091,12.7946,13.2468,13.3261,13.5685,13.6984,14.1829,14.6861,15.3067,15.5752,15.8367,16.1441,16.2587,16.3953,17.1811,17.209,17.4607,17.5153,17.9518,18.0674,18.1204,18.2387,18.6811,19.0162,19.4171,19.6427,19.7218,19.8767,20.2954,20.4111,20.7724,21.0728,21.5152,21.6242,21.8303,21.9405,22.5855,22.5932,22.7325,23.494,23.5123,24.1007,24.2776,24.3525,24.4345
1.21161902931432,-64.5271,-64.527,-64.5266,-64.5265,-64.4872,-64.4871,-64.4871,-64.487,-64.4866,-64.4866,-64.4866,-64.4866,-64.4284,-64.4284,-64.4283,-64.4282,-64.341,-64.3409,-10.2378,-10.236,-8.2281,-8.2192,-6.8427,-6.8375,-1.4776,-1.3113,-1.2462,-0.9543,-0.7291,-0.3809,-0.3486,-0.0341,0.1627,0.2263,0.6543,0.6962,0.7831,0.9378,1.4977,1.5097,2.1345,2.2735,2.3236,2.3618,2.4172,2.45,2.5214,2.567,2.625,2.6374,2.6395,2.6533,2.6616,2.7502,2.7924,2.8496,2.8711,2.8762,2.9041,3.0024,3.1554,3.2935,3.4279,3.441,3.4966,3.7547,3.9672,4.08,4.3072,4.5939,6.9448,7.1915,8.6586,8.7557,9.0321,9.1891,9.9702,10.0593,10.134,10.6802,11.355,11.7718,12.0122,12.4118,12.784,13.2248,13.3027,13.5311,13.7036,14.1744,14.6588,15.2637,15.5275,15.7896,16.1166,16.25,16.3463,17.1491,17.1969,17.4432,17.51,17.9927,18.0361,18.0618,18.301,18.6957,19.0755,19.3639,19.7059,19.7191,19.9251,20.3358,20.4123,20.8115,21.1456,21.5756,21.6674,21.8612,21.9667,22.5679,22.6033,22.7054,23.4884,23.5468,24.1499,24.3134,24.3362,24.3707
1.22147001848726,-64.5271,-64.527,-64.5266,-64.5265,-64.4872,-64.4871,-64.487,-64.487,-64.4866,-64.4866,-64.4866,-64.4865,-64.4284,-64.4283,-64.4282,-64.4282,-64.341,-64.3409,-10.236,-10.2343,-8.2255,-8.217,-6.8404,-6.8357,-1.4663,-1.2996,-1.237,-0.949,-0.7194,-0.3842,-0.3638,-0.0575,0.1571,0.2247,0.6403,0.7033,0.7806,0.9449,1.4895,1.5038,2.1286,2.2654,2.3199,2.3552,2.4108,2.4463,2.5131,2.561,2.626,2.6382,2.6469,2.6536,2.6701,2.746,2.7937,2.8539,2.8736,2.8801,2.905,2.9993,3.1417,3.2925,3.4213,3.4344,3.4857,3.7273,3.9635,4.0864,4.2881,4.5901,6.9533,7.2016,8.6809,8.7655,9.0275,9.2377,10.0019,10.1194,10.1699,10.6903,11.3866,11.7697,12.0529,12.4168,12.7716,13.2017,13.2799,13.4953,13.7073,14.169,14.6326,15.2217,15.4799,15.7422,16.087,16.2386,16.2983,17.0889,17.2105,17.4232,17.4934,18.0036,18.0158,18.0407,18.363,18.709,19.136,19.3075,19.7238,19.7709,19.9709,20.3785,20.4142,20.8511,21.2179,21.6342,21.7099,21.8914,21.9897,22.5506,22.6152,22.6787,23.4819,23.5816,24.1999,24.309,24.326,24.3488
1.2313209911105587,-64.5271,-64.5269,-64.5266,-64.5265,-64.4872,-64.4871,-64.487,-64.4869,-64.4867,-64.4866,-64.4866,-64.4865,-64.4284,-64.4283,-64.4282,-64.4282,-64.341,-64.3409,-10.2343,-10.2326,-8.2228,-8.2147,-6.8381,-6.8339,-1.4546,-1.2874,-1.2275,-0.9436,-0.7094,-0.3879,-0.3797,-0.0812,0.1519,0.2231,0.6258,0.7101,0.7788,0.9522,1.4809,1.4976,2.1228,2.2574,2.3163,2.3484,2.4042,2.4422,2.5048,2.5546,2.6271,2.6392,2.6543,2.6544,2.6789,2.742,2.7948,2.8582,2.8759,2.8841,2.9064,2.9961,3.1286,3.2911,3.4149,3.4275,3.4745,3.6995,3.9603,4.0935,4.2693,4.586,6.9618,7.2116,8.7011,8.7757,9.0223,9.2846,10.0372,10.1799,10.2038,10.7049,11.4184,11.7683,12.0922,12.4242,12.7573,13.1777,13.258,13.4615,13.7095,14.167,14.6078,15.1811,15.4324,15.6947,16.0554,16.2245,16.2513,17.0287,17.2219,17.4015,17.4656,17.9458,18.0068,18.0947,18.424,18.7209,19.1974,19.2497,19.7343,19.8377,20.0139,20.4169,20.4233,20.8913,21.2894,21.6904,21.7518,21.9205,22.0099,22.5341,22.6288,22.6527,23.4735,23.6166,24.241,24.2439,24.3024,24.3795
1.2411719637338574,-64.5271,-64.5269,-64.5266,-64.5265,-64.4871,-64.487,-64.487,-64.4868,-64.4867,-64.4866,-64.4865,-64.4865,-64.4285,-64.4283,-64.4282,-64.4282,-64.341,-64.3409,-10.2325,-10.2309,-8.2201,-8.2123,-6.8358,-6.832,-1.4426,-1.2749,-1.2177,-0.9383,-0.6993,-0.3963,-0.392,-0.1053,0.1471,0.2213,0.6111,0.7163,0.778,0.9598,1.472,1.4912,2.1171,2.2495,2.3129,2.3416,2.3975,2.4376,2.4966,2.5479,2.6284,2.6405,2.6552,2.662,2.6878,2.7381,2.796,2.8622,2.8781,2.8883,2.908,2.9929,3.1161,3.2894,3.4086,3.4202,3.4629,3.6716,3.9575,4.1011,4.251,4.5816,6.9701,7.2215,8.7192,8.7863,9.0164,9.329,10.076,10.2362,10.2405,10.724,11.4503,11.7675,12.1296,12.4342,12.7412,13.1527,13.2369,13.4302,13.7102,14.1685,14.5843,15.1421,15.3851,15.6471,16.0222,16.2052,16.2076,16.9686,17.231,17.379,17.4277,17.8886,18.008,18.1538,18.4833,18.7314,19.1922,19.2594,19.7497,19.9061,20.054,20.4202,20.47,20.9319,21.3597,21.7438,21.7936,21.9483,22.0274,22.519,22.6277,22.6439,23.4642,23.6516,24.1811,24.2809,24.2869,24.4268
1.2510229363571561,-64.5271,-64.5269,-64.5266,-64.5265,-64.4871,-64.487,-64.487,-64.4868,-64.4867,-64.4867,-64.4866,-64.4866,-64.4285,-64.4283,-64.4282,-64.4282,-64.341,-64.3409,-10.2307,-10.2291,-8.2174,-8.21,-6.8335,-6.8302,-1.4302,-1.262,-1.2078,-0.9329,-0.6889,-0.4136,-0.3965,-0.1296,0.1427,0.2195,0.596,0.7215,0.7786,0.9677,1.4627,1.4846,2.1116,2.2416,2.3095,2.3347,2.3907,2.4326,2.4884,2.5409,2.6297,2.642,2.6565,2.6696,2.6969,2.7345,2.797,2.8659,2.88,2.8928,2.91,2.9896,3.1043,3.2873,3.4025,3.4125,3.4512,3.6437,3.9551,4.1092,4.2331,4.5768,6.9784,7.2313,8.7351,8.7972,9.0098,9.3703,10.1182,10.2676,10.301,10.7476,11.4821,11.7675,12.1646,12.4467,12.7231,13.1267,13.2167,13.4019,13.7095,14.1734,14.5619,15.1049,15.338,15.5993,15.9875,16.1601,16.188,16.9086,17.2379,17.3562,17.3821,17.8323,18.0172,18.2172,18.5394,18.7403,19.1372,19.322,19.7693,19.9758,20.0912,20.4244,20.5183,20.973,21.4282,21.7935,21.8355,21.9746,22.0426,22.5058,22.6038,22.6602,23.4529,23.6855,24.1179,24.2677,24.3198,24.4393
1.2608739089804548,-64.527,-64.5269,-64.5266,-64.5265,-64.4871,-64.487,-64.487,-64.4868,-64.4867,-64.4866,-64.4866,-64.4866,-64.4284,-64.4283,-64.4282,-64.4282,-64.341,-64.3409,-10.2289,-10.2274,-8.2146,-8.2076,-6.8311,-6.8283,-1.4175,-1.2487,-1.1978,-0.9276,-0.6785,-0.4316,-0.4016,-0.1541,0.1387,0.2176,0.5807,0.7252,0.7811,0.9757,1.4531,1.4778,2.1063,2.2339,2.3062,2.3278,2.3838,2.4272,2.4804,2.5338,2.6312,2.6437,2.658,2.6771,2.7062,2.7311,2.798,2.8694,2.8819,2.8973,2.9123,2.9863,3.0932,3.2847,3.3966,3.4045,3.4395,3.6159,3.953,4.1177,4.2157,4.5717,6.9865,7.241,8.7489,8.8086,9.0027,9.4076,10.1637,10.299,10.3613,10.775,11.5136,11.7682,12.1964,12.462,12.7032,13.0999,13.1976,13.3772,13.7074,14.1819,14.5407,15.0701,15.2912,15.5515,15.9515,16.1158,16.1657,16.8491,17.2428,17.3308,17.3334,17.7769,18.0324,18.2842,18.5899,18.7478,19.0875,19.3851,19.7924,20.0467,20.1255,20.4293,20.5678,21.0144,21.4942,21.8386,21.8782,21.9988,22.0557,22.4956,22.5816,22.6775,23.4413,23.7187,24.0561,24.2494,24.357,24.4665
1.2707248816037724,-64.5271,-64.5269,-64.5267,-64.5266,-64.4871,-64.487,-64.487,-64.4869,-64.4867,-64.4867,-64.4867,-64.4867,-64.4285,-64.4283,-64.4283,-64.4282,-64.341,-64.3409,-10.2271,-10.2257,-8.2119,-8.2053,-6.8288,-6.8265,-1.4044,-1.2351,-1.1875,-0.9222,-0.6679,-0.4501,-0.4072,-0.1787,0.1351,0.2156,0.5651,0.7273,0.7857,0.984,1.443,1.4707,2.1011,2.2263,2.3031,2.3209,2.377,2.4215,2.4725,2.5265,2.6327,2.6456,2.6598,2.6846,2.7155,2.7279,2.7989,2.8725,2.8836,2.9021,2.9148,2.983,3.0829,3.2815,3.3909,3.3962,3.4278,3.5883,3.9513,4.1265,4.1988,4.5662,6.9945,7.2505,8.7606,8.8202,8.9951,9.4404,10.2124,10.3316,10.4211,10.8055,11.5446,11.7695,12.2246,12.48,12.6816,13.0723,13.1795,13.3565,13.7039,14.1939,14.5204,15.0381,15.2448,15.5037,15.9144,16.0724,16.1406,16.79,17.2455,17.2756,17.3112,17.7226,18.0519,18.3545,18.6303,18.7538,19.0479,19.4485,19.8186,20.1187,20.157,20.435,20.6179,21.056,21.5568,21.8782,21.9225,22.0209,22.0669,22.4893,22.5614,22.6956,23.4271,23.7506,23.9938,24.2297,24.394,24.5337
1.280575854227071,-64.5271,-64.5269,-64.5267,-64.5266,-64.4871,-64.487,-64.487,-64.4869,-64.4867,-64.4867,-64.4867,-64.4867,-64.4285,-64.4283,-64.4283,-64.4282,-64.341,-64.3409,-10.2254,-10.2239,-8.2092,-8.2029,-6.8265,-6.8246,-1.3909,-1.221,-1.1772,-0.917,-0.6573,-0.4692,-0.4134,-0.2032,0.132,0.2135,0.5495,0.7278,0.7923,0.9926,1.4326,1.4633,2.0961,2.2189,2.3,2.314,2.3702,2.4154,2.4647,2.519,2.6344,2.6477,2.6619,2.692,2.7249,2.7249,2.7998,2.8753,2.8851,2.907,2.9175,2.9798,3.0735,3.2779,3.3852,3.3876,3.4163,3.561,3.95,4.1356,4.1826,4.5605,7.0023,7.2598,8.7705,8.8323,8.9869,9.468,10.2642,10.3662,10.4801,10.8385,11.575,11.7715,12.2483,12.5008,12.6584,13.0439,13.1624,13.3406,13.6991,14.2094,14.5008,15.0094,15.1988,15.4561,15.8764,16.0297,16.1128,16.7315,17.218,17.2464,17.2896,17.6695,18.0742,18.4275,18.6538,18.7583,19.0254,19.5121,19.8474,20.1859,20.1917,20.4414,20.6682,21.0975,21.6153,21.9113,21.9692,22.0406,22.0766,22.4877,22.5435,22.7144,23.4125,23.7807,23.9362,24.2082,24.4325,24.5102
1.2904268268503698,-64.527,-64.5269,-64.5267,-64.5266,-64.4871,-64.487,-64.487,-64.4869,-64.4867,-64.4867,-64.4867,-64.4867,-64.4284,-64.4283,-64.4283,-64.4282,-64.341,-64.3409,-10.2236,-10.2222,-8.2064,-8.2006,-6.8241,-6.8228,-1.3772,-1.2066,-1.1667,-0.9118,-0.6466,-0.4887,-0.4203,-0.2275,0.1292,0.2113,0.5337,0.7272,0.8005,1.0013,1.4219,1.4557,2.0912,2.2117,2.2971,2.3071,2.3635,2.409,2.4572,2.5115,2.6361,2.6499,2.6641,2.6993,2.7222,2.7344,2.8006,2.8776,2.8865,2.912,2.9204,2.9767,3.0651,3.2738,3.3787,3.3798,3.4052,3.5341,3.9489,4.145,4.167,4.5545,7.01,7.2688,8.7786,8.8447,8.9783,9.4902,10.3187,10.4037,10.5381,10.8733,11.6046,11.7743,12.2671,12.5245,12.6339,13.0147,13.1465,13.3299,13.6931,14.2282,14.4816,14.9846,15.1534,15.4086,15.8377,15.9877,16.0824,16.6738,17.1588,17.2455,17.2689,17.6177,18.0985,18.5027,18.6539,18.7615,19.0265,19.5759,19.8783,20.2123,20.2655,20.4486,20.7179,21.1388,21.6688,21.9372,22.0191,22.0575,22.0849,22.4915,22.5282,22.7335,23.3964,23.8066,23.8749,24.184,24.4427,24.5322
1.3002777994736685,-64.527,-64.5269,-64.5267,-64.5266,-64.4871,-64.487,-64.487,-64.4869,-64.4867,-64.4867,-64.4867,-64.4867,-64.4284,-64.4283,-64.4283,-64.4282,-64.341,-64.3409,-10.2218,-10.2205,-8.2037,-8.1983,-6.8218,-6.821,-1.3631,-1.1919,-1.1562,-0.9067,-0.6359,-0.5086,-0.428,-0.2515,0.1268,0.2091,0.5179,0.7258,0.81,1.0103,1.4108,1.4478,2.0866,2.2047,2.2943,2.3004,2.357,2.4024,2.4499,2.5039,2.6379,2.6522,2.6666,2.7065,2.7196,2.7439,2.8014,2.8793,2.8877,2.9171,2.9234,2.9736,3.0578,3.2689,3.3695,3.3744,3.3945,3.5076,3.9481,4.1519,4.1547,4.5481,7.0174,7.2777,8.785,8.8575,8.9693,9.5069,10.3757,10.4446,10.595,10.909,11.6331,11.7777,12.2803,12.5512,12.6083,12.9849,13.1315,13.3248,13.686,14.2503,14.4624,14.9643,15.1085,15.3614,15.7983,15.9462,16.0494,16.6168,17.0988,17.243,17.2492,17.5673,18.1241,18.58,18.631,18.7633,19.0511,19.6399,19.911,20.2364,20.3399,20.4565,20.7665,21.1795,21.7168,21.9556,22.0716,22.0727,22.0921,22.5011,22.5157,22.7531,23.3788,23.819,23.8308,24.1622,24.4652,24.562
1.3101287720969672,-64.527,-64.5269,-64.5267,-64.5266,-64.4871,-64.487,-64.487,-64.4869,-64.4867,-64.4867,-64.4867,-64.4866,-64.4284,-64.4283,-64.4282,-64.4282,-64.341,-64.3409,-10.2201,-10.2188,-8.2011,-8.196,-6.8196,-6.8192,-1.3487,-1.1768,-1.1455,-0.9018,-0.6252,-0.5289,-0.4366,-0.2749,0.1248,0.2067,0.5021,0.7239,0.8204,1.0195,1.3993,1.4398,2.0822,2.198,2.2917,2.2938,2.3506,2.3956,2.4429,2.4963,2.6398,2.6547,2.6692,2.7135,2.7172,2.7535,2.8021,2.8805,2.8888,2.9224,2.9266,2.9707,3.0516,3.2634,3.3601,3.3692,3.3844,3.4817,3.9475,4.1376,4.1645,4.5415,7.0247,7.2863,8.7901,8.8707,8.96,9.518,10.435,10.4892,10.6503,10.9452,11.6605,11.7818,12.2878,12.5809,12.5819,12.9546,13.1176,13.3257,13.6777,14.2754,14.4429,14.949,15.0642,15.3147,15.7583,15.9051,16.0139,16.5609,17.0385,17.2307,17.2392,17.5184,18.1504,18.5919,18.6589,18.7638,19.0924,19.7038,19.945,20.2583,20.4148,20.4651,20.8132,21.2192,21.7593,21.9669,22.0828,22.0982,22.1303,22.5062,22.5158,22.773,23.3603,23.7617,23.8515,24.1406,24.4962,24.5651
1.3199797612699071,-64.527,-64.5269,-64.5267,-64.5266,-64.4871,-64.487,-64.487,-64.4869,-64.4867,-64.4867,-64.4867,-64.4867,-64.4284,-64.4283,-64.4282,-64.4282,-64.341,-64.3408,-10.2184,-10.2172,-8.1985,-8.1937,-6.8174,-6.8173,-1.334,-1.1614,-1.1349,-0.8971,-0.6146,-0.5494,-0.4464,-0.2975,0.1232,0.2043,0.4864,0.7218,0.8316,1.0289,1.3874,1.4314,2.0779,2.1915,2.2873,2.2891,2.3444,2.3887,2.4361,2.4887,2.6417,2.6572,2.6719,2.715,2.7205,2.763,2.8027,2.881,2.8897,2.9277,2.93,2.968,3.0467,3.2573,3.3505,3.3641,3.375,3.4562,3.9472,4.1239,4.1746,4.5346,7.0317,7.2946,8.7938,8.8843,8.9504,9.5239,10.4963,10.5373,10.704,10.9813,11.6864,11.7865,12.2895,12.5549,12.6134,12.9237,13.1047,13.3325,13.6685,14.3035,14.4228,14.9394,15.0207,15.2685,15.718,15.8644,15.976,16.5059,16.9782,17.2134,17.2341,17.4711,18.1771,18.5435,18.7391,18.7632,19.1435,19.7677,19.9798,20.2781,20.4744,20.4902,20.8574,21.2573,21.7966,21.972,22.0915,22.1035,22.1916,22.4998,22.5345,22.7932,23.3404,23.7111,23.8669,24.1109,24.5351,24.5977
1.3298307338932058,-64.527,-64.5269,-64.5268,-64.5266,-64.4871,-64.487,-64.487,-64.4869,-64.4868,-64.4868,-64.4867,-64.4867,-64.4284,-64.4283,-64.4283,-64.4282,-64.341,-64.3409,-10.2167,-10.2155,-8.1959,-8.1915,-6.8157,-6.8151,-1.319,-1.1457,-1.1243,-0.8926,-0.604,-0.5701,-0.4576,-0.3191,0.1219,0.2018,0.4708,0.7196,0.8434,1.0386,1.3752,1.4228,2.0739,2.1853,2.281,2.2867,2.3385,2.3816,2.4296,2.4811,2.6437,2.6597,2.6747,2.7129,2.7272,2.7723,2.8033,2.8808,2.8905,2.9331,2.9334,2.9653,3.0429,3.2503,3.3407,3.359,3.3663,3.4314,3.947,4.1108,4.1847,4.5275,7.0385,7.3027,8.7965,8.8983,8.9406,9.525,10.5593,10.5886,10.7556,11.0172,11.7106,11.7919,12.2853,12.5279,12.6489,12.8923,13.0928,13.345,13.6584,14.3342,14.4019,14.9359,14.9781,15.223,15.6774,15.824,15.936,16.452,16.9181,17.1974,17.228,17.4254,18.204,18.4902,18.7614,18.8203,19.2003,19.8315,20.015,20.2959,20.4844,20.5658,20.8983,21.2932,21.8298,21.9726,22.098,22.1081,22.2561,22.4958,22.5556,22.8135,23.3199,23.662,23.8787,24.0835,24.5174,24.6206
1.3396817065165045,-64.527,-64.5269,-64.5268,-64.5267,-64.4871,-64.487,-64.487,-64.4869,-64.4868,-64.4868,-64.4867,-64.4867,-64.4284,-64.4283,-64.4283,-64.4282,-64.341,-64.3409,-10.2151,-10.214,-8.1934,-8.1894,-6.814,-6.813,-1.3037,-1.1297,-1.1137,-0.8885,-0.5937,-0.5909,-0.4702,-0.3393,0.1209,0.1992,0.4555,0.7173,0.8558,1.0484,1.3627,1.414,2.07,2.1794,2.2749,2.2843,2.3327,2.3746,2.4234,2.4736,2.6458,2.6622,2.6776,2.7111,2.7339,2.7816,2.8038,2.88,2.8913,2.937,2.9385,2.9629,3.0405,3.2428,3.3307,3.3541,3.3583,3.4073,3.947,4.0984,4.1951,4.5201,7.0451,7.3104,8.7983,8.9127,8.9306,9.5219,10.6237,10.6425,10.8051,11.0525,11.7327,11.7979,12.2758,12.501,12.6871,12.8606,13.0818,13.3628,13.6475,14.3675,14.3801,14.9365,14.9387,15.1783,15.6365,15.7837,15.8939,16.3994,16.8585,17.1827,17.2211,17.3815,18.2309,18.4345,18.7585,18.9022,19.2601,19.8949,20.0502,20.3118,20.495,20.6416,20.9352,21.326,21.8598,21.9703,22.1028,22.1119,22.3226,22.4941,22.5772,22.8339,23.3001,23.6178,23.8851,24.0573,24.5379,24.5782
1.3495326791398032,-64.527,-64.5269,-64.5267,-64.5267,-64.4871,-64.487,-64.4869,-64.4868,-64.4868,-64.4868,-64.4867,-64.4867,-64.4284,-64.4284,-64.4283,-64.4282,-64.341,-64.3409,-10.2135,-10.2124,-8.1909,-8.1873,-6.8124,-6.8109,-1.2881,-1.1133,-1.1032,-0.8847,-0.6116,-0.5835,-0.4846,-0.358,0.1203,0.1965,0.4405,0.715,0.8686,1.0584,1.3498,1.4049,2.0664,2.1738,2.269,2.2821,2.3273,2.3675,2.4176,2.4661,2.6479,2.6648,2.6805,2.7094,2.7404,2.7906,2.8044,2.8785,2.892,2.9407,2.9438,2.9607,3.0393,3.2345,3.3207,3.3493,3.3512,3.3839,3.9473,4.0867,4.2055,4.5124,7.0513,7.3179,8.7993,8.9206,8.9275,9.5152,10.6892,10.6982,10.8522,11.0874,11.7526,11.8045,12.2613,12.4749,12.7279,12.8285,13.0716,13.3854,13.636,14.3576,14.403,14.8959,14.948,15.1346,15.5955,15.7436,15.8501,16.348,16.7994,17.1694,17.2137,17.3395,18.2576,18.3777,18.7546,18.9845,19.3215,19.958,20.085,20.3257,20.5062,20.7174,20.9672,21.3551,21.8877,21.9665,22.1067,22.1152,22.3907,22.4941,22.5973,22.8544,23.2775,23.5775,23.8867,24.0266,24.5005,24.5382
1.359383651763102,-64.527,-64.5269,-64.5267,-64.5267,-64.4871,-64.487,-64.4869,-64.4869,-64.4868,-64.4868,-64.4867,-64.4867,-64.4284,-64.4283,-64.4283,-64.4282,-64.341,-64.3409,-10.212,-10.2109,-8.1885,-8.1853,-6.8109,-6.8089,-1.2723,-1.0967,-1.0928,-0.8814,-0.6321,-0.5736,-0.5009,-0.3748,0.12,0.1937,0.4258,0.7128,0.8818,1.0686,1.3366,1.3956,2.0629,2.1686,2.2634,2.2801,2.3221,2.3605,2.4121,2.4587,2.65,2.6672,2.6835,2.708,2.7468,2.7992,2.8049,2.8764,2.8928,2.9445,2.9492,2.9587,3.0392,3.2258,3.3106,3.3445,3.3448,3.3613,3.9477,4.0756,4.2161,4.5046,7.0573,7.325,8.7996,8.9105,8.9427,9.5053,10.7549,10.7554,10.8967,11.1217,11.7698,11.8116,12.2425,12.4498,12.7711,12.7963,13.0624,13.4119,13.624,14.3345,14.4405,14.8567,14.9636,15.092,15.5546,15.7037,15.8047,16.2979,16.7408,17.1575,17.2058,17.2994,18.2839,18.3209,18.7498,19.0669,19.3838,20.0206,20.119,20.3378,20.5182,20.7931,20.9937,21.3793,21.9146,21.9629,22.1103,22.118,22.4594,22.4954,22.6143,22.8749,23.2569,23.5457,23.8992,24.0019,24.5014,24.5479
1.3692346243864006,-64.527,-64.5269,-64.5267,-64.5267,-64.4871,-64.487,-64.4869,-64.4869,-64.4868,-64.4868,-64.4867,-64.4866,-64.4284,-64.4283,-64.4282,-64.4281,-64.341,-64.3409,-10.2105,-10.2095,-8.1862,-8.1833,-6.8093,-6.8069,-1.2562,-1.0826,-1.0798,-0.8788,-0.6523,-0.564,-0.5189,-0.3898,0.12,0.1909,0.4116,0.7107,0.8955,1.079,1.3231,1.3861,2.0597,2.1636,2.2581,2.2782,2.3172,2.3536,2.4069,2.4515,2.6522,2.6696,2.6864,2.7067,2.753,2.8054,2.8074,2.8738,2.8937,2.9483,2.9544,2.9569,3.0402,3.2166,3.3005,3.339,3.3395,3.3398,3.9482,4.0651,4.2267,4.4965,7.0629,7.3317,8.7995,8.9005,8.9582,9.4929,10.8117,10.8221,10.9383,11.156,11.7839,11.8193,12.22,12.4264,12.7639,12.8164,13.0539,13.4416,13.6115,14.3113,14.4797,14.8187,14.9855,15.0507,15.5136,15.6639,15.758,16.2492,16.6829,17.1469,17.1978,17.2613,18.2645,18.3099,18.7441,19.149,19.4461,20.0824,20.1519,20.3479,20.5309,20.8685,21.0137,21.398,21.9412,21.9606,22.1144,22.1203,22.497,22.5277,22.6262,22.8956,23.2382,23.5207,23.8722,23.9624,24.455,24.5494
1.3790855970096993,-64.527,-64.5269,-64.5268,-64.5267,-64.4871,-64.487,-64.4869,-64.4869,-64.4869,-64.4869,-64.4867,-64.4867,-64.4284,-64.4283,-64.4282,-64.4281,-64.341,-64.3409,-10.2091,-10.2081,-8.184,-8.1815,-6.8079,-6.8051,-1.2399,-1.0726,-1.0626,-0.877,-0.6719,-0.5547,-0.5385,-0.4031,0.1203,0.188,0.398,0.7088,0.9094,1.0896,1.3092,1.3763,2.0567,2.1589,2.253,2.2764,2.3125,2.3469,2.4022,2.4445,2.6543,2.6718,2.6892,2.7056,2.759,2.8058,2.815,2.8708,2.895,2.9522,2.9554,2.9596,3.0422,3.2071,3.2904,3.3186,3.3339,3.3352,3.949,4.0553,4.2374,4.4882,7.0682,7.3381,8.799,8.8906,8.9742,9.4782,10.8673,10.889,10.977,11.1907,11.7946,11.8274,12.1943,12.4051,12.7315,12.8636,13.0462,13.4736,13.5989,14.2885,14.5203,14.7824,15.0109,15.0132,15.4729,15.6244,15.7105,16.2018,16.6257,17.1377,17.1898,17.2252,18.2091,18.3353,18.7376,19.2306,19.508,20.1431,20.1835,20.3562,20.5445,20.9436,21.0268,21.4103,21.9607,21.968,22.1195,22.1222,22.4985,22.5947,22.6321,22.9164,23.2222,23.5063,23.8582,23.9341,24.4426,24.531
1.3889365696329983,-64.527,-64.5269,-64.5267,-64.5267,-64.4871,-64.487,-64.4869,-64.4869,-64.4868,-64.4868,-64.4867,-64.4866,-64.4284,-64.4283,-64.4282,-64.4281,-64.341,-64.3409,-10.2077,-10.2068,-8.1819,-8.1797,-6.8065,-6.8033,-1.2233,-1.0628,-1.0452,-0.8761,-0.6906,-0.5594,-0.5459,-0.415,0.1208,0.185,0.3849,0.707,0.9237,1.1003,1.2951,1.3664,2.0539,2.1546,2.2484,2.2747,2.3082,2.3403,2.3978,2.4377,2.6565,2.6738,2.692,2.7048,2.7649,2.8062,2.8216,2.8676,2.8969,2.9542,2.9562,2.9645,3.0451,3.1974,3.2805,3.2986,3.3294,3.3308,3.9499,4.046,4.2481,4.4798,7.0732,7.344,8.7983,8.8809,8.9906,9.4619,10.9205,10.9556,11.0126,11.2265,11.8014,11.836,12.1661,12.3864,12.6992,12.9121,13.0393,13.5069,13.5863,14.2668,14.562,14.7477,14.9727,15.0463,15.4323,15.5852,15.6624,16.1558,16.5691,17.1299,17.1819,17.1913,18.155,18.3602,18.7304,19.3111,19.5691,20.2024,20.2136,20.3626,20.5593,21.018,21.0325,21.4159,21.9639,21.995,22.1236,22.1263,22.4997,22.6312,22.6592,22.9371,23.2071,23.4982,23.8433,23.9009,24.3864,24.5138
1.398787542256297,-64.5271,-64.5269,-64.5267,-64.5267,-64.4872,-64.487,-64.487,-64.4869,-64.4869,-64.4868,-64.4867,-64.4867,-64.4284,-64.4283,-64.4282,-64.4282,-64.341,-64.3409,-10.2064,-10.2056,-8.18,-8.178,-6.8052,-6.8016,-1.2065,-1.0534,-1.0275,-0.8767,-0.7083,-0.5812,-0.5375,-0.4256,0.1216,0.1819,0.3726,0.7053,0.9383,1.1112,1.2807,1.3562,2.0513,2.1506,2.244,2.2731,2.3043,2.334,2.3938,2.4311,2.6586,2.6756,2.6946,2.7042,2.7706,2.8066,2.8271,2.8642,2.8994,2.9531,2.9602,2.9691,3.0487,3.1876,3.2706,3.2796,3.3254,3.3264,3.9509,4.0373,4.2588,4.4712,7.0778,7.3496,8.7975,8.8715,9.0073,9.444,10.97,11.0217,11.045,11.2642,11.8041,11.845,12.1358,12.3708,12.6671,12.9615,13.033,13.5403,13.5739,14.2471,14.6044,14.715,14.9363,15.0844,15.3921,15.5464,15.6143,16.1112,16.5132,17.1233,17.1596,17.1745,18.1026,18.3844,18.7226,19.3903,19.6287,20.2423,20.2596,20.3672,20.5757,21.0306,21.0918,21.4145,21.9706,22.0218,22.1246,22.1352,22.4997,22.623,22.7194,22.9578,23.2029,23.504,23.8246,23.8712,24.3663,24.4692
1.4086385148795957,-64.527,-64.5269,-64.5267,-64.5267,-64.487,-64.487,-64.4869,-64.4869,-64.4869,-64.4868,-64.4867,-64.4867,-64.4284,-64.4283,-64.4282,-64.4282,-64.341,-64.3409,-10.2053,-10.2044,-8.1781,-8.1764,-6.804,-6.8,-1.1896,-1.0443,-1.0096,-0.8789,-0.7244,-0.6037,-0.5296,-0.4351,0.1227,0.1788,0.3611,0.7038,0.9531,1.1222,1.266,1.3458,2.0489,2.1469,2.24,2.2717,2.3007,2.3279,2.3903,2.4249,2.6608,2.6771,2.6972,2.7038,2.7761,2.807,2.8314,2.8607,2.9029,2.9523,2.9643,2.9734,3.0531,3.1778,3.2609,3.2618,3.3218,3.3222,3.9521,4.0292,4.2695,4.4624,7.0821,7.3547,8.7966,8.8624,9.0245,9.4251,11.0146,11.0741,11.0868,11.3046,11.8023,11.8544,12.1038,12.3586,12.6353,13.0112,13.0275,13.5622,13.5726,14.2301,14.6473,14.6844,14.9019,15.1268,15.3524,15.5084,15.5669,16.068,16.458,17.1181,17.1303,17.1676,18.0521,18.408,18.7141,19.4677,19.6863,20.2696,20.3139,20.3699,20.5945,21.021,21.1645,21.4062,21.981,22.0475,22.1251,22.1463,22.4985,22.6084,22.7736,22.9784,23.2005,23.5143,23.7861,23.8319,24.3395,24.4481
1.4184894875028946,-64.527,-64.5269,-64.5267,-64.5267,-64.487,-64.4869,-64.4869,-64.4869,-64.4869,-64.4868,-64.4867,-64.4867,-64.4284,-64.4283,-64.4282,-64.4282,-64.341,-64.3409,-10.2041,-10.2033,-8.1764,-8.175,-6.8029,-6.7986,-1.1724,-1.0357,-0.9915,-0.8832,-0.7384,-0.6266,-0.5223,-0.4436,0.1241,0.1756,0.3504,0.7024,0.9682,1.1333,1.2511,1.3353,2.0468,2.1436,2.2363,2.2704,2.2975,2.3222,2.3873,2.4189,2.6628,2.6782,2.6995,2.7037,2.7815,2.8073,2.8343,2.8572,2.9075,2.9516,2.9683,2.9772,3.0579,3.1681,3.2452,3.2515,3.3181,3.3186,3.9535,4.0217,4.2801,4.4536,7.086,7.3595,8.7957,8.8536,9.042,9.4053,11.0534,11.0999,11.1505,11.3481,11.7961,11.864,12.0706,12.3499,12.604,13.0226,13.0604,13.5515,13.6023,14.2171,14.6561,14.6901,14.8697,15.1724,15.3131,15.4713,15.5213,16.0262,16.4035,17.1032,17.1141,17.1614,18.0039,18.4309,18.705,19.5427,19.7412,20.2961,20.364,20.3708,20.6167,21.0042,21.2361,21.3913,21.9952,22.071,22.1251,22.1599,22.4956,22.5878,22.8199,22.9989,23.2093,23.534,23.7538,23.8026,24.305,24.3862
1.4283404766758343,-64.527,-64.5269,-64.5268,-64.5267,-64.487,-64.487,-64.4869,-64.4869,-64.4869,-64.4868,-64.4868,-64.4867,-64.4284,-64.4283,-64.4282,-64.4282,-64.341,-64.3409,-10.2031,-10.2024,-8.1748,-8.1736,-6.8019,-6.7972,-1.155,-1.0276,-0.9732,-0.89,-0.7502,-0.6497,-0.5155,-0.4514,0.1256,0.1724,0.3407,0.7013,0.9835,1.1445,1.2359,1.3246,2.0449,2.1406,2.233,2.2692,2.2947,2.3168,2.3846,2.4132,2.6649,2.6791,2.7017,2.7039,2.7866,2.8076,2.836,2.8538,2.9129,2.9511,2.9723,2.9803,3.0633,3.1586,3.2299,3.2424,3.3142,3.3158,3.9551,4.0146,4.2907,4.4446,7.0894,7.3637,8.795,8.8453,9.0599,9.3848,11.086,11.1225,11.2125,11.3945,11.7855,11.8738,12.0364,12.3447,12.5734,13.0183,13.1083,13.5423,13.628,14.2089,14.6303,14.7326,14.8399,15.2196,15.2746,15.4354,15.4793,15.9856,16.3498,17.0786,17.1112,17.1559,17.9583,18.4531,18.6953,19.6148,19.7925,20.3223,20.37,20.4084,20.6437,20.9804,21.306,21.3705,22.0129,22.0908,22.1246,22.1759,22.4909,22.5624,22.8574,23.0192,23.2305,23.5589,23.7223,23.7681,24.2805,24.3789
1.438191449299133,-64.527,-64.5269,-64.5268,-64.5267,-64.487,-64.487,-64.4869,-64.4869,-64.4869,-64.4868,-64.4868,-64.4867,-64.4284,-64.4284,-64.4282,-64.4282,-64.341,-64.3409,-10.2022,-10.2015,-8.1733,-8.1724,-6.801,-6.796,-1.1375,-1.0201,-0.9547,-0.8994,-0.7594,-0.6728,-0.5095,-0.4584,0.1274,0.1691,0.3319,0.7003,0.9989,1.1558,1.2206,1.3138,2.0432,2.138,2.23,2.2682,2.2923,2.3117,2.3825,2.4078,2.6668,2.6796,2.7036,2.7043,2.7916,2.808,2.8364,2.8506,2.9191,2.9508,2.9762,2.9828,3.0689,3.1494,3.2161,3.2338,3.3106,3.3133,3.9568,4.0081,4.3012,4.4355,7.0925,7.3676,8.7945,8.8375,9.0781,9.3639,11.1129,11.1417,11.2723,11.4432,11.7708,11.8837,12.0016,12.3429,12.5436,13.0147,13.1538,13.5353,13.648,14.2065,14.6072,14.7744,14.8127,15.2367,15.264,15.401,15.4458,15.9464,16.2971,17.0565,17.1096,17.1512,17.9158,18.4744,18.6852,19.6833,19.8393,20.3491,20.3678,20.4458,20.6766,20.9503,21.3417,21.3761,22.0339,22.1055,22.1234,22.194,22.4842,22.5334,22.8874,23.0391,23.2605,23.5908,23.6811,23.7437,24.2491,24.3172
1.4480424219224317,-64.527,-64.5269,-64.5268,-64.5267,-64.4871,-64.487,-64.4869,-64.4869,-64.4869,-64.4868,-64.4868,-64.4867,-64.4284,-64.4284,-64.4282,-64.4282,-64.341,-64.3409,-10.2014,-10.2007,-8.1721,-8.1714,-6.8001,-6.795,-1.1198,-1.0132,-0.9361,-0.9112,-0.7661,-0.6957,-0.5041,-0.4646,0.1295,0.1658,0.3243,0.6994,1.0146,1.1671,1.2051,1.3029,2.0417,2.1357,2.2274,2.2673,2.2904,2.3071,2.3809,2.4029,2.6687,2.6798,2.7048,2.7053,2.7964,2.8083,2.8359,2.8476,2.9258,2.9507,2.98,2.9843,3.0748,3.1407,3.2039,3.2256,3.3072,3.3111,3.9588,4.002,4.3117,4.4263,7.0951,7.3709,8.7942,8.8302,9.0967,9.3426,11.1346,11.1577,11.3295,11.4931,11.7525,11.8935,11.9664,12.344,12.515,13.0116,13.1955,13.5316,13.6614,14.2102,14.587,14.7884,14.815,15.1999,15.2933,15.3685,15.433,15.9086,16.2455,17.037,17.1091,17.1472,17.8768,18.495,18.6745,19.7474,19.8804,20.3644,20.3776,20.4755,20.716,20.9144,21.3102,21.4414,22.0582,22.1141,22.1219,22.2144,22.4761,22.5023,22.9128,23.0601,23.3007,23.6453,23.6472,23.7437,24.2515,24.3013
1.4578933945457304,-64.527,-64.5269,-64.5268,-64.5267,-64.4871,-64.4869,-64.4869,-64.4869,-64.4869,-64.4869,-64.4868,-64.4867,-64.4284,-64.4283,-64.4282,-64.4282,-64.341,-64.3409,-10.2007,-10.2,-8.171,-8.1705,-6.7994,-6.794,-1.1019,-1.0071,-0.9252,-0.9174,-0.7708,-0.7184,-0.4994,-0.4701,0.1317,0.1625,0.3177,0.6987,1.0304,1.1785,1.1895,1.2918,2.0405,2.1338,2.2252,2.2666,2.289,2.3029,2.3797,2.3983,2.6704,2.6798,2.7055,2.7067,2.8009,2.8086,2.8346,2.845,2.9328,2.9506,2.9835,2.9848,3.0808,3.1325,3.1935,3.2181,3.3042,3.3093,3.9609,3.9964,4.3219,4.4171,7.0974,7.3737,8.7943,8.8236,9.1157,9.3212,11.1518,11.1706,11.3836,11.543,11.7311,11.9029,11.931,12.3476,12.4879,13.009,13.2317,13.5322,13.6674,14.2195,14.5699,14.7672,14.854,15.1641,15.2929,15.3384,15.4563,15.872,16.1954,17.0202,17.1096,17.1439,17.842,18.5147,18.6634,19.8062,19.9148,20.3601,20.4087,20.4981,20.7611,20.8734,21.2731,21.5041,22.0853,22.1158,22.1191,22.2357,22.4641,22.4679,22.935,23.0776,23.3319,23.6023,23.6702,23.7162,24.19,24.2821
1.4677443671690291,-64.527,-64.5269,-64.5268,-64.5267,-64.4871,-64.4869,-64.4869,-64.4869,-64.4869,-64.4869,-64.4868,-64.4867,-64.4284,-64.4284,-64.4283,-64.4282,-64.341,-64.3409,-10.2001,-10.1994,-8.17,-8.1697,-6.7989,-6.7932,-1.084,-1.0019,-0.9408,-0.8985,-0.7738,-0.7407,-0.4954,-0.4749,0.1342,0.1592,0.3124,0.6981,1.0462,1.1737,1.19,1.2807,2.0395,2.1322,2.2234,2.266,2.288,2.2992,2.3791,2.3942,2.672,2.6796,2.7061,2.7078,2.805,2.8092,2.8327,2.8428,2.9397,2.951,2.9841,2.9868,3.0867,3.125,3.185,3.2114,3.3015,3.3078,3.9632,3.9912,4.3321,4.4079,7.0992,7.3761,8.7947,8.8176,9.135,9.2997,11.1653,11.1805,11.4341,11.5918,11.707,11.8957,11.9117,12.3534,12.4627,13.007,13.2611,13.5382,13.6663,14.233,14.5561,14.7494,14.891,15.1296,15.2744,15.311,15.5043,15.8368,16.1473,17.0061,17.1112,17.1411,17.8117,18.5335,18.6517,19.8585,19.9418,20.3555,20.4434,20.5146,20.8106,20.8279,21.2315,21.5626,22.1114,22.1151,22.1155,22.258,22.4329,22.4508,22.9569,23.0947,23.3609,23.5617,23.7187,23.7255,24.1479,24.1919
1.4775953397923467,-64.527,-64.5269,-64.5268,-64.5267,-64.487,-64.4869,-64.4869,-64.4869,-64.4869,-64.4868,-64.4868,-64.4867,-64.4284,-64.4283,-64.4282,-64.4282,-64.341,-64.3409,-10.1997,-10.199,-8.1693,-8.1691,-6.7984,-6.7926,-1.0659,-0.9975,-0.9575,-0.8796,-0.7757,-0.7624,-0.4921,-0.4789,0.1368,0.1558,0.3082,0.6977,1.0622,1.1579,1.2014,1.2694,2.0387,2.131,2.222,2.2655,2.2875,2.2959,2.3791,2.3905,2.6735,2.6792,2.7069,2.7086,2.8077,2.8109,2.8304,2.841,2.9455,2.9524,2.9821,2.9896,3.0923,3.1183,3.1785,3.2057,3.2993,3.3066,3.9658,3.9865,4.3421,4.3986,7.1006,7.378,8.7956,8.8123,9.1546,9.2783,11.1757,11.1874,11.4808,11.6385,11.6809,11.8605,11.9195,12.3609,12.4397,13.0054,13.2826,13.55,13.6589,14.2483,14.5455,14.7351,14.9256,15.0968,15.2543,15.2868,15.561,15.8029,16.1025,16.995,17.1138,17.1384,17.7869,18.5514,18.6395,19.903,19.9608,20.3515,20.4822,20.5264,20.7788,20.8632,21.1859,21.6149,22.1026,22.1111,22.1475,22.2802,22.3975,22.4359,22.9778,23.1118,23.3823,23.5249,23.7586,23.7968,24.1182,24.1663
1.4874463124156456,-64.5269,-64.5269,-64.5268,-64.5267,-64.487,-64.4869,-64.4869,-64.4869,-64.4869,-64.4868,-64.4868,-64.4868,-64.4284,-64.4283,-64.4282,-64.4282,-64.341,-64.3409,-10.1993,-10.1987,-8.1688,-8.1686,-6.798,-6.7922,-1.0478,-0.9943,-0.9751,-0.8607,-0.7835,-0.7767,-0.4895,-0.4821,0.1397,0.1525,0.3052,0.6975,1.0781,1.142,1.2129,1.2582,2.0382,2.1301,2.221,2.2652,2.2875,2.2932,2.3796,2.3873,2.6749,2.6786,2.7075,2.709,2.8084,2.8143,2.8277,2.8396,2.9481,2.9568,2.9788,2.9918,3.0974,3.1126,3.1739,3.2012,3.2976,3.3058,3.9685,3.9822,4.3519,4.3893,7.1016,7.3793,8.7969,8.8077,9.1746,9.257,11.1833,11.1915,11.5231,11.653,11.6822,11.8257,11.9259,12.3697,12.4196,13.0043,13.2963,13.5669,13.6461,14.2624,14.5383,14.7247,14.9575,15.0658,15.2394,15.2662,15.6187,15.7704,16.063,16.9868,17.1173,17.1354,17.7683,18.5684,18.6267,19.938,19.9721,20.3487,20.5251,20.5342,20.727,20.9176,21.1367,21.6579,22.0924,22.1052,22.1813,22.3005,22.3626,22.4198,22.9959,23.1223,23.3962,23.4873,23.7907,23.8213,24.0423,24.0552
1.4972972850389443,-64.527,-64.5269,-64.5268,-64.5268,-64.487,-64.4869,-64.4869,-64.4869,-64.4869,-64.4869,-64.4868,-64.4868,-64.4284,-64.4283,-64.4283,-64.4282,-64.341,-64.3409,-10.1991,-10.1985,-8.1684,-8.1684,-6.7978,-6.7919,-1.0296,-0.9931,-0.9922,-0.8419,-0.8038,-0.7771,-0.4875,-0.4845,0.1427,0.1492,0.3034,0.6973,1.0941,1.126,1.2243,1.2469,2.0378,2.1296,2.2203,2.2649,2.2881,2.2909,2.3807,2.3846,2.676,2.6779,2.7082,2.7091,2.8086,2.8179,2.8246,2.8388,2.9487,2.9628,2.9743,2.9932,3.1017,3.108,3.1713,3.1983,3.2965,3.3052,3.9715,3.9783,4.3615,4.3801,7.1022,7.3801,8.7986,8.8039,9.1948,9.236,11.1886,11.193,11.5608,11.6238,11.7222,11.7914,11.9301,12.3794,12.4028,13.0037,13.3034,13.5872,13.6291,14.2727,14.5342,14.7183,14.9864,15.0373,15.2331,15.2497,15.6713,15.7394,16.0333,16.9818,17.1216,17.1317,17.7566,18.5844,18.6134,19.9619,19.9761,20.3476,20.5387,20.5717,20.6739,20.9732,21.0844,21.6872,22.0863,22.0981,22.2135,22.3157,22.3319,22.4058,23.0088,23.1317,23.4101,23.4558,23.8463,23.881,23.9823,23.9986
1.507148257662243,-64.527,-64.5269,-64.5269,-64.5268,-64.487,-64.487,-64.4869,-64.4869,-64.4869,-64.4869,-64.4869,-64.4868,-64.4284,-64.4284,-64.4284,-64.4283,-64.3411,-64.341,-10.199,-10.1984,-8.1683,-8.1683,-6.7978,-6.7918,-1.0113,-1.0113,-0.9915,-0.8231,-0.823,-0.7772,-0.4861,-0.4861,0.1459,0.1459,0.3028,0.6972,1.1101,1.1101,1.2356,1.2356,2.0376,2.1294,2.2201,2.2649,2.2892,2.2893,2.3823,2.3824,2.6771,2.6771,2.7087,2.7087,2.8087,2.8213,2.8213,2.8385,2.9488,2.9688,2.9689,2.9936,3.1048,3.1048,3.1705,3.1973,3.2961,3.305,3.9747,3.9747,4.3708,4.3708,7.1024,7.3804,8.8009,8.8009,9.2152,9.2152,11.1918,11.1919,11.5937,11.5937,11.7578,11.7578,11.9316,12.3899,12.3899,13.0035,13.3055,13.6088,13.6088,14.2765,14.533,14.7161,15.0118,15.0118,15.2375,15.2375,15.71,15.71,16.0211,16.9801,17.1268,17.1268,17.7525,18.5993,18.5993,19.9737,19.9737,20.3477,20.5401,20.6215,20.6215,21.0293,21.0293,21.6978,22.0895,22.0895,22.2302,22.319,22.3191,22.3996,23.0135,23.1337,23.4287,23.4304,23.914,23.9238,23.9253,23.9875
1.507148257662243,-64.527,-64.5269,-64.5269,-64.5268,-64.487,-64.487,-64.4869,-64.4869,-64.4869,-64.4869,-64.4869,-64.4868,-64.4284,-64.4284,-64.4284,-64.4283,-64.3411,-64.341,-10.199,-10.1984,-8.1683,-8.1683,-6.7978,-6.7918,-1.0113,-1.0113,-0.9915,-0.8231,-0.823,-0.7772,-0.4861,-0.4861,0.1459,0.1459,0.3028,0.6972,1.1101,1.1101,1.2356,1.2356,2.0376,2.1294,2.2201,2.2649,2.2892,2.2893,2.3823,2.3824,2.6771,2.6771,2.7087,2.7087,2.8087,2.8213,2.8213,2.8385,2.9488,2.9688,2.9689,2.9936,3.1048,3.1048,3.1705,3.1973,3.2961,3.305,3.9747,3.9747,4.3708,4.3708,7.1024,7.3804,8.8009,8.8009,9.2152,9.2152,11.1918,11.1919,11.5937,11.5937,11.7578,11.7578,11.9316,12.3899,12.3899,13.0035,13.3055,13.6088,13.6088,14.2765,14.533,14.7161,15.0118,15.0118,15.2375,15.2375,15.71,15.71,16.0211,16.9801,17.1268,17.1268,17.7525,18.5993,18.5993,19.9737,19.9737,20.3477,20.5401,20.6215,20.6215,21.0293,21.0293,21.6978,22.0895,22.0896,22.2302,22.319,22.319,22.3996,23.0133,23.1336,23.4288,23.4309,23.9095,23.9181,23.9248,23.9348
1.5170879692848183,-64.5269,-64.5269,-64.5268,-64.5268,-64.487,-64.4869,-64.4869,-64.4869,-64.4868,-64.4868,-64.4868,-64.4868,-64.4283,-64.4283,-64.4283,-64.4283,-64.341,-64.3409,-10.1991,-10.1985,-8.1684,-8.1684,-6.7978,-6.7919,-1.0298,-0.9928,-0.9923,-0.8413,-0.8042,-0.7772,-0.4868,-0.4851,0.1426,0.1493,0.3034,0.6973,1.094,1.1261,1.2242,1.2469,2.0378,2.1296,2.2203,2.2649,2.2881,2.291,2.3806,2.3846,2.6761,2.6779,2.708,2.7092,2.8086,2.8179,2.8246,2.8388,2.9487,2.9625,2.9746,2.9931,3.1031,3.1066,3.1713,3.1984,3.2966,3.3052,3.9716,3.9783,4.3615,4.38,7.1022,7.3801,8.7988,8.8038,9.1947,9.2361,11.1883,11.1933,11.5626,11.622,11.7247,11.7888,11.9299,12.3813,12.401,13.0037,13.3038,13.5859,13.63,14.2722,14.534,14.7184,14.99,15.0339,15.2297,15.2533,15.6823,15.7259,16.0359,16.9819,17.1204,17.1329,17.7568,18.5844,18.6133,19.9656,19.9726,20.3462,20.5387,20.5729,20.6741,20.9714,21.0862,21.6869,22.0792,22.1056,22.2132,22.3058,22.3423,22.4054,23.0085,23.1361,23.4116,23.4677,23.8498,23.8864,23.9814,24.0998
1.5270276809073935,-64.5269,-64.5269,-64.5268,-64.5267,-64.487,-64.4869,-64.4869,-64.4868,-64.4868,-64.4868,-64.4868,-64.4868,-64.4283,-64.4283,-64.4283,-64.4282,-64.341,-64.3409,-10.1993,-10.1987,-8.1687,-8.1687,-6.7981,-6.7922,-1.0482,-0.9948,-0.9743,-0.8582,-0.7856,-0.777,-0.4867,-0.4846,0.1394,0.1528,0.3052,0.6974,1.078,1.1421,1.2129,1.2582,2.0381,2.1301,2.221,2.2652,2.2875,2.2933,2.3795,2.3876,2.675,2.6785,2.7069,2.7096,2.8084,2.8143,2.8276,2.8397,2.9485,2.9556,2.9799,2.9915,3.1029,3.1071,3.1734,3.2017,3.2979,3.3058,3.9688,3.982,4.3523,4.3889,7.1017,7.3793,8.7975,8.8072,9.1745,9.2572,11.1824,11.1932,11.5311,11.6454,11.6925,11.8144,11.9244,12.3772,12.4125,13.0043,13.2992,13.5611,13.6492,14.259,14.5365,14.7252,14.9731,15.0522,15.2266,15.28,15.6568,15.7181,16.0785,16.9874,17.1121,17.1397,17.7699,18.5686,18.6262,19.9526,19.959,20.337,20.5343,20.5347,20.7284,20.9114,21.143,21.656,22.0671,22.1332,22.1789,22.2808,22.3851,22.4176,22.9951,23.1211,23.3973,23.4962,23.7816,23.821,24.0549,24.1648
1.5369674256292416,-64.5269,-64.5269,-64.5268,-64.5267,-64.487,-64.4869,-64.4869,-64.4869,-64.4868,-64.4868,-64.4868,-64.4867,-64.4284,-64.4283,-64.4283,-64.4282,-64.341,-64.3409,-10.1997,-10.199,-8.1693,-8.1692,-6.7984,-6.7927,-1.0664,-0.9992,-0.9558,-0.8735,-0.7768,-0.7673,-0.4857,-0.4843,0.1362,0.1565,0.308,0.6976,1.0621,1.1579,1.2016,1.2693,2.0387,2.1311,2.2221,2.2655,2.2875,2.2963,2.3789,2.3911,2.6737,2.6789,2.7054,2.71,2.8081,2.8105,2.8302,2.8411,2.9481,2.9483,2.9845,2.9888,3.1042,3.1062,3.1768,3.2069,3.3001,3.3068,3.9663,3.9861,4.3431,4.3975,7.1007,7.3779,8.7971,8.8112,9.1548,9.2785,11.1743,11.1915,11.4992,11.6614,11.664,11.8345,11.9151,12.3776,12.424,13.0053,13.2924,13.5348,13.6655,14.2372,14.5392,14.7366,14.9625,15.0665,15.2278,15.3152,15.6338,15.6967,16.1402,16.9968,17.102,17.1471,17.7918,18.5518,18.6378,19.9336,19.9356,20.3136,20.5132,20.527,20.7838,20.8499,21.1996,21.6096,22.0531,22.1393,22.1683,22.2491,22.4307,22.4351,22.9753,23.1057,23.3812,23.5408,23.7116,23.7535,24.1287,24.1734
1.5469071372518168,-64.5269,-64.5269,-64.5268,-64.5267,-64.487,-64.487,-64.4869,-64.4868,-64.4868,-64.4868,-64.4867,-64.4867,-64.4284,-64.4283,-64.4282,-64.4282,-64.341,-64.3409,-10.2002,-10.1996,-8.1702,-8.17,-6.799,-6.7934,-1.0845,-1.0055,-0.9373,-0.8869,-0.7767,-0.7495,-0.484,-0.484,0.1332,0.1604,0.3118,0.6979,1.0463,1.1735,1.1904,1.2802,2.0395,2.1324,2.2236,2.266,2.2881,2.2998,2.3788,2.3953,2.6723,2.6792,2.7036,2.7104,2.8067,2.8076,2.8325,2.8432,2.9409,2.9475,2.9851,2.9885,3.1045,3.1068,3.1811,3.2139,3.3033,3.3081,3.9642,3.9904,4.3341,4.4058,7.0995,7.3759,8.7977,8.8159,9.1356,9.3,11.1641,11.1886,11.4673,11.6315,11.6779,11.8488,11.902,12.382,12.4357,13.0067,13.2833,13.5075,13.6784,14.2078,14.5408,14.7526,14.9596,15.0769,15.2328,15.3545,15.6141,15.6728,16.2129,17.0102,17.0903,17.1553,17.8224,18.5339,18.6482,19.8973,19.9151,20.2756,20.5085,20.5167,20.7873,20.8396,21.2558,21.5518,22.0375,22.0975,22.2069,22.213,22.4431,22.4897,22.9519,23.0882,23.3769,23.595,23.6696,23.7308,24.1875,24.2622
1.5568468488743923,-64.5269,-64.5268,-64.5268,-64.5267,-64.487,-64.487,-64.4869,-64.4868,-64.4868,-64.4868,-64.4867,-64.4867,-64.4284,-64.4282,-64.4282,-64.4282,-64.341,-64.3409,-10.2009,-10.2002,-8.1712,-8.1709,-6.7997,-6.7943,-1.1022,-1.0138,-0.9189,-0.8986,-0.7767,-0.7322,-0.4837,-0.4814,0.1302,0.1643,0.3165,0.6982,1.0307,1.1793,1.189,1.2909,2.0404,2.1341,2.2256,2.2666,2.2893,2.304,2.3794,2.4001,2.6708,2.6792,2.7014,2.7107,2.8028,2.8068,2.8343,2.8457,2.9338,2.9466,2.9807,2.9918,3.1021,3.1107,3.1863,3.2222,3.3076,3.3099,3.9624,3.9951,4.3251,4.4137,7.098,7.3733,8.7991,8.8211,9.1169,9.3216,11.152,11.1844,11.4354,11.603,11.6873,11.8574,11.8855,12.3899,12.4472,13.0085,13.272,13.4793,13.6877,14.172,14.54,14.7731,14.9657,15.0834,15.2407,15.3891,15.5984,15.6578,16.292,17.0278,17.0773,17.164,17.8614,18.5147,18.6573,19.8507,19.8917,20.2293,20.5032,20.5143,20.7239,20.8952,21.3115,21.4855,22.0202,22.054,22.1728,22.2446,22.4512,22.5455,22.9265,23.0688,23.3304,23.6266,23.6378,23.6489,24.2072,24.2864
1.5667865604969675,-64.5269,-64.5268,-64.5268,-64.5267,-64.487,-64.4869,-64.4869,-64.4869,-64.4868,-64.4868,-64.4867,-64.4867,-64.4284,-64.4282,-64.4282,-64.4282,-64.341,-64.3409,-10.2018,-10.2011,-8.1726,-8.1721,-6.8005,-6.7955,-1.1195,-1.0238,-0.9086,-0.9005,-0.7768,-0.7157,-0.4829,-0.4781,0.1273,0.1684,0.3222,0.6986,1.0152,1.1683,1.2042,1.3014,2.0416,2.1362,2.2281,2.2673,2.291,2.3088,2.3805,2.4056,2.669,2.679,2.6989,2.7111,2.7988,2.8058,2.8357,2.8488,2.927,2.9455,2.9756,2.9945,3.0993,3.1156,3.1922,3.2317,3.3121,3.3129,3.961,4.0,4.3163,4.4212,7.0961,7.3702,8.8014,8.827,9.0988,9.3433,11.138,11.1792,11.4037,11.5758,11.6926,11.8604,11.8661,12.4005,12.4586,13.0107,13.2584,13.4505,13.6935,14.131,14.5358,14.7977,14.9817,15.086,15.2502,15.4061,15.5879,15.6653,16.3752,17.0498,17.0633,17.1734,17.9082,18.4941,18.6649,19.7946,19.8659,20.1801,20.4864,20.5249,20.6602,20.9502,21.3664,21.413,22.0017,22.0095,22.1294,22.2796,22.4573,22.6039,22.9032,23.0507,23.2828,23.5887,23.6148,23.7226,24.2152,24.3607
1.5767263052188156,-64.5269,-64.5268,-64.5267,-64.5267,-64.487,-64.4869,-64.4869,-64.4869,-64.4868,-64.4867,-64.4867,-64.4867,-64.4284,-64.4282,-64.4282,-64.4282,-64.341,-64.3409,-10.2028,-10.2021,-8.1742,-8.1735,-6.8015,-6.7969,-1.1365,-1.0353,-0.9171,-0.8821,-0.777,-0.7002,-0.4815,-0.4742,0.1246,0.1727,0.3286,0.699,1.0,1.1574,1.2191,1.3117,2.043,2.1386,2.2311,2.2682,2.2935,2.3143,2.3822,2.4118,2.6671,2.6787,2.6962,2.7115,2.7947,2.8043,2.8365,2.8524,2.9209,2.944,2.9701,2.9967,3.0964,3.1214,3.1987,3.2421,3.3147,3.3193,3.9599,4.0053,4.3075,4.4284,7.0941,7.3665,8.8047,8.8335,9.0813,9.365,11.1224,11.1729,11.3723,11.5501,11.6938,11.8445,11.858,12.4133,12.4697,13.0132,13.2421,13.4211,13.6959,14.086,14.5279,14.8261,15.0078,15.085,15.2598,15.3978,15.5837,15.7028,16.4612,17.0487,17.0764,17.1833,17.9623,18.472,18.6711,19.7297,19.8381,20.1311,20.4661,20.5372,20.5966,21.0038,21.3355,21.4206,21.9641,21.9822,22.0826,22.3089,22.4602,22.6628,22.8829,23.0316,23.2171,23.5356,23.6149,23.7714,24.2369,24.401
1.5866660168413909,-64.527,-64.5268,-64.5268,-64.5267,-64.487,-64.487,-64.4869,-64.4869,-64.4868,-64.4868,-64.4867,-64.4867,-64.4284,-64.4283,-64.4283,-64.4282,-64.341,-64.3409,-10.2041,-10.2032,-8.1761,-8.1751,-6.8027,-6.7985,-1.1531,-1.0478,-0.9245,-0.8639,-0.7775,-0.6859,-0.4791,-0.4696,0.1221,0.177,0.3357,0.6993,0.985,1.1467,1.2337,1.3217,2.0445,2.1415,2.2345,2.2692,2.2964,2.3204,2.3846,2.4187,2.6649,2.6781,2.6931,2.7119,2.7905,2.8024,2.8369,2.8564,2.9156,2.9422,2.9643,2.9984,3.0935,3.1278,3.2056,3.2533,3.3178,3.3267,3.9591,4.0109,4.2989,4.4351,7.0918,7.3622,8.8089,8.8406,9.0644,9.3867,11.1052,11.1658,11.3412,11.5259,11.6912,11.821,11.8506,12.4278,12.4805,13.0162,13.223,13.3912,13.6954,14.038,14.5166,14.8577,15.0434,15.0805,15.2683,15.3705,15.5873,15.7632,16.5494,17.0339,17.1076,17.1936,18.0231,18.4482,18.6757,19.657,19.8085,20.0835,20.4423,20.5335,20.5496,21.0554,21.2541,21.4737,21.918,21.9624,22.033,22.3302,22.4602,22.7219,22.8695,23.0105,23.148,23.4795,23.6308,23.8392,24.2775,24.4545
1.596605728463966,-64.527,-64.5268,-64.5268,-64.5267,-64.487,-64.487,-64.4869,-64.4869,-64.4868,-64.4868,-64.4867,-64.4867,-64.4284,-64.4283,-64.4283,-64.4282,-64.341,-64.3409,-10.2055,-10.2046,-8.1783,-8.1769,-6.8041,-6.8003,-1.1692,-1.061,-0.931,-0.8458,-0.778,-0.6731,-0.4755,-0.4644,0.1197,0.1814,0.3433,0.6997,0.9702,1.1362,1.248,1.3314,2.0463,2.1448,2.2384,2.2703,2.3,2.3271,2.3875,2.4262,2.6625,2.6774,2.69,2.7125,2.7863,2.7998,2.8369,2.8609,2.9113,2.9399,2.9582,2.9997,3.0907,3.1349,3.213,3.2652,3.3214,3.3352,3.9587,4.0168,4.2905,4.4414,7.0894,7.3573,8.8139,8.8484,9.0482,9.4084,11.0865,11.1578,11.3105,11.5034,11.6847,11.7963,11.8384,12.4434,12.4909,13.0196,13.201,13.361,13.6922,13.9879,14.5024,14.8912,15.0727,15.0878,15.2749,15.3329,15.5995,15.8372,16.6392,17.0191,17.1435,17.2045,18.0901,18.4225,18.6786,19.5777,19.7775,20.0377,20.4149,20.4714,20.5614,21.1044,21.1695,21.5256,21.8713,21.943,21.9809,22.3416,22.4573,22.7805,22.8634,22.9787,23.087,23.432,23.6514,23.8981,24.2926,24.4955
1.6065454731858142,-64.5269,-64.5268,-64.5267,-64.5267,-64.487,-64.487,-64.4869,-64.4868,-64.4868,-64.4867,-64.4867,-64.4867,-64.4284,-64.4283,-64.4282,-64.4282,-64.341,-64.3409,-10.207,-10.2061,-8.1808,-8.1791,-6.8056,-6.8024,-1.1848,-1.0746,-0.9368,-0.8278,-0.7788,-0.662,-0.4703,-0.4587,0.1175,0.1859,0.3515,0.7001,0.9558,1.1258,1.2619,1.3408,2.0482,2.1485,2.2429,2.2716,2.3041,2.3345,2.3911,2.4343,2.66,2.6764,2.6868,2.7132,2.782,2.7965,2.8365,2.8658,2.908,2.9371,2.952,3.0008,3.0881,3.1425,3.2207,3.2776,3.3254,3.3446,3.9586,4.0232,4.2823,4.4473,7.0868,7.3519,8.8199,8.8568,9.0326,9.43,11.0666,11.149,11.2804,11.4825,11.6745,11.771,11.8218,12.4599,12.5008,13.0234,13.1761,13.3302,13.6867,13.9362,14.4861,14.9253,15.0619,15.1398,15.2801,15.2902,15.6204,15.919,16.7304,17.0048,17.184,17.2158,18.1627,18.3948,18.6797,19.4927,19.7452,19.9935,20.3839,20.4105,20.572,21.0824,21.1496,21.5759,21.8242,21.9247,21.9268,22.3419,22.4526,22.8375,22.8669,22.9214,23.0511,23.3857,23.6785,23.9567,24.3314,24.5386
1.6164851848083894,-64.527,-64.5269,-64.5267,-64.5267,-64.487,-64.487,-64.4869,-64.4869,-64.4868,-64.4868,-64.4867,-64.4867,-64.4284,-64.4283,-64.4283,-64.4282,-64.341,-64.3409,-10.2088,-10.2078,-8.1836,-8.1814,-6.8074,-6.8048,-1.2,-1.0883,-0.9421,-0.81,-0.7797,-0.6528,-0.4632,-0.4526,0.1155,0.1905,0.3601,0.7004,0.9417,1.1157,1.2754,1.3499,2.0503,2.1527,2.2478,2.273,2.3088,2.3425,2.3953,2.4431,2.6572,2.6751,2.6836,2.714,2.7777,2.7924,2.836,2.871,2.9057,2.9339,2.9458,3.0017,3.0857,3.1505,3.2287,3.2905,3.33,3.3549,3.9588,4.0299,4.2742,4.4526,7.0842,7.3459,8.8267,8.8658,9.0177,9.4514,11.0456,11.1395,11.2508,11.4632,11.6604,11.7456,11.8013,12.477,12.5101,13.0276,13.1483,13.299,13.6791,13.8836,14.4684,14.9578,15.0484,15.1985,15.2449,15.2855,15.6496,16.0054,16.8229,16.9909,17.2275,17.229,18.2403,18.365,18.6788,19.4031,19.712,19.9508,20.3493,20.3512,20.5814,20.9934,21.1897,21.624,21.777,21.8715,21.9086,22.3315,22.4465,22.8439,22.8794,22.8928,23.0367,23.344,23.7086,24.0207,24.3848,24.626
1.6264248964309647,-64.5269,-64.5269,-64.5267,-64.5267,-64.487,-64.487,-64.4869,-64.4869,-64.4868,-64.4868,-64.4867,-64.4867,-64.4284,-64.4283,-64.4283,-64.4282,-64.341,-64.3409,-10.2107,-10.2097,-8.1866,-8.184,-6.8093,-6.8074,-1.2146,-1.1019,-0.947,-0.7923,-0.7807,-0.6456,-0.4543,-0.4461,0.1137,0.1952,0.3691,0.7006,0.9279,1.1058,1.2884,1.3586,2.0526,2.1573,2.2533,2.2745,2.3142,2.3512,2.4001,2.4525,2.6543,2.6731,2.6809,2.715,2.7733,2.7875,2.8355,2.8767,2.9042,2.9302,2.9395,3.0025,3.0837,3.1589,3.237,3.304,3.3351,3.366,3.9594,4.037,4.2663,4.4575,7.0815,7.3393,8.8343,8.8755,9.0036,9.4727,11.0237,11.1294,11.2218,11.4455,11.6423,11.7208,11.7772,12.4946,12.5189,13.0323,13.1176,13.2672,13.6698,13.8306,14.4498,14.9862,15.0323,15.1981,15.263,15.2934,15.6863,16.0947,16.9166,16.9777,17.2396,17.2784,18.3227,18.3333,18.6758,19.3098,19.6778,19.9093,20.2938,20.3113,20.5892,20.9029,21.2228,21.6685,21.7298,21.8166,21.8963,22.3117,22.4399,22.7576,22.899,22.9453,23.0323,23.3032,23.7418,24.0854,24.4238,24.6859
1.6363646411528125,-64.5269,-64.5268,-64.5267,-64.5266,-64.487,-64.4869,-64.4869,-64.4868,-64.4868,-64.4867,-64.4867,-64.4866,-64.4284,-64.4282,-64.4282,-64.4281,-64.341,-64.3408,-10.2129,-10.2118,-8.19,-8.1869,-6.8113,-6.8102,-1.2287,-1.1153,-0.9516,-0.7819,-0.7749,-0.6401,-0.4435,-0.4393,0.1122,0.1999,0.3783,0.7008,0.9145,1.0961,1.301,1.3669,2.055,2.1623,2.2592,2.2762,2.3201,2.3605,2.4056,2.4626,2.6512,2.6704,2.6787,2.7162,2.7689,2.7819,2.835,2.8826,2.9034,2.926,2.9333,3.0034,3.082,3.1676,3.2455,3.3178,3.3408,3.3781,3.9603,4.0445,4.2587,4.462,7.0788,7.3321,8.8428,8.8858,8.9901,9.4937,11.0009,11.1186,11.1935,11.4295,11.62,11.6969,11.7498,12.5125,12.527,13.0376,13.0842,13.2348,13.6591,13.7776,14.4309,15.0076,15.0141,15.1505,15.3066,15.3324,15.7298,16.1855,16.9654,17.0114,17.2522,17.3316,18.2997,18.4092,18.6706,19.2133,19.643,19.8688,20.2384,20.27,20.5956,20.8116,21.2463,21.6828,21.7074,21.7642,21.8903,22.2846,22.4339,22.6688,22.9243,22.9949,23.0333,23.2659,23.7784,24.1475,24.4635,24.7267
1.6463043527753878,-64.527,-64.5269,-64.5267,-64.5266,-64.487,-64.4869,-64.4869,-64.4869,-64.4868,-64.4867,-64.4867,-64.4866,-64.4284,-64.4283,-64.4282,-64.4282,-64.341,-64.3408,-10.2152,-10.214,-8.1937,-8.19,-6.8136,-6.8133,-1.2423,-1.1284,-0.9559,-0.7833,-0.7576,-0.6364,-0.4323,-0.431,0.1109,0.2047,0.3876,0.7009,0.9015,1.0866,1.313,1.3749,2.0576,2.1678,2.2657,2.2779,2.3266,2.3703,2.4116,2.4732,2.648,2.667,2.6771,2.7175,2.7643,2.7756,2.8347,2.8888,2.9033,2.9214,2.9272,3.0044,3.0806,3.1765,3.2542,3.3321,3.3471,3.3908,3.9615,4.0525,4.2512,4.4659,7.0761,7.3244,8.852,8.8968,8.9773,9.5144,10.9775,11.1073,11.1659,11.4151,11.5939,11.6741,11.7195,12.5307,12.5343,13.0433,13.0483,13.2017,13.6471,13.7248,14.4119,14.9939,15.0202,15.1025,15.3266,15.4059,15.7794,16.2768,16.9539,17.1072,17.2651,17.388,18.2646,18.4995,18.6629,19.1143,19.6076,19.8292,20.1852,20.2258,20.6003,20.72,21.2566,21.6363,21.7174,21.7366,21.894,22.2518,22.4291,22.5797,22.9529,23.038,23.0413,23.2309,23.8146,24.2106,24.5207,24.7455
1.656244064397963,-64.527,-64.5269,-64.5267,-64.5266,-64.487,-64.4869,-64.4869,-64.4869,-64.4868,-64.4867,-64.4867,-64.4866,-64.4284,-64.4284,-64.4282,-64.4282,-64.341,-64.3409,-10.2177,-10.2165,-8.1977,-8.1933,-6.8167,-6.8161,-1.2554,-1.1412,-0.9599,-0.7848,-0.7406,-0.634,-0.425,-0.417,0.1099,0.2095,0.397,0.7009,0.8889,1.0774,1.3246,1.3824,2.0602,2.1737,2.2727,2.2798,2.3336,2.3806,2.4182,2.4843,2.6447,2.6631,2.6759,2.7191,2.7597,2.7689,2.8345,2.8953,2.9035,2.9164,2.9212,3.0055,3.0796,3.1855,3.2631,3.3467,3.354,3.4042,3.9631,4.0609,4.244,4.4692,7.0735,7.3161,8.862,8.9083,8.9653,9.5348,10.9536,11.0956,11.1391,11.4023,11.5644,11.6522,11.6866,12.5409,12.5492,13.0102,13.0496,13.1677,13.634,13.6728,14.3931,14.9721,15.0238,15.0545,15.3534,15.483,15.8346,16.3679,16.9434,17.2043,17.2785,17.4467,18.2287,18.5932,18.6526,19.0133,19.5717,19.7906,20.134,20.1791,20.6033,20.6289,21.25,21.5907,21.6795,21.7531,21.9104,22.215,22.4268,22.4921,22.9837,23.0458,23.0842,23.1973,23.8528,24.2657,24.5732,24.8137
1.6661837760205382,-64.527,-64.5269,-64.5267,-64.5266,-64.487,-64.4869,-64.4869,-64.4868,-64.4868,-64.4867,-64.4867,-64.4866,-64.4284,-64.4284,-64.4282,-64.4282,-64.341,-64.3409,-10.2205,-10.2191,-8.202,-8.1969,-6.8203,-6.8187,-1.2679,-1.1535,-0.9636,-0.7864,-0.7239,-0.6326,-0.4175,-0.4017,0.1092,0.2144,0.4065,0.7008,0.8768,1.0684,1.3356,1.3895,2.0631,2.1801,2.2802,2.2817,2.3412,2.3916,2.4255,2.496,2.6414,2.659,2.6748,2.7208,2.755,2.7617,2.8346,2.902,2.9042,2.911,2.9154,3.0068,3.0791,3.1947,3.2722,3.3615,3.3617,3.4182,3.965,4.0698,4.237,4.4721,7.071,7.3072,8.8727,8.9204,8.9539,9.5548,10.9293,11.0833,11.1131,11.3911,11.5322,11.6308,11.6514,12.5467,12.5678,12.97,13.0564,13.1327,13.62,13.6218,14.3747,14.9487,15.0065,15.0196,15.3853,15.5629,15.8951,16.458,16.9338,17.2923,17.3026,17.5061,18.1934,18.6394,18.6899,18.9106,19.5355,19.7528,20.0844,20.1304,20.5392,20.6046,21.2239,21.5461,21.6527,21.7578,21.9371,22.1753,22.4083,22.4279,23.0153,23.056,23.1238,23.166,23.8926,24.3263,24.6135,24.8418
1.6761235207423864,-64.527,-64.5269,-64.5267,-64.5266,-64.4871,-64.487,-64.487,-64.4869,-64.4868,-64.4867,-64.4867,-64.4866,-64.4284,-64.4284,-64.4282,-64.4282,-64.341,-64.3409,-10.2234,-10.2219,-8.2066,-8.2008,-6.8242,-6.8215,-1.28,-1.1653,-0.9669,-0.7882,-0.7074,-0.6321,-0.41,-0.3855,0.1087,0.2193,0.4159,0.7005,0.8651,1.0597,1.346,1.3962,2.0661,2.1869,2.2838,2.2882,2.3493,2.403,2.4333,2.508,2.6379,2.6547,2.6739,2.7227,2.7502,2.7543,2.8347,2.9051,2.9053,2.9089,2.9097,3.0083,3.079,3.204,3.2814,3.3697,3.377,3.4328,3.9673,4.0791,4.2303,4.4744,7.0686,7.2978,8.8841,8.9332,8.9434,9.5742,10.9049,11.0706,11.0879,11.3815,11.4978,11.6097,11.6142,12.5515,12.5865,12.9281,13.0639,13.0966,13.572,13.6053,14.357,14.9242,14.9588,15.0095,15.4202,15.6451,15.9607,16.5462,16.9253,17.3066,17.4022,17.5638,18.1609,18.6233,18.7894,18.8065,19.499,19.716,20.0356,20.0801,20.4521,20.6039,21.1792,21.503,21.6361,21.754,21.9678,22.1336,22.3316,22.433,23.0473,23.0684,23.1364,23.1603,23.9338,24.3886,24.6379,24.8816
1.6860632323649616,-64.527,-64.5269,-64.5267,-64.5266,-64.4871,-64.487,-64.487,-64.4869,-64.4868,-64.4867,-64.4867,-64.4866,-64.4284,-64.4284,-64.4282,-64.4282,-64.341,-64.3409,-10.2265,-10.2249,-8.2115,-8.205,-6.8284,-6.8246,-1.2915,-1.1767,-0.9699,-0.79,-0.6912,-0.6322,-0.4023,-0.3685,0.1086,0.2242,0.4252,0.7001,0.8539,1.0513,1.3559,1.4025,2.0692,2.1943,2.2861,2.2965,2.358,2.4149,2.4417,2.5205,2.6345,2.6503,2.6732,2.7248,2.7454,2.7467,2.8351,2.8995,2.9043,2.9062,2.916,3.0101,3.0794,3.2133,3.2908,3.3786,3.3927,3.448,3.97,4.0889,4.2239,4.4761,7.0665,7.2878,8.8962,8.9335,8.9465,9.5932,10.8802,11.0576,11.0635,11.3735,11.4616,11.5751,11.5888,12.5555,12.6052,12.8845,13.0592,13.0719,13.5237,13.5899,14.34,14.8986,14.9114,14.9951,15.456,15.729,16.0307,16.632,16.9178,17.3214,17.5033,17.6157,18.1351,18.6039,18.7014,18.8913,19.4623,19.6801,19.9865,20.0289,20.3694,20.601,21.1191,21.4618,21.6261,21.7435,21.9953,22.0905,22.2682,22.4425,23.0773,23.0827,23.1081,23.1933,23.9764,24.4484,24.661,24.9285
1.696002943987537,-64.527,-64.5268,-64.5267,-64.5266,-64.487,-64.487,-64.4869,-64.4868,-64.4868,-64.4867,-64.4867,-64.4866,-64.4284,-64.4284,-64.4282,-64.4282,-64.341,-64.3409,-10.2298,-10.2281,-8.2168,-8.2094,-6.8328,-6.8278,-1.3024,-1.1875,-0.9725,-0.7919,-0.6753,-0.6326,-0.3947,-0.351,0.1088,0.2291,0.4344,0.6996,0.8431,1.0432,1.3652,1.4083,2.0725,2.202,2.2884,2.3054,2.3671,2.4272,2.4507,2.5333,2.6311,2.6459,2.6725,2.7272,2.7391,2.7404,2.8356,2.8936,2.8991,2.9074,2.9232,3.0121,3.0803,3.2226,3.3002,3.3883,3.4086,3.4637,3.9731,4.0992,4.2177,4.4774,7.0645,7.2774,8.9089,8.9243,8.9604,9.6116,10.8556,11.0401,11.0441,11.3671,11.4239,11.5345,11.568,12.5584,12.6241,12.8396,13.0204,13.0806,13.4772,13.574,14.3239,14.8644,14.8723,14.9775,15.4916,15.814,16.1046,16.7147,16.9112,17.3367,17.6058,17.6556,18.1222,18.5812,18.5955,18.9951,19.4255,19.6453,19.9351,19.9774,20.2931,20.5958,21.0479,21.4228,21.619,21.7249,22.0108,22.0466,22.2287,22.4567,23.0811,23.0983,23.1067,23.2234,24.0177,24.5101,24.6382,24.978
1.705942688709385,-64.527,-64.5268,-64.5267,-64.5266,-64.487,-64.487,-64.4869,-64.4868,-64.4868,-64.4867,-64.4866,-64.4866,-64.4284,-64.4284,-64.4282,-64.4282,-64.341,-64.3409,-10.2333,-10.2315,-8.2223,-8.214,-6.8375,-6.8312,-1.3129,-1.1978,-0.9747,-0.7938,-0.6597,-0.6331,-0.387,-0.333,0.1093,0.234,0.4433,0.6988,0.8329,1.0353,1.3739,1.4137,2.0758,2.2102,2.2908,2.3147,2.3767,2.4398,2.4602,2.5464,2.6278,2.6415,2.672,2.7298,2.7314,2.7354,2.8362,2.8876,2.8943,2.9088,2.9305,3.0144,3.0817,3.2319,3.3098,3.3986,3.425,3.4799,3.9765,4.1101,4.2119,4.4781,7.0628,7.2664,8.9159,8.9222,8.9748,9.6293,10.831,11.0175,11.0303,11.3622,11.3847,11.4924,11.5474,12.5604,12.6429,12.7935,12.9801,13.09,13.4326,13.5576,14.3088,14.8179,14.8453,14.9577,15.5262,15.8996,16.1815,16.7935,16.9057,17.3528,17.6765,17.7098,18.1292,18.4891,18.5552,19.1003,19.389,19.6117,19.8794,19.9261,20.2259,20.588,20.9688,21.3866,21.6121,21.6948,22.0021,22.0092,22.2219,22.4752,23.0555,23.1154,23.1345,23.251,24.0601,24.552,24.6282,25.0224
1.7158824003319604,-64.527,-64.5268,-64.5267,-64.5266,-64.487,-64.487,-64.4869,-64.4868,-64.4868,-64.4867,-64.4866,-64.4866,-64.4284,-64.4284,-64.4282,-64.4282,-64.341,-64.3409,-10.237,-10.2351,-8.2282,-8.219,-6.8424,-6.8348,-1.3229,-1.2075,-0.9764,-0.7957,-0.6444,-0.6337,-0.3793,-0.3147,0.1102,0.2389,0.4519,0.698,0.8232,1.0278,1.3821,1.4187,2.0793,2.2189,2.2934,2.3243,2.3868,2.4528,2.4703,2.5596,2.6246,2.6371,2.6716,2.7237,2.7303,2.7327,2.837,2.8817,2.8897,2.9103,2.9377,3.0169,3.0838,3.2412,3.3195,3.4098,3.4416,3.4966,3.9804,4.1214,4.2064,4.4782,7.0614,7.2548,8.9082,8.936,8.9898,9.6463,10.8066,10.996,11.0162,11.3443,11.3589,11.4491,11.527,12.5613,12.6617,12.7464,12.9383,13.1,13.39,13.5409,14.2946,14.772,14.818,14.9361,15.5592,15.9852,16.2605,16.8678,16.9011,17.3696,17.6749,17.8152,18.1598,18.3824,18.5259,19.2055,19.354,19.5793,19.8176,19.8756,20.1698,20.5773,20.8839,21.3535,21.6038,21.6506,21.9574,21.9995,22.2419,22.4976,23.0313,23.1336,23.1603,23.2763,24.104,24.6055,24.6124,25.1011
1.7258221119545354,-64.527,-64.5268,-64.5267,-64.5266,-64.487,-64.487,-64.4869,-64.4868,-64.4868,-64.4867,-64.4866,-64.4866,-64.4284,-64.4284,-64.4283,-64.4282,-64.341,-64.3409,-10.2409,-10.2389,-8.2344,-8.2242,-6.8476,-6.8385,-1.3324,-1.2168,-0.9777,-0.7976,-0.6341,-0.6295,-0.3717,-0.2963,0.1113,0.2438,0.4603,0.6969,0.814,1.0205,1.3896,1.4232,2.0829,2.228,2.296,2.3342,2.3973,2.466,2.4807,2.5729,2.6215,2.6327,2.6714,2.7162,2.7252,2.7357,2.8379,2.8758,2.8856,2.9119,2.945,3.0198,3.0866,3.2504,3.3292,3.4218,3.4584,3.5138,3.9847,4.1333,4.2012,4.4779,7.0602,7.2428,8.9012,8.9503,9.0053,9.6627,10.7823,10.9754,11.0018,11.3028,11.3572,11.4047,11.507,12.5612,12.6804,12.6985,12.895,13.1106,13.3495,13.5238,14.2815,14.7267,14.7903,14.9133,15.5904,16.0702,16.3401,16.8975,16.937,17.3872,17.6542,17.9218,18.2113,18.2756,18.4936,19.2884,19.3424,19.5484,19.749,19.8264,20.1258,20.5634,20.7951,21.324,21.5924,21.5934,21.9127,21.9945,22.2758,22.523,23.0088,23.1526,23.184,23.2993,24.1445,24.585,24.6749,25.1931
1.7357618566763837,-64.527,-64.5268,-64.5267,-64.5266,-64.487,-64.4869,-64.4869,-64.4868,-64.4868,-64.4867,-64.4866,-64.4866,-64.4284,-64.4284,-64.4282,-64.4282,-64.341,-64.3409,-10.2451,-10.2428,-8.2408,-8.2296,-6.8531,-6.8425,-1.3415,-1.2254,-0.9785,-0.7995,-0.6344,-0.6149,-0.3642,-0.2777,0.1128,0.2487,0.4683,0.6956,0.8053,1.0135,1.3965,1.4273,2.0866,2.2375,2.2988,2.3444,2.4082,2.4793,2.4917,2.5862,2.6188,2.6285,2.6714,2.7088,2.7201,2.7391,2.839,2.8702,2.882,2.9136,2.9521,3.023,3.0902,3.2595,3.3391,3.4346,3.4756,3.5314,3.9895,4.1458,4.1963,4.477,7.0594,7.2303,8.895,8.9651,9.0213,9.6782,10.7583,10.9558,10.9871,11.2603,11.357,11.3594,11.4873,12.5601,12.65,12.699,12.8503,13.1219,13.311,13.5065,14.2695,14.6821,14.7625,14.8894,15.6198,16.154,16.4187,16.8947,17.0003,17.4059,17.6215,18.0285,18.1689,18.2773,18.4595,19.2693,19.4337,19.5192,19.6749,19.7791,20.0933,20.5462,20.7033,21.2984,21.5235,21.5809,21.8682,21.9986,22.3163,22.5499,22.9883,23.1722,23.2056,23.3203,24.1833,24.5546,24.7201,25.0756
1.745701568298959,-64.527,-64.5268,-64.5267,-64.5266,-64.4871,-64.4869,-64.4869,-64.4868,-64.4868,-64.4867,-64.4866,-64.4866,-64.4284,-64.4284,-64.4282,-64.4282,-64.341,-64.3409,-10.2494,-10.247,-8.2476,-8.2353,-6.8588,-6.8467,-1.35,-1.2336,-0.9787,-0.8013,-0.6345,-0.6007,-0.3567,-0.2591,0.1147,0.2535,0.4759,0.6941,0.7971,1.0068,1.4029,1.4309,2.0904,2.2473,2.3017,2.3548,2.4195,2.4927,2.503,2.5992,2.6163,2.6243,2.6715,2.7015,2.715,2.7427,2.8401,2.8647,2.8788,2.9153,2.9591,3.0265,3.0946,3.2685,3.3489,3.4482,3.4931,3.5493,3.9947,4.1588,4.1919,4.4756,7.0589,7.2174,8.8894,8.9803,9.0378,9.6929,10.7346,10.9372,10.9721,11.2168,11.3133,11.3584,11.468,12.5579,12.6009,12.7174,12.8042,13.1338,13.2744,13.489,14.2586,14.6382,14.7348,14.8646,15.6474,16.2357,16.4939,16.8929,17.0572,17.4258,17.5836,18.0628,18.1326,18.3521,18.4264,19.2335,19.4917,19.542,19.5971,19.7339,20.071,20.5254,20.6094,21.2771,21.4478,21.5666,21.8242,22.0115,22.3601,22.577,22.9707,23.1924,23.225,23.3398,24.2204,24.5262,24.7821,25.1225
1.7556412799215342,-64.527,-64.5269,-64.5267,-64.5266,-64.4871,-64.4869,-64.4869,-64.4869,-64.4868,-64.4867,-64.4867,-64.4866,-64.4284,-64.4284,-64.4283,-64.4282,-64.341,-64.3409,-10.2539,-10.2513,-8.2547,-8.2413,-6.8648,-6.851,-1.3582,-1.2412,-0.9784,-0.803,-0.6342,-0.5869,-0.3493,-0.2406,0.1169,0.2583,0.4831,0.6924,0.7895,1.0005,1.4087,1.4341,2.0943,2.2575,2.3046,2.3653,2.431,2.5058,2.5146,2.6118,2.6144,2.6203,2.6718,2.6945,2.7102,2.7466,2.8414,2.8596,2.8763,2.9172,2.9658,3.0304,3.0999,3.2775,3.3588,3.4625,3.5107,3.5677,4.0005,4.1724,4.1878,4.4737,7.0588,7.2039,8.8845,8.9959,9.0548,9.7068,10.7112,10.9196,10.9568,11.1725,11.2665,11.3613,11.4493,12.5516,12.5546,12.7356,12.757,13.1463,13.2398,13.4714,14.2488,14.5951,14.7071,14.8391,15.6731,16.3147,16.5627,16.8918,17.1069,17.4469,17.5467,17.9574,18.2226,18.4062,18.4314,19.1962,19.4663,19.518,19.6518,19.6912,20.0573,20.5011,20.5141,21.2601,21.3682,21.5509,21.7807,22.0318,22.4057,22.602,22.9572,23.2128,23.2421,23.3577,24.253,24.4976,24.8354,25.1118
1.7655809915441096,-64.527,-64.5269,-64.5267,-64.5266,-64.4871,-64.4869,-64.4869,-64.4869,-64.4868,-64.4867,-64.4867,-64.4866,-64.4284,-64.4284,-64.4283,-64.4282,-64.341,-64.3409,-10.2586,-10.2559,-8.2622,-8.2475,-6.8711,-6.8555,-1.366,-1.2483,-0.9776,-0.8046,-0.6335,-0.5734,-0.342,-0.2221,0.1194,0.2631,0.4899,0.6905,0.7823,0.9944,1.4139,1.4369,2.0983,2.2681,2.3076,2.3759,2.4429,2.5186,2.5263,2.613,2.6165,2.6236,2.6724,2.6878,2.7059,2.7508,2.8429,2.8548,2.8744,2.9193,2.9723,3.0346,3.1062,3.2863,3.3688,3.4778,3.5286,3.5864,4.0067,4.1841,4.1865,4.4713,7.0591,7.19,8.8802,9.0119,9.0722,9.7199,10.6882,10.9032,10.9411,11.1274,11.2192,11.3657,11.4311,12.502,12.5503,12.7088,12.7536,13.1594,13.2068,13.4536,14.2403,14.5529,14.6798,14.813,15.6969,16.3901,16.6208,16.8916,17.1488,17.4695,17.5167,17.8533,18.2593,18.4386,18.5118,19.1583,19.4402,19.4431,19.6512,19.7618,20.051,20.418,20.4733,21.2477,21.287,21.5344,21.7379,22.0584,22.4525,22.6227,22.9495,23.233,23.2571,23.3744,24.2801,24.4669,24.891,25.1161
1.7755207362659575,-64.527,-64.5268,-64.5266,-64.5265,-64.487,-64.4869,-64.4869,-64.4868,-64.4867,-64.4867,-64.4866,-64.4866,-64.4284,-64.4283,-64.4283,-64.4282,-64.341,-64.3409,-10.2634,-10.2606,-8.2699,-8.2539,-6.8776,-6.8602,-1.3734,-1.2549,-0.9761,-0.806,-0.6325,-0.5602,-0.3348,-0.2037,0.1222,0.2679,0.4962,0.6884,0.7758,0.9886,1.4185,1.4393,2.1024,2.2789,2.3108,2.3865,2.455,2.5307,2.5382,2.6125,2.613,2.634,2.6733,2.6815,2.7025,2.7553,2.8445,2.8503,2.8734,2.9215,2.9784,3.0393,3.1136,3.2951,3.3788,3.4938,3.5468,3.6056,4.0135,4.1809,4.2013,4.4685,7.0598,7.1757,8.8767,9.0282,9.09,9.7321,10.6655,10.8877,10.9251,11.0816,11.1715,11.3715,11.4135,12.4523,12.545,12.6599,12.7713,13.173,13.1754,13.4358,14.2329,14.5115,14.6527,14.7863,15.7188,16.4609,16.6632,16.8921,17.182,17.4934,17.4995,17.7511,18.2375,18.5291,18.5899,19.1199,19.3666,19.4225,19.6141,19.8708,20.0514,20.3218,20.4423,21.2055,21.2396,21.5177,21.6961,22.0903,22.5001,22.6364,22.9493,23.253,23.2699,23.3899,24.2981,24.4376,25.0065,25.1497
1.785460447888533,-64.527,-64.5268,-64.5266,-64.5265,-64.487,-64.4869,-64.4869,-64.4869,-64.4867,-64.4867,-64.4866,-64.4865,-64.4284,-64.4284,-64.4283,-64.4283,-64.341,-64.3409,-10.2685,-10.2655,-8.2778,-8.2606,-6.8843,-6.8651,-1.3804,-1.2611,-0.974,-0.8072,-0.631,-0.5474,-0.3277,-0.1855,0.1253,0.2725,0.5021,0.686,0.7697,0.9831,1.4226,1.4412,2.1065,2.29,2.314,2.397,2.4671,2.5417,2.55,2.6097,2.6132,2.6423,2.6745,2.6757,2.7008,2.7601,2.8463,2.8463,2.8733,2.924,2.9841,3.0443,3.1221,3.3039,3.3887,3.5106,3.5651,3.625,4.0209,4.1782,4.2167,4.4653,7.0608,7.161,8.8737,9.0447,9.1083,9.7434,10.6432,10.8734,10.9086,11.0352,11.1235,11.3787,11.3966,12.4025,12.5387,12.6104,12.7887,13.1454,13.1873,13.418,14.2266,14.471,14.6261,14.7592,15.7387,16.526,16.6851,16.8933,17.2057,17.5006,17.5176,17.6527,18.1974,18.6381,18.6613,19.0812,19.3012,19.4046,19.5801,19.9771,20.0579,20.227,20.4082,21.1247,21.2358,21.5015,21.6554,22.127,22.5483,22.6412,22.9577,23.2725,23.2804,23.4042,24.3044,24.4074,25.0292,25.096
1.7954001595111082,-64.527,-64.5268,-64.5266,-64.5265,-64.487,-64.4869,-64.4869,-64.4869,-64.4867,-64.4867,-64.4866,-64.4865,-64.4284,-64.4284,-64.4283,-64.4283,-64.341,-64.3409,-10.2738,-10.2706,-8.2861,-8.2676,-6.8913,-6.8702,-1.3871,-1.2667,-0.9713,-0.8082,-0.629,-0.535,-0.3208,-0.1674,0.1288,0.2772,0.5075,0.6834,0.7641,0.978,1.4261,1.4428,2.1108,2.3012,2.3173,2.4074,2.4794,2.5511,2.5614,2.6067,2.6154,2.6474,2.6706,2.6761,2.7017,2.7651,2.8427,2.8482,2.8743,2.9267,2.9894,3.0498,3.1318,3.3126,3.3987,3.5282,3.5835,3.6448,4.0288,4.176,4.2327,4.4616,7.0623,7.1458,8.8714,9.0615,9.1269,9.7538,10.6213,10.8601,10.8916,10.9882,11.0755,11.3804,11.3872,12.3529,12.5315,12.5607,12.8058,13.1167,13.202,13.4002,14.2214,14.4315,14.6001,14.7315,15.7565,16.5841,16.6837,16.8952,17.219,17.5227,17.5245,17.5765,18.153,18.7192,18.7523,19.0418,19.2506,19.3899,19.5494,20.067,20.0704,20.147,20.3716,21.0453,21.2361,21.4868,21.6161,22.168,22.5968,22.6369,22.9744,23.289,23.291,23.4177,24.2917,24.3709,25.0624,25.0766
1.8053399042329563,-64.527,-64.5269,-64.5266,-64.5265,-64.487,-64.487,-64.4869,-64.4869,-64.4867,-64.4867,-64.4866,-64.4865,-64.4284,-64.4284,-64.4283,-64.4283,-64.341,-64.3409,-10.2792,-10.2758,-8.2947,-8.2747,-6.8985,-6.8755,-1.3935,-1.2719,-0.9679,-0.8089,-0.6265,-0.523,-0.3139,-0.1496,0.1325,0.2817,0.5125,0.6806,0.759,0.9731,1.4291,1.4439,2.1151,2.3126,2.3206,2.4174,2.4916,2.5586,2.5721,2.6041,2.6195,2.6488,2.6663,2.6782,2.7058,2.7703,2.8396,2.8503,2.8765,2.9298,2.9943,3.0557,3.1426,3.3214,3.4086,3.5465,3.6021,3.6649,4.0374,4.1743,4.2493,4.4576,7.0642,7.1303,8.8697,9.0785,9.1458,9.7634,10.5997,10.848,10.8737,10.9407,11.0278,11.365,11.3968,12.3035,12.5109,12.5233,12.8224,13.089,13.2172,13.3824,14.2173,14.393,14.5746,14.7034,15.7722,16.6336,16.6603,16.8977,17.2212,17.4506,17.5648,17.5871,18.1081,18.7545,18.8676,19.0018,19.2237,19.3786,19.5226,20.0211,20.0887,20.2006,20.3327,20.9679,21.2401,21.4744,21.5783,22.213,22.6243,22.6455,22.9979,23.2956,23.308,23.4302,24.2623,24.3352,25.0637,25.1317
1.8152796158555318,-64.527,-64.5269,-64.5266,-64.5265,-64.487,-64.487,-64.4869,-64.4869,-64.4868,-64.4867,-64.4866,-64.4865,-64.4284,-64.4284,-64.4283,-64.4283,-64.341,-64.3409,-10.2849,-10.2812,-8.3035,-8.2821,-6.906,-6.8809,-1.3997,-1.2767,-0.9639,-0.8093,-0.6236,-0.5112,-0.3072,-0.132,0.1364,0.2862,0.517,0.6775,0.7543,0.9685,1.4316,1.4447,2.1195,2.324,2.3241,2.4271,2.5036,2.5641,2.5817,2.6019,2.6254,2.6471,2.6634,2.6808,2.7122,2.7757,2.8371,2.8525,2.8802,2.9334,2.9989,3.062,3.1546,3.3301,3.4185,3.5656,3.6209,3.6853,4.0466,4.1732,4.2666,4.4533,7.0664,7.1144,8.8686,9.0957,9.1651,9.7722,10.5786,10.8369,10.8544,10.8928,10.9809,11.3503,11.4075,12.2544,12.4612,12.5142,12.8387,13.0623,13.2329,13.3647,14.2143,14.3555,14.5498,14.6748,15.7854,16.6185,16.6723,16.9007,17.2116,17.3655,17.6169,17.6229,18.0647,18.76,18.9609,18.9814,19.2275,19.3711,19.501,19.9299,20.1131,20.2919,20.2966,20.893,21.2477,21.4655,21.5424,22.2617,22.6052,22.6943,23.026,23.3005,23.3228,23.4419,24.2154,24.3014,25.0651,25.1296
1.825219327478107,-64.527,-64.5269,-64.5266,-64.5265,-64.487,-64.487,-64.4869,-64.4868,-64.4867,-64.4867,-64.4866,-64.4865,-64.4284,-64.4284,-64.4283,-64.4283,-64.341,-64.3409,-10.2907,-10.2868,-8.3126,-8.2898,-6.9137,-6.8865,-1.4057,-1.2811,-0.9592,-0.8093,-0.62,-0.4999,-0.3005,-0.1147,0.1406,0.2907,0.5211,0.6742,0.7502,0.9642,1.4336,1.445,2.124,2.3276,2.3354,2.4365,2.5152,2.5679,2.5895,2.6002,2.6326,2.6434,2.6624,2.684,2.7199,2.7812,2.8351,2.8548,2.8855,2.9375,3.0032,3.0688,3.1679,3.3389,3.4284,3.5855,3.6397,3.706,4.0565,4.1727,4.2844,4.4486,7.0691,7.0982,8.868,9.1131,9.1846,9.7803,10.5578,10.8269,10.833,10.8444,10.9358,11.3364,11.419,12.2057,12.4121,12.5043,12.8545,13.0364,13.2489,13.3471,14.2122,14.319,14.5257,14.6458,15.796,16.5631,16.6973,16.9043,17.1898,17.288,17.6495,17.6918,18.0237,18.7385,18.9189,19.0897,19.2592,19.3677,19.4878,19.8375,20.1436,20.2497,20.3897,20.8211,21.2585,21.4616,21.5088,22.3137,22.5808,22.7428,23.0565,23.3035,23.3347,23.4529,24.1546,24.2659,25.0386,25.1455
1.835159072199955,-64.527,-64.5269,-64.5266,-64.5265,-64.4871,-64.487,-64.487,-64.4868,-64.4867,-64.4867,-64.4866,-64.4865,-64.4284,-64.4283,-64.4283,-64.4283,-64.341,-64.3409,-10.2966,-10.2926,-8.322,-8.2976,-6.9216,-6.8922,-1.4114,-1.285,-0.9539,-0.8089,-0.616,-0.4888,-0.294,-0.0976,0.1451,0.2951,0.5248,0.6706,0.7465,0.9603,1.4352,1.4451,2.1285,2.3312,2.3466,2.4453,2.5263,2.5705,2.5948,2.5992,2.6384,2.6407,2.6638,2.688,2.728,2.7869,2.8337,2.8572,2.8927,2.9424,3.0073,3.076,3.1822,3.3478,3.4381,3.606,3.6587,3.7269,4.0672,4.173,4.3029,4.4437,7.0722,7.0816,8.868,9.1305,9.2044,9.7875,10.5374,10.7958,10.8075,10.8181,10.8942,11.3233,11.431,12.1575,12.3636,12.4936,12.8699,13.0113,13.2654,13.3296,14.211,14.2836,14.5023,14.6163,15.8038,16.4979,16.7046,16.9083,17.1561,17.2231,17.6833,17.7667,17.9857,18.7011,18.8755,19.1842,19.3081,19.3686,19.4906,19.7464,20.1803,20.2065,20.4759,20.7526,21.2725,21.4646,21.4778,22.3688,22.5524,22.7905,23.0878,23.3046,23.3424,23.4632,24.0831,24.2299,24.9962,25.1662
1.8450987838225303,-64.527,-64.5269,-64.5266,-64.5265,-64.4871,-64.487,-64.487,-64.4868,-64.4867,-64.4867,-64.4866,-64.4865,-64.4284,-64.4283,-64.4283,-64.4283,-64.341,-64.3409,-10.3028,-10.2985,-8.3316,-8.3057,-6.9298,-6.8982,-1.417,-1.2886,-0.9478,-0.8081,-0.6114,-0.4781,-0.2876,-0.0809,0.1497,0.2994,0.528,0.6668,0.7432,0.9566,1.4362,1.4447,2.1331,2.3348,2.3577,2.4536,2.5367,2.5724,2.5974,2.5988,2.6328,2.6489,2.6677,2.6929,2.7359,2.7927,2.8329,2.8597,2.9017,2.9482,3.0111,3.0837,3.1978,3.3567,3.4478,3.6273,3.6777,3.7479,4.0786,4.1739,4.3221,4.4386,7.0647,7.0758,8.8685,9.148,9.2245,9.7941,10.5173,10.747,10.7759,10.8103,10.8585,11.3111,11.4434,12.1099,12.3162,12.4822,12.8848,12.9869,13.2822,13.3122,14.2106,14.2493,14.4798,14.5864,15.8085,16.4261,16.6907,16.9127,17.1111,17.1752,17.7172,17.8436,17.9502,18.6583,18.8304,19.2498,19.3645,19.374,19.5238,19.6577,20.1627,20.2232,20.5528,20.688,21.2894,21.45,21.4763,22.4267,22.5203,22.8366,23.1187,23.3044,23.3446,23.4732,24.0079,24.194,24.9854,25.1993
1.8550384954451056,-64.527,-64.5269,-64.5266,-64.5265,-64.4871,-64.487,-64.487,-64.4868,-64.4867,-64.4867,-64.4866,-64.4866,-64.4284,-64.4283,-64.4283,-64.4283,-64.341,-64.3409,-10.3091,-10.3046,-8.3414,-8.3139,-6.9381,-6.9043,-1.4225,-1.2918,-0.9411,-0.8069,-0.6063,-0.4677,-0.2812,-0.0644,0.1545,0.3036,0.5308,0.6628,0.7403,0.9532,1.4368,1.444,2.1378,2.3385,2.3684,2.4613,2.5462,2.5739,2.5976,2.5992,2.6268,2.6569,2.6736,2.6988,2.7433,2.7987,2.8327,2.8621,2.9126,2.9549,3.0148,3.0917,3.2144,3.3658,3.4574,3.6493,3.6967,3.7691,4.0907,4.1758,4.3418,4.4334,7.0475,7.0797,8.8694,9.1656,9.2447,9.8001,10.4976,10.6979,10.7372,10.8035,10.8294,11.2997,11.4558,12.0629,12.2701,12.4701,12.8992,12.9631,13.295,13.2994,14.211,14.2161,14.458,14.5559,15.8097,16.3496,16.6547,16.9174,17.0559,17.1457,17.7503,17.9167,17.9179,18.618,18.7833,19.2781,19.384,19.4226,19.5719,19.5948,20.1187,20.2721,20.6179,20.628,21.309,21.4262,21.4988,22.4852,22.4871,22.8798,23.1483,23.3025,23.3395,23.482,23.9344,24.1575,24.9341,25.2887
1.864978207067681,-64.527,-64.5269,-64.5266,-64.5265,-64.4871,-64.487,-64.487,-64.4868,-64.4867,-64.4867,-64.4866,-64.4865,-64.4284,-64.4283,-64.4283,-64.4283,-64.341,-64.3409,-10.3156,-10.3108,-8.3515,-8.3224,-6.9467,-6.9105,-1.4279,-1.2947,-0.9336,-0.8051,-0.6007,-0.4576,-0.2749,-0.0483,0.1595,0.3077,0.5333,0.6585,0.7378,0.9501,1.437,1.443,2.1426,2.3423,2.3788,2.4683,2.5544,2.5753,2.5961,2.6006,2.6206,2.6643,2.6809,2.7058,2.75,2.8048,2.8332,2.8645,2.9255,2.9629,3.0185,3.1001,3.2322,3.3751,3.4668,3.6719,3.7157,3.7902,4.1037,4.1785,4.3622,4.428,7.03,7.0839,8.8708,9.1833,9.265,9.8055,10.4782,10.6487,10.6933,10.7978,10.8051,11.2892,11.4677,12.0167,12.2258,12.4574,12.9131,12.9399,13.278,13.3168,14.1841,14.2119,14.4371,14.5249,15.8071,16.2702,16.6001,16.9224,16.9916,17.1318,17.7818,17.8841,17.985,18.5867,18.7337,19.2816,19.3985,19.479,19.4897,19.6901,20.0752,20.326,20.5734,20.6697,21.3313,21.4072,21.5336,22.447,22.5496,22.9172,23.1757,23.2994,23.3267,23.4908,23.8685,24.1206,24.9019,25.3128
1.874917951789529,-64.527,-64.5269,-64.5266,-64.5265,-64.4871,-64.487,-64.4869,-64.4867,-64.4867,-64.4867,-64.4866,-64.4865,-64.4284,-64.4283,-64.4283,-64.4283,-64.341,-64.3409,-10.3222,-10.3172,-8.3618,-8.3311,-6.9555,-6.9169,-1.4333,-1.2973,-0.9255,-0.8028,-0.5945,-0.4478,-0.2687,-0.0326,0.1646,0.3118,0.5353,0.6541,0.7357,0.9474,1.4368,1.4416,2.1474,2.3461,2.3886,2.4747,2.5615,2.5768,2.5935,2.6028,2.6143,2.671,2.6888,2.7141,2.7558,2.8112,2.8344,2.8668,2.9403,2.9723,3.0221,3.1088,3.2511,3.3845,3.476,3.6953,3.7346,3.8114,4.1176,4.1822,4.3832,4.4226,7.0123,7.0886,8.8726,9.201,9.2854,9.8103,10.459,10.5995,10.6465,10.7835,10.7932,11.2797,11.4787,11.9713,12.1838,12.4441,12.9173,12.9265,13.2611,13.3345,14.1532,14.2132,14.417,14.4933,15.8003,16.189,16.5325,16.9199,16.9276,17.1283,17.8109,17.8515,18.0389,18.571,18.6812,19.2742,19.4116,19.4169,19.5321,19.794,20.0327,20.3839,20.5259,20.7073,21.3562,21.3941,21.5811,22.4058,22.6138,22.9437,23.2003,23.2952,23.3069,23.4985,23.8145,24.084,24.8623,25.3432
1.8848576634121041,-64.5269,-64.5268,-64.5266,-64.5265,-64.487,-64.4869,-64.4869,-64.4867,-64.4867,-64.4867,-64.4865,-64.4865,-64.4284,-64.4283,-64.4283,-64.4283,-64.341,-64.3409,-10.329,-10.3237,-8.3724,-8.3399,-6.9644,-6.9234,-1.4386,-1.2997,-0.9166,-0.7999,-0.5877,-0.4382,-0.2625,-0.0172,0.1698,0.3158,0.5369,0.6493,0.734,0.9449,1.4362,1.4399,2.1523,2.3499,2.3979,2.4806,2.5675,2.5783,2.5901,2.6057,2.608,2.677,2.6968,2.7238,2.7609,2.8178,2.8361,2.8689,2.9569,2.9831,3.0259,3.1179,3.271,3.3942,3.4851,3.7193,3.7536,3.8324,4.1323,4.1871,4.4049,4.4172,6.9943,7.0936,8.8748,9.2186,9.3058,9.8147,10.4402,10.5502,10.598,10.7632,10.7895,11.271,11.488,11.9268,12.1446,12.4304,12.8952,12.9394,13.2444,13.3524,14.1234,14.2147,14.3978,14.461,15.789,16.1068,16.4573,16.8418,16.933,17.1307,17.8179,17.837,18.0745,18.5764,18.6255,19.2625,19.3381,19.4382,19.5815,19.8968,19.9922,20.4438,20.4882,20.7315,21.3836,21.3884,21.6402,22.3616,22.6788,22.9504,23.2218,23.2887,23.2892,23.5059,23.7751,24.0457,24.8058,25.3001
1.8947973750346794,-64.5269,-64.5268,-64.5266,-64.5265,-64.487,-64.487,-64.4869,-64.4867,-64.4867,-64.4867,-64.4865,-64.4865,-64.4284,-64.4283,-64.4283,-64.4283,-64.341,-64.3409,-10.3359,-10.3304,-8.3831,-8.3489,-6.9736,-6.9301,-1.444,-1.3017,-0.907,-0.7964,-0.5805,-0.429,-0.2563,-0.0022,0.1751,0.3197,0.5382,0.6444,0.7326,0.9427,1.4351,1.4379,2.1573,2.3538,2.4065,2.4859,2.5726,2.58,2.5865,2.6017,2.6091,2.6821,2.7044,2.7346,2.7652,2.8247,2.8383,2.8707,2.9752,2.9954,3.0298,3.1271,3.292,3.404,3.4939,3.7439,3.7724,3.8531,4.1479,4.1932,4.4119,4.4271,6.9761,7.099,8.8773,9.2363,9.3262,9.8187,10.4215,10.501,10.5486,10.7435,10.7867,11.2633,11.4949,11.8834,12.109,12.4162,12.8737,12.9517,13.2279,13.3705,14.0947,14.2164,14.3794,14.4279,15.7727,16.0246,16.3782,16.7586,16.9384,17.1361,17.7826,17.8596,18.0901,18.5664,18.6044,19.2493,19.2696,19.4611,19.627,19.9552,19.9898,20.4661,20.5037,20.7437,21.3916,21.4134,21.7088,22.3142,22.7425,22.9289,23.2398,23.2823,23.2838,23.5127,23.7497,24.0089,24.7608,25.2588
1.9047371197565275,-64.5269,-64.5268,-64.5266,-64.5265,-64.487,-64.487,-64.4869,-64.4867,-64.4867,-64.4867,-64.4865,-64.4865,-64.4284,-64.4283,-64.4283,-64.4283,-64.341,-64.3409,-10.3429,-10.3372,-8.3941,-8.3581,-6.9829,-6.937,-1.4495,-1.3036,-0.8968,-0.7922,-0.5727,-0.4199,-0.2502,0.0125,0.1804,0.3235,0.5392,0.6392,0.7317,0.9408,1.4338,1.4356,2.1623,2.3577,2.4143,2.4906,2.5772,2.5818,2.5826,2.5955,2.6128,2.6866,2.7115,2.7466,2.7688,2.8318,2.841,2.8722,2.9949,3.0092,3.0339,3.1366,3.3141,3.4141,3.5025,3.7691,3.7912,3.8734,4.1645,4.2007,4.4068,4.4499,6.9577,7.1047,8.88,9.254,9.3465,9.8223,10.4031,10.452,10.4988,10.724,10.7849,11.2565,11.4985,11.841,12.0775,12.4017,12.8529,12.9635,13.2116,13.3887,14.0672,14.2179,14.3618,14.394,15.7509,15.9432,16.2975,16.6712,16.9438,17.1427,17.7449,17.8786,18.0894,18.5038,18.6511,19.2063,19.2358,19.483,19.6691,19.9236,20.0615,20.4693,20.5609,20.7463,21.4057,21.4457,21.7845,22.2637,22.7914,22.8905,23.2542,23.2743,23.2958,23.5189,23.7356,23.9714,24.7097,25.1116
1.9146768313791027,-64.5269,-64.5268,-64.5266,-64.5265,-64.487,-64.487,-64.4869,-64.4867,-64.4867,-64.4866,-64.4865,-64.4865,-64.4284,-64.4283,-64.4283,-64.4283,-64.341,-64.3409,-10.3501,-10.3441,-8.4052,-8.3675,-6.9924,-6.9439,-1.455,-1.3052,-0.8858,-0.7874,-0.5643,-0.4111,-0.2441,0.0268,0.1858,0.3272,0.5397,0.6338,0.7311,0.9392,1.432,1.433,2.1674,2.3617,2.4213,2.4949,2.5787,2.5816,2.5836,2.5894,2.6163,2.6904,2.718,2.7597,2.7718,2.8391,2.8439,2.8735,3.0161,3.0246,3.0384,3.1462,3.3372,3.4246,3.5108,3.795,3.8099,3.8931,4.1819,4.2097,4.4018,4.4734,6.9391,7.1107,8.883,9.2716,9.3665,9.8257,10.3849,10.4033,10.4487,10.7044,10.7839,11.2506,11.4981,11.7998,12.0511,12.3871,12.8328,12.9747,13.1955,13.4071,14.0408,14.2191,14.345,14.3591,15.7227,15.8637,16.2168,16.5805,16.9491,17.1494,17.7045,17.8938,18.0791,18.4378,18.7095,19.1484,19.2227,19.5004,19.7082,19.9005,20.1009,20.5078,20.6132,20.7411,21.4322,21.4805,21.8645,22.2099,22.7585,22.9099,23.2651,23.2654,23.3192,23.5245,23.7312,23.9335,24.6823,25.0258
1.924616543001678,-64.5269,-64.5268,-64.5266,-64.5265,-64.487,-64.4869,-64.4869,-64.4867,-64.4867,-64.4866,-64.4865,-64.4865,-64.4284,-64.4283,-64.4283,-64.4283,-64.341,-64.3409,-10.3574,-10.3512,-8.4165,-8.377,-7.002,-6.951,-1.4606,-1.3066,-0.8742,-0.7819,-0.5555,-0.4025,-0.2379,0.0406,0.1912,0.3308,0.5399,0.6283,0.7309,0.9378,1.43,1.4302,2.1726,2.3656,2.4276,2.4988,2.5749,2.5835,2.5856,2.586,2.6198,2.6936,2.7238,2.7735,2.7744,2.8467,2.847,2.8746,3.0384,3.0415,3.0434,3.1559,3.3613,3.4353,3.5188,3.8214,3.8284,3.9121,4.2003,4.2203,4.3972,4.4974,6.9203,7.117,8.8861,9.2892,9.3861,9.8289,10.355,10.3668,10.3984,10.6847,10.7836,11.2458,11.4928,11.7598,12.0302,12.3722,12.8135,12.9854,13.1796,13.4256,14.0154,14.2196,14.3231,14.3291,15.6866,15.788,16.1373,16.4871,16.9542,17.1559,17.6612,17.9053,18.0646,18.3687,18.7736,19.0956,19.2103,19.5091,19.7449,19.8893,20.1094,20.5794,20.6587,20.7299,21.4723,21.5176,21.946,22.1532,22.668,22.9714,23.2557,23.2727,23.3463,23.5296,23.7353,23.8966,24.6129,24.9196
1.934556287723526,-64.5269,-64.5268,-64.5266,-64.5265,-64.487,-64.4869,-64.4868,-64.4868,-64.4867,-64.4867,-64.4865,-64.4865,-64.4284,-64.4283,-64.4283,-64.4283,-64.341,-64.3409,-10.3649,-10.3583,-8.4279,-8.3867,-7.0118,-6.9582,-1.4663,-1.3079,-0.8618,-0.7757,-0.5462,-0.3942,-0.2318,0.0541,0.1966,0.3344,0.5398,0.6225,0.731,0.9368,1.4271,1.4276,2.1778,2.3696,2.433,2.5025,2.571,2.5778,2.5874,2.5905,2.623,2.6963,2.729,2.7767,2.7878,2.8503,2.8544,2.8754,3.049,3.0598,3.0619,3.1657,3.3863,3.4464,3.5265,3.8468,3.8484,3.9303,4.2197,4.2328,4.3928,4.5219,6.9013,7.1236,8.8894,9.3068,9.4053,9.832,10.3073,10.3481,10.3488,10.6647,10.7841,11.2418,11.4821,11.7212,12.0153,12.3573,12.7952,12.9954,13.1639,13.4442,13.9911,14.2193,14.2859,14.3139,15.6398,15.7194,16.0598,16.3916,16.959,17.1619,17.6148,17.9134,18.0497,18.297,18.8389,19.0476,19.1988,19.5059,19.7797,19.8927,20.0987,20.6715,20.6969,20.7142,21.5261,21.5572,22.0232,22.0971,22.5619,23.0382,23.2453,23.2771,23.3703,23.5332,23.7477,23.8603,24.568,24.8139
1.9444959993461013,-64.5269,-64.5268,-64.5266,-64.5265,-64.487,-64.4869,-64.4868,-64.4867,-64.4867,-64.4866,-64.4865,-64.4865,-64.4285,-64.4283,-64.4283,-64.4283,-64.341,-64.3409,-10.3724,-10.3656,-8.4395,-8.3964,-7.0217,-6.9655,-1.4722,-1.3091,-0.8488,-0.7687,-0.5364,-0.386,-0.2256,0.0672,0.2019,0.3378,0.5392,0.6166,0.7316,0.936,1.4237,1.4249,2.1831,2.3736,2.4378,2.5059,2.5673,2.5723,2.5893,2.5951,2.6259,2.6987,2.7335,2.7786,2.8025,2.8535,2.8621,2.876,3.0553,3.0792,3.0863,3.1754,3.4124,3.458,3.5338,3.8652,3.876,3.9475,4.2399,4.2471,4.389,4.547,6.8823,7.1305,8.8926,9.3244,9.4237,9.8349,10.2603,10.2979,10.331,10.6444,10.7853,11.2388,11.466,11.684,12.0061,12.3425,12.7779,13.0047,13.1484,13.4628,13.9678,14.2178,14.2473,14.2994,15.5806,15.6599,15.985,16.2945,16.9633,17.1672,17.5653,17.9183,18.0366,18.2231,18.9025,19.0042,19.1883,19.49,19.8131,19.9102,20.0788,20.695,20.7281,20.7731,21.5927,21.5991,22.0185,22.1175,22.4484,23.1046,23.2344,23.2794,23.3888,23.5364,23.7704,23.8251,24.5309,24.7225
1.9544357109686765,-64.5269,-64.5268,-64.5266,-64.5265,-64.4869,-64.4869,-64.4869,-64.4867,-64.4867,-64.4866,-64.4865,-64.4865,-64.4284,-64.4283,-64.4283,-64.4283,-64.341,-64.3409,-10.3801,-10.373,-8.4513,-8.4063,-7.0318,-6.973,-1.4783,-1.3101,-0.8351,-0.7611,-0.5261,-0.378,-0.2193,0.0798,0.2072,0.3411,0.5383,0.6104,0.7326,0.9355,1.4201,1.4219,2.1885,2.3775,2.4419,2.5092,2.5637,2.567,2.5911,2.5999,2.6286,2.7007,2.7374,2.7804,2.8172,2.8567,2.87,2.8763,3.0627,3.0998,3.1115,3.1851,3.4394,3.4699,3.5408,3.8834,3.9042,3.9636,4.2611,4.2633,4.3856,4.5726,6.8631,7.1376,8.8958,9.342,9.4411,9.8378,10.2143,10.2478,10.3132,10.6238,10.7869,11.2368,11.4448,11.6483,12.0023,12.3278,12.7619,13.0134,13.1331,13.4814,13.9456,14.2072,14.2149,14.2856,15.5132,15.6058,15.9135,16.1961,16.967,17.1719,17.513,17.9204,18.0267,18.1479,18.9621,18.9649,19.1787,19.4637,19.8456,19.9391,20.0552,20.673,20.7536,20.8778,21.6433,21.6702,21.9531,22.1917,22.3309,23.1667,23.2233,23.2796,23.4012,23.5377,23.7922,23.8035,24.5067,24.6366
1.9643754225912518,-64.5269,-64.5268,-64.5265,-64.5265,-64.4869,-64.4869,-64.4869,-64.4867,-64.4867,-64.4866,-64.4865,-64.4865,-64.4284,-64.4283,-64.4283,-64.4283,-64.341,-64.3409,-10.3878,-10.3804,-8.4632,-8.4164,-7.0419,-6.9805,-1.4846,-1.311,-0.8208,-0.7526,-0.5153,-0.3702,-0.213,0.092,0.2124,0.3444,0.5371,0.6041,0.7341,0.9353,1.4163,1.4187,2.1939,2.3815,2.4453,2.5124,2.5603,2.5619,2.5928,2.6048,2.6312,2.7024,2.7408,2.7821,2.8315,2.8598,2.8764,2.8779,3.0712,3.1212,3.1374,3.1947,3.4673,3.4824,3.5473,3.9016,3.9328,3.9787,4.2815,4.2833,4.3829,4.5987,6.8438,7.1449,8.8989,9.3596,9.4573,9.8407,10.1697,10.1978,10.2954,10.6028,10.7891,11.2358,11.419,11.6141,12.0028,12.3133,12.7474,13.0213,13.118,13.4999,13.9242,14.1654,14.2103,14.2725,15.443,15.5522,15.8459,16.0969,16.9701,17.1758,17.4579,17.92,18.0206,18.0718,18.9292,19.0162,19.1702,19.4297,19.8773,19.9755,20.0304,20.6487,20.775,20.9819,21.6897,21.7564,21.8816,22.2114,22.2637,23.2123,23.2169,23.2786,23.4138,23.5346,23.762,23.8435,24.4656,24.5463
1.9743151673130996,-64.5269,-64.5268,-64.5265,-64.5265,-64.4869,-64.4869,-64.4869,-64.4868,-64.4867,-64.4866,-64.4865,-64.4865,-64.4285,-64.4283,-64.4283,-64.4283,-64.341,-64.3409,-10.3957,-10.388,-8.4752,-8.4265,-7.0522,-6.9881,-1.491,-1.3119,-0.8058,-0.7434,-0.5041,-0.3626,-0.2066,0.1039,0.2176,0.3475,0.5354,0.5976,0.7359,0.9353,1.4122,1.4151,2.1994,2.3855,2.4483,2.5156,2.557,2.5571,2.5944,2.6096,2.6337,2.704,2.7437,2.7837,2.8453,2.8628,2.8763,2.8857,3.0812,3.1435,3.1638,3.2043,3.4954,3.4961,3.5535,3.9197,3.962,3.9927,4.3016,4.3063,4.3808,4.6253,6.8244,7.1524,8.9018,9.3772,9.4717,9.8436,10.1269,10.1481,10.2777,10.5814,10.7915,11.2357,11.3895,11.5816,12.0066,12.2992,12.7347,13.0284,13.1031,13.5184,13.9038,14.1218,14.2036,14.26,15.3729,15.4969,15.7825,15.997,16.9721,17.1791,17.4003,17.9175,17.9955,18.0186,18.8968,19.0638,19.1626,19.3907,19.9086,20.0056,20.016,20.6227,20.7939,21.0822,21.7381,21.8062,21.8492,22.0919,22.3302,23.2019,23.2435,23.2773,23.4407,23.5288,23.7361,23.8911,24.4422,24.4558
1.9842548789356749,-64.5269,-64.5268,-64.5265,-64.5264,-64.4869,-64.4869,-64.4868,-64.4868,-64.4866,-64.4866,-64.4865,-64.4865,-64.4284,-64.4283,-64.4283,-64.4282,-64.341,-64.3409,-10.4036,-10.3956,-8.4873,-8.4367,-7.0626,-6.9959,-1.4976,-1.3127,-0.7902,-0.7335,-0.4925,-0.3551,-0.2001,0.1153,0.2226,0.3506,0.5334,0.591,0.7382,0.9357,1.4079,1.4114,2.205,2.3894,2.4508,2.5188,2.5525,2.5539,2.5959,2.6144,2.6361,2.7054,2.7461,2.7853,2.8583,2.8657,2.8761,2.8935,3.0928,3.1664,3.1907,3.2138,3.5091,3.5257,3.5593,3.9378,3.9916,4.0056,4.3236,4.3301,4.3795,4.6524,6.805,7.1602,8.9043,9.3949,9.4837,9.8466,10.0865,10.0987,10.2599,10.5596,10.7943,11.2365,11.357,11.5507,12.0127,12.2856,12.7239,13.0346,13.0884,13.5367,13.8843,14.0763,14.1947,14.2482,15.304,15.4393,15.7238,15.8968,16.973,17.1818,17.3405,17.9132,17.9198,18.0207,18.8673,19.104,19.1559,19.3484,19.9396,19.9816,20.0582,20.5951,20.8114,21.1757,21.7274,21.7881,21.9465,21.9746,22.39,23.1926,23.2408,23.2756,23.4889,23.5172,23.7167,23.944,24.3695,24.4275
1.99419459055825,-64.5269,-64.5268,-64.5265,-64.5264,-64.4869,-64.4868,-64.4868,-64.4868,-64.4866,-64.4865,-64.4865,-64.4864,-64.4284,-64.4283,-64.4283,-64.4282,-64.341,-64.3409,-10.4116,-10.4033,-8.4995,-8.4471,-7.0731,-7.0037,-1.5045,-1.3135,-0.774,-0.7228,-0.4804,-0.3478,-0.1935,0.1263,0.2275,0.3536,0.531,0.5843,0.7409,0.9362,1.4035,1.4074,2.2107,2.3933,2.4529,2.522,2.5482,2.551,2.5973,2.619,2.6385,2.7067,2.7482,2.7869,2.8684,2.8701,2.8757,2.9013,3.1062,3.1897,3.2179,3.2232,3.5235,3.5561,3.5648,3.9559,4.0176,4.0217,4.3472,4.3548,4.379,4.6799,6.7855,7.168,8.9064,9.4126,9.4927,9.8497,10.0491,10.0497,10.242,10.5374,10.7971,11.2383,11.3224,11.5215,12.02,12.2726,12.7154,13.0398,13.0738,13.5549,13.8655,14.0286,14.1834,14.2369,15.2366,15.3796,15.6703,15.7965,16.9725,17.1839,17.2787,17.8451,17.9075,18.0269,18.8404,19.1364,19.15,19.3039,19.9585,19.9701,20.1002,20.5662,20.8284,21.2571,21.6455,21.8396,21.8635,22.0463,22.4422,23.1855,23.218,23.2744,23.4997,23.5523,23.7039,24.0002,24.2812,24.4428
2.004134335280098,-64.5269,-64.5268,-64.5265,-64.5264,-64.4869,-64.4868,-64.4868,-64.4868,-64.4866,-64.4865,-64.4865,-64.4864,-64.4285,-64.4284,-64.4283,-64.4283,-64.341,-64.3409,-10.4197,-10.4111,-8.5118,-8.4575,-7.0837,-7.0116,-1.5115,-1.3142,-0.7572,-0.7114,-0.4679,-0.3407,-0.1868,0.1369,0.2323,0.3564,0.5283,0.5774,0.7441,0.9371,1.3988,1.4032,2.2163,2.3972,2.4548,2.5252,2.5442,2.5482,2.5985,2.6233,2.641,2.7078,2.7499,2.7884,2.871,2.8752,2.8807,2.9089,3.1215,3.2133,3.2324,3.2452,3.5386,3.5699,3.5873,3.9741,4.0287,4.0522,4.3724,4.3795,4.3803,4.7078,6.766,7.1761,8.9079,9.4304,9.4978,9.8529,10.001,10.0158,10.2241,10.5149,10.7999,11.241,11.2863,11.4941,12.0275,12.2602,12.7094,13.0439,13.0594,13.5729,13.8475,13.9789,14.1695,14.2261,15.1708,15.3186,15.6221,15.6963,16.9701,17.1854,17.2152,17.7722,17.9006,18.037,18.8159,19.1447,19.1608,19.2578,19.9366,20.0,20.1407,20.5361,20.8453,21.3166,21.561,21.7672,21.8918,22.1469,22.4864,23.181,23.1849,23.2733,23.4762,23.6224,23.6991,24.0598,24.2066,24.4391
2.014074046902673,-64.5268,-64.5267,-64.5264,-64.5264,-64.4869,-64.4868,-64.4868,-64.4867,-64.4865,-64.4865,-64.4864,-64.4864,-64.4284,-64.4283,-64.4283,-64.4283,-64.341,-64.3409,-10.4278,-10.4189,-8.5242,-8.4679,-7.0943,-7.0195,-1.5188,-1.315,-0.7398,-0.6993,-0.4551,-0.3337,-0.1799,0.147,0.2369,0.3592,0.5252,0.5704,0.7477,0.9382,1.394,1.3988,2.2221,2.4011,2.4564,2.5286,2.5404,2.5456,2.5996,2.6273,2.6436,2.7089,2.7513,2.79,2.8735,2.8745,2.8899,2.9164,3.1388,3.2369,3.2417,3.2726,3.5547,3.5749,3.6191,3.9923,4.0391,4.0832,4.3809,4.399,4.4065,4.7361,6.7465,7.1842,8.9087,9.4483,9.4978,9.8562,9.9528,9.9876,10.206,10.4921,10.8027,11.2446,11.2491,11.4684,12.0345,12.2487,12.7062,13.0452,13.0467,13.5906,13.8303,13.9269,14.1531,14.2158,15.106,15.2573,15.5794,15.5964,16.9655,17.1503,17.1864,17.7018,17.8928,18.0508,18.7935,19.14,19.1773,19.2107,19.916,20.0294,20.1785,20.5048,20.862,21.3347,21.4742,21.7037,21.9442,22.2464,22.5226,23.1477,23.1806,23.2724,23.4485,23.6968,23.7014,24.1155,24.1335,24.3564
2.0240137585252485,-64.5268,-64.5267,-64.5264,-64.5263,-64.4869,-64.4868,-64.4868,-64.4867,-64.4865,-64.4865,-64.4864,-64.4864,-64.4284,-64.4283,-64.4283,-64.4283,-64.341,-64.3409,-10.436,-10.4268,-8.5366,-8.4784,-7.105,-7.0276,-1.5262,-1.3158,-0.7219,-0.6865,-0.4418,-0.3268,-0.1729,0.1568,0.2414,0.3619,0.5217,0.5632,0.7517,0.9395,1.389,1.3942,2.2279,2.4049,2.4579,2.532,2.5369,2.5432,2.6006,2.6309,2.6463,2.71,2.7525,2.7915,2.8738,2.8758,2.8977,2.9239,3.158,3.2508,3.2603,3.2997,3.5718,3.5798,3.6516,4.0107,4.0488,4.1146,4.3834,4.4269,4.4335,4.7647,6.727,7.1925,8.9086,9.4663,9.4919,9.8597,9.9052,9.9653,10.1877,10.4691,10.8051,11.2113,11.2491,11.4445,12.0402,12.2381,12.7059,13.0311,13.0481,13.608,13.8136,13.8728,14.1343,14.2059,15.0414,15.1969,15.4969,15.5425,16.9581,17.0842,17.1869,17.6346,17.8844,18.0678,18.7732,19.1356,19.163,19.1862,19.8966,20.0579,20.213,20.4725,20.8781,21.2939,21.3855,21.6885,21.9959,22.3431,22.551,23.1114,23.186,23.2707,23.4178,23.709,23.7797,24.063,24.1816,24.2799
2.033953503247097,-64.5268,-64.5266,-64.5264,-64.5264,-64.4868,-64.4868,-64.4867,-64.4867,-64.4866,-64.4865,-64.4865,-64.4864,-64.4283,-64.4283,-64.4283,-64.4283,-64.341,-64.3409,-10.4443,-10.4347,-8.549,-8.489,-7.1158,-7.0356,-1.5339,-1.3166,-0.7034,-0.6729,-0.4283,-0.32,-0.1658,0.1661,0.2456,0.3645,0.518,0.556,0.7562,0.9411,1.3839,1.3894,2.2338,2.4087,2.4593,2.5337,2.5355,2.5409,2.6015,2.6339,2.6494,2.711,2.7534,2.7931,2.8729,2.8779,2.9041,2.9313,3.1791,3.2599,3.2833,3.3265,3.5847,3.5901,3.6846,4.0294,4.0579,4.1463,4.387,4.4557,4.4611,4.7936,6.7076,7.2008,8.9075,9.4793,9.4845,9.8582,9.8633,9.9498,10.1691,10.446,10.8072,11.1733,11.2544,11.4225,12.0443,12.2284,12.7087,13.0171,13.0478,13.625,13.7976,13.8166,14.1133,14.1965,14.9759,15.1389,15.3981,15.5112,16.9474,17.0173,17.1869,17.5714,17.8756,18.0878,18.7546,19.1147,19.1316,19.188,19.8785,20.0855,20.2435,20.439,20.8929,21.2084,21.2953,21.7051,22.0458,22.4349,22.5721,23.0792,23.1982,23.2685,23.3854,23.7131,23.8528,24.0024,24.1793,24.2435
2.043893214869672,-64.5268,-64.5266,-64.5264,-64.5264,-64.4868,-64.4868,-64.4867,-64.4867,-64.4866,-64.4865,-64.4865,-64.4864,-64.4283,-64.4283,-64.4283,-64.4283,-64.341,-64.3409,-10.4525,-10.4427,-8.5616,-8.4996,-7.1266,-7.0438,-1.5417,-1.3175,-0.6844,-0.6587,-0.4144,-0.3134,-0.1585,0.1751,0.2498,0.367,0.5139,0.5486,0.7611,0.9429,1.3786,1.3845,2.2398,2.4124,2.4606,2.5308,2.5389,2.5391,2.6023,2.6366,2.6525,2.712,2.7541,2.7946,2.8719,2.88,2.9093,2.9385,3.2019,3.269,3.3055,3.3528,3.5898,3.6097,3.7182,4.0482,4.0667,4.1783,4.3917,4.4856,4.4894,4.8228,6.6881,7.2093,8.9052,9.4599,9.5029,9.8119,9.867,9.9411,10.1504,10.4228,10.8087,11.1353,11.2606,11.4022,12.0464,12.2199,12.7145,13.0032,13.0457,13.6415,13.7584,13.7822,14.0906,14.1876,14.9083,15.085,15.3001,15.4854,16.9326,16.9498,17.1865,17.5131,17.8665,18.1105,18.7378,19.0662,19.1276,19.183,19.8616,20.112,20.2696,20.4043,20.9057,21.1022,21.2042,21.7277,22.0929,22.5199,22.587,23.0548,23.2203,23.2645,23.3537,23.7244,23.9289,23.9353,24.127,24.2838
2.0538329264922472,-64.5268,-64.5266,-64.5264,-64.5264,-64.4869,-64.4868,-64.4867,-64.4866,-64.4866,-64.4865,-64.4865,-64.4864,-64.4283,-64.4283,-64.4283,-64.4283,-64.341,-64.3409,-10.4609,-10.4507,-8.5741,-8.5103,-7.1374,-7.0519,-1.5497,-1.3184,-0.6649,-0.6438,-0.4002,-0.307,-0.151,0.1836,0.2537,0.3694,0.5095,0.5412,0.7664,0.945,1.3732,1.3794,2.2458,2.416,2.4619,2.5281,2.537,2.5428,2.603,2.6388,2.6557,2.713,2.7546,2.7961,2.8707,2.8818,2.9133,2.9457,3.2262,3.2781,3.3265,3.3784,3.5956,3.6308,3.7522,4.0675,4.075,4.2106,4.3976,4.5162,4.5182,4.8523,6.6688,7.2177,8.9015,9.434,9.5216,9.7664,9.8709,9.939,10.1313,10.3997,10.8096,11.0977,11.2675,11.3836,12.0463,12.2126,12.7233,12.9894,13.0415,13.6574,13.6984,13.7672,14.0666,14.1791,14.8379,15.036,15.2032,15.4649,16.882,16.9132,17.1856,17.4603,17.8574,18.1355,18.7226,19.0174,19.1235,19.1721,19.8461,20.1375,20.2909,20.3683,20.9155,20.9873,21.1124,21.7422,22.1357,22.596,22.5961,23.0416,23.2516,23.2584,23.3215,23.7367,23.8805,24.0219,24.0309,24.2905
2.0637726381148225,-64.5268,-64.5266,-64.5264,-64.5264,-64.4868,-64.4868,-64.4867,-64.4866,-64.4866,-64.4865,-64.4865,-64.4864,-64.4283,-64.4283,-64.4283,-64.4283,-64.341,-64.3409,-10.4692,-10.4587,-8.5866,-8.5209,-7.1482,-7.0601,-1.5579,-1.3194,-0.6449,-0.6283,-0.3857,-0.3006,-0.1434,0.1917,0.2575,0.3717,0.5048,0.5337,0.772,0.9473,1.3677,1.3742,2.2519,2.4196,2.4631,2.5257,2.5353,2.5466,2.6036,2.6408,2.6589,2.7139,2.7549,2.7976,2.8695,2.8836,2.9163,2.9528,3.2519,3.2872,3.346,3.4031,3.6023,3.6534,3.7865,4.083,4.0871,4.2432,4.4048,4.5475,4.5476,4.882,6.6495,7.2262,8.8961,9.4024,9.5404,9.7217,9.8748,9.9427,10.1118,10.3768,10.8098,11.0605,11.2752,11.3668,12.044,12.2066,12.7347,12.9756,13.0349,13.6368,13.6727,13.7527,14.0418,14.1711,14.7645,14.9923,15.1074,15.4493,16.814,16.8887,17.1843,17.4137,17.8483,18.1624,18.7089,18.9686,19.1191,19.1556,19.8317,20.162,20.3073,20.3308,20.8688,20.9216,21.0207,21.7427,22.1729,22.6005,22.662,23.0399,23.2501,23.2903,23.293,23.7291,23.8054,23.9743,24.096,24.2318
2.0737123828366704,-64.5268,-64.5266,-64.5264,-64.5264,-64.4868,-64.4868,-64.4867,-64.4866,-64.4866,-64.4865,-64.4865,-64.4864,-64.4283,-64.4283,-64.4283,-64.4283,-64.341,-64.3409,-10.4776,-10.4668,-8.5992,-8.5316,-7.1591,-7.0683,-1.5663,-1.3205,-0.6245,-0.6122,-0.3709,-0.2944,-0.1357,0.1994,0.2611,0.3739,0.4999,0.5262,0.7781,0.9498,1.3621,1.3689,2.2581,2.4231,2.4644,2.5236,2.5337,2.5504,2.6041,2.6425,2.662,2.7149,2.7551,2.7991,2.8683,2.8852,2.9183,2.9599,3.2787,3.2965,3.3634,3.4269,3.6103,3.6777,3.8211,4.0907,4.1073,4.2761,4.4132,4.5773,4.5795,4.912,6.6302,7.2347,8.8889,9.366,9.5596,9.6781,9.8787,9.9511,10.092,10.3542,10.809,11.0242,11.2836,11.3517,12.0396,12.2019,12.7484,12.9619,13.0258,13.5739,13.6873,13.7386,14.0171,14.1636,14.6884,14.9539,15.0131,15.4384,16.7462,16.8589,17.1826,17.3737,17.8395,18.1909,18.6966,18.9196,19.1141,19.1343,19.8187,20.1856,20.2916,20.3187,20.749,20.9233,20.9295,21.727,22.2031,22.6008,22.7173,23.0515,23.2394,23.2618,23.3426,23.7069,23.7433,23.9556,24.1643,24.1818
2.0836520944592456,-64.5268,-64.5266,-64.5264,-64.5264,-64.4868,-64.4868,-64.4867,-64.4866,-64.4866,-64.4865,-64.4865,-64.4864,-64.4284,-64.4284,-64.4283,-64.4283,-64.341,-64.3409,-10.4859,-10.4748,-8.6117,-8.5423,-7.17,-7.0766,-1.5747,-1.3217,-0.6036,-0.5956,-0.3559,-0.2883,-0.1277,0.2068,0.2645,0.376,0.4947,0.5185,0.7844,0.9525,1.3564,1.3634,2.2643,2.4266,2.4657,2.5218,2.5323,2.5543,2.6046,2.644,2.665,2.7158,2.7552,2.8005,2.8669,2.8866,2.9196,2.967,3.3059,3.3067,3.3784,3.4497,3.62,3.7038,3.8558,4.0983,4.1281,4.3091,4.423,4.6075,4.6118,4.942,6.6111,7.2432,8.8797,9.3259,9.5791,9.6354,9.8825,9.9634,10.0717,10.3322,10.8073,10.9887,11.2926,11.3383,12.0332,12.1985,12.7641,12.948,13.0138,13.5099,13.701,13.7249,13.9929,14.1566,14.6101,14.9203,14.9205,15.4316,16.6787,16.824,17.1805,17.34,17.8309,18.2207,18.6858,18.8707,19.1083,19.1087,19.807,20.2082,20.2503,20.3248,20.6292,20.8395,20.9201,21.6956,22.2249,22.5976,22.7624,23.0748,23.2259,23.2358,23.3995,23.6653,23.6841,23.9527,24.148,24.2459
2.093591806081821,-64.5268,-64.5266,-64.5264,-64.5263,-64.4868,-64.4868,-64.4867,-64.4866,-64.4865,-64.4865,-64.4864,-64.4864,-64.4284,-64.4284,-64.4283,-64.4283,-64.341,-64.3409,-10.4943,-10.4829,-8.6242,-8.5529,-7.1808,-7.0848,-1.5833,-1.323,-0.5824,-0.5784,-0.3407,-0.2824,-0.1196,0.2138,0.2677,0.3781,0.4894,0.5109,0.7912,0.9554,1.3507,1.3579,2.2706,2.43,2.467,2.5202,2.5312,2.5583,2.6049,2.6453,2.6679,2.7167,2.7551,2.8019,2.8655,2.8879,2.9202,2.974,3.3155,3.3355,3.3905,3.4715,3.6317,3.7315,3.8906,4.1056,4.1496,4.3423,4.4341,4.6382,4.6445,4.9722,6.5921,7.2517,8.8682,9.2829,9.5939,9.5989,9.8863,9.9788,10.0509,10.3108,10.8045,10.9543,11.3022,11.3265,12.0251,12.1966,12.7811,12.9341,12.9989,13.4451,13.7115,13.7137,13.9701,14.1503,14.53,14.8298,14.8912,15.4286,16.6116,16.7847,17.178,17.3121,17.8228,18.2512,18.6763,18.8218,19.0795,19.1013,19.7965,20.2065,20.2301,20.3259,20.5101,20.7514,20.9117,21.6503,22.2375,22.5916,22.7979,23.1082,23.2101,23.2124,23.4585,23.6092,23.6264,23.9808,24.103,24.2493
2.1035315508036687,-64.5268,-64.5267,-64.5264,-64.5263,-64.4868,-64.4868,-64.4867,-64.4867,-64.4866,-64.4864,-64.4864,-64.4864,-64.4284,-64.4284,-64.4283,-64.4283,-64.341,-64.3409,-10.5027,-10.4909,-8.6367,-8.5635,-7.1916,-7.0931,-1.592,-1.3244,-0.5608,-0.5607,-0.3252,-0.2766,-0.1114,0.2204,0.2707,0.38,0.4838,0.5032,0.7982,0.9586,1.3448,1.3523,2.2769,2.4333,2.4684,2.5189,2.5301,2.5623,2.6053,2.6466,2.6707,2.7176,2.7549,2.8032,2.864,2.889,2.9201,2.981,3.3253,3.3651,3.3996,3.4922,3.6456,3.7609,3.9252,4.1128,4.172,4.3757,4.4465,4.6692,4.6775,5.0025,6.5733,7.2602,8.8543,9.2375,9.5536,9.6191,9.8898,9.9966,10.0297,10.2903,10.8005,10.9212,11.3123,11.3163,12.0155,12.196,12.799,12.9199,12.9808,13.3799,13.6984,13.7253,13.949,14.1447,14.4486,14.7412,14.8661,15.4289,16.5453,16.7419,17.175,17.2892,17.815,18.282,18.668,18.773,19.0473,19.0928,19.7874,20.1598,20.2512,20.322,20.3925,20.6659,20.8982,21.5934,22.2403,22.583,22.8239,23.1491,23.1916,23.1917,23.5097,23.5496,23.5747,24.0193,24.0423,24.1806
2.113471262426244,-64.5268,-64.5267,-64.5264,-64.5263,-64.4868,-64.4868,-64.4867,-64.4867,-64.4865,-64.4864,-64.4864,-64.4863,-64.4284,-64.4284,-64.4283,-64.4283,-64.341,-64.3409,-10.511,-10.4989,-8.6491,-8.5741,-7.2024,-7.1013,-1.6009,-1.3259,-0.5425,-0.5388,-0.3096,-0.2708,-0.1029,0.2266,0.2735,0.3818,0.478,0.4955,0.8055,0.9619,1.3389,1.3466,2.2833,2.4365,2.4699,2.5179,2.5293,2.5664,2.6055,2.6477,2.6733,2.7184,2.7547,2.8045,2.8624,2.89,2.9194,2.9881,3.3354,3.3954,3.4057,3.512,3.6617,3.7919,3.9596,4.1198,4.1954,4.4091,4.4602,4.7005,4.7107,5.0329,6.5546,7.2686,8.8378,9.1903,9.5145,9.6397,9.893,10.0079,10.0163,10.2707,10.7954,10.8895,11.3077,11.3229,12.0046,12.1968,12.8171,12.9053,12.9597,13.3146,13.6855,13.7356,13.9303,14.1399,14.3663,14.6552,14.8447,15.4321,16.4798,16.6965,17.1717,17.2703,17.8078,18.3124,18.661,18.7243,19.0129,19.0821,19.7796,20.1094,20.2716,20.2769,20.3131,20.5839,20.8797,21.5273,22.2334,22.5722,22.84,23.1705,23.1732,23.1954,23.4892,23.4933,23.584,23.9955,24.0579,24.1145
2.123410974048819,-64.5267,-64.5266,-64.5264,-64.5262,-64.4868,-64.4867,-64.4867,-64.4865,-64.4865,-64.4864,-64.4864,-64.4863,-64.4284,-64.4284,-64.4283,-64.4283,-64.341,-64.3409,-10.5193,-10.5069,-8.6615,-8.5847,-7.2132,-7.1096,-1.6097,-1.3275,-0.5238,-0.5166,-0.2938,-0.2652,-0.0943,0.2325,0.2762,0.3836,0.4721,0.4878,0.8132,0.9654,1.333,1.3409,2.2898,2.4396,2.4715,2.5171,2.5286,2.5704,2.6058,2.6487,2.6758,2.7193,2.7544,2.8057,2.8608,2.8908,2.9183,2.9952,3.3458,3.4088,3.4262,3.5309,3.6797,3.8245,3.9937,4.1267,4.22,4.4427,4.4754,4.732,4.744,5.0633,6.536,7.2769,8.8185,9.1417,9.4766,9.6608,9.8957,9.9855,10.0376,10.2524,10.789,10.8595,11.3005,11.3338,11.9928,12.1989,12.8348,12.8902,12.9354,13.2497,13.6727,13.7445,13.9142,14.136,14.2835,14.5722,14.8266,15.4379,16.4154,16.6495,17.168,17.2546,17.8011,18.3417,18.6551,18.6758,18.9771,19.0689,19.7731,20.0549,20.1639,20.2915,20.2995,20.5062,20.8565,21.4542,22.2171,22.5594,22.845,23.147,23.1565,23.2449,23.4295,23.4362,23.6235,23.9474,24.0736,24.1063
2.133350718770667,-64.5267,-64.5265,-64.5264,-64.5262,-64.4868,-64.4867,-64.4867,-64.4866,-64.4865,-64.4864,-64.4863,-64.4863,-64.4284,-64.4284,-64.4283,-64.4283,-64.341,-64.3409,-10.5276,-10.5149,-8.6738,-8.5952,-7.2239,-7.1178,-1.6187,-1.3292,-0.5048,-0.494,-0.2779,-0.2598,-0.0856,0.238,0.2786,0.3852,0.4661,0.4801,0.821,0.969,1.327,1.3351,2.2963,2.4427,2.4732,2.5166,2.528,2.5744,2.606,2.6496,2.6781,2.7201,2.754,2.8068,2.8591,2.8914,2.9167,3.0024,3.3566,3.4094,3.4574,3.549,3.6994,3.8584,4.0271,4.1335,4.2459,4.4762,4.4918,4.7638,4.7774,5.0937,6.5177,7.2852,8.7964,9.0919,9.4398,9.6822,9.8977,9.9627,10.0602,10.2354,10.7813,10.8312,11.2947,11.345,11.9803,12.2022,12.8516,12.874,12.9082,13.1858,13.6599,13.752,13.901,14.1332,14.2004,14.4925,14.8115,15.446,16.3521,16.6018,17.1639,17.2412,17.7948,18.3687,18.6275,18.6503,18.9413,19.0522,19.768,19.9958,20.0542,20.2814,20.3109,20.4335,20.8291,21.3759,22.1923,22.5447,22.8376,23.1213,23.1404,23.2955,23.3717,23.3736,23.6547,23.9023,24.0501,24.1682
2.1432904303932423,-64.5267,-64.5266,-64.5264,-64.5262,-64.4868,-64.4867,-64.4867,-64.4866,-64.4866,-64.4864,-64.4863,-64.4863,-64.4284,-64.4284,-64.4283,-64.4283,-64.341,-64.3409,-10.5359,-10.5229,-8.686,-8.6057,-7.2346,-7.126,-1.6277,-1.331,-0.4853,-0.4712,-0.2618,-0.2545,-0.0767,0.2432,0.2809,0.3868,0.4599,0.4724,0.8292,0.9728,1.321,1.3292,2.3029,2.4457,2.475,2.5164,2.5276,2.5784,2.6062,2.6504,2.6802,2.7209,2.7535,2.8078,2.8574,2.8918,2.9147,3.0097,3.3678,3.4077,3.489,3.5666,3.7202,3.8935,4.0599,4.1402,4.2732,4.5096,4.5098,4.7957,4.8108,5.1241,6.4995,7.2933,8.7714,9.0411,9.404,9.7042,9.8983,9.9399,10.084,10.2199,10.7723,10.805,11.2903,11.3563,11.9672,12.2067,12.8564,12.8667,12.8783,13.1237,13.6469,13.7578,13.8909,14.1172,14.1315,14.4168,14.7994,15.4559,16.2901,16.554,17.1595,17.2295,17.789,18.3919,18.5795,18.6466,18.9069,19.0314,19.7641,19.9318,19.9489,20.259,20.3297,20.3662,20.7981,21.2941,22.1602,22.5284,22.8169,23.0932,23.1241,23.3071,23.3161,23.3463,23.6756,23.8563,24.0475,24.2026
2.1532301420158175,-64.5267,-64.5265,-64.5264,-64.5262,-64.4868,-64.4867,-64.4866,-64.4866,-64.4865,-64.4864,-64.4863,-64.4863,-64.4285,-64.4284,-64.4283,-64.4283,-64.3411,-64.3409,-10.5441,-10.5308,-8.6981,-8.6161,-7.2452,-7.1341,-1.6368,-1.333,-0.4655,-0.4482,-0.2493,-0.2457,-0.0676,0.2481,0.283,0.3883,0.4537,0.4647,0.8375,0.9768,1.315,1.3234,2.3095,2.4486,2.4768,2.5163,2.5274,2.5823,2.6063,2.6511,2.6822,2.7217,2.753,2.8087,2.8556,2.892,2.9123,3.0171,3.3794,3.404,3.5207,3.5835,3.7421,3.9298,4.092,4.1467,4.3021,4.5287,4.5432,4.8277,4.844,5.1544,6.4815,7.3013,8.7436,8.9896,9.3691,9.7266,9.8954,9.919,10.1087,10.206,10.7621,10.7809,11.2872,11.3677,11.9538,12.2122,12.8362,12.846,12.8795,13.0645,13.6336,13.762,13.8837,14.0342,14.1311,14.3458,14.7898,15.4674,16.2296,16.5066,17.1547,17.2191,17.7836,18.4093,18.5318,18.6438,18.8761,19.0053,19.7612,19.849,19.8631,20.2326,20.3044,20.3481,20.7641,21.2098,22.1219,22.5104,22.7831,23.0628,23.1065,23.2371,23.2631,23.3965,23.6933,23.8132,24.0633,24.2511
2.1631698536383928,-64.5266,-64.5265,-64.5263,-64.5262,-64.4868,-64.4866,-64.4866,-64.4866,-64.4865,-64.4863,-64.4863,-64.4862,-64.4285,-64.4284,-64.4283,-64.4283,-64.341,-64.3409,-10.5522,-10.5386,-8.7102,-8.6264,-7.2557,-7.1423,-1.6458,-1.3351,-0.4454,-0.4249,-0.2442,-0.2294,-0.0584,0.2526,0.285,0.3897,0.4474,0.457,0.846,0.9809,1.3089,1.3175,2.3161,2.4514,2.4788,2.5165,2.5273,2.5862,2.6065,2.6518,2.6841,2.7224,2.7524,2.8096,2.8539,2.892,2.9096,3.0246,3.3915,3.3988,3.5526,3.6002,3.7646,3.9671,4.1233,4.1532,4.3326,4.5491,4.5767,4.8598,4.8772,5.1846,6.4637,7.3092,8.7132,8.9375,9.335,9.7495,9.8812,9.9077,10.1343,10.1939,10.7506,10.7591,11.2854,11.3791,11.9402,12.2185,12.8118,12.8119,12.8893,13.0099,13.6195,13.7646,13.8796,13.9515,14.132,14.2803,14.7827,15.4803,16.1707,16.4599,17.1496,17.2096,17.7785,18.418,18.4845,18.6419,18.8518,18.9728,19.7472,19.768,19.7903,20.2025,20.2478,20.3659,20.7276,21.1243,22.0786,22.491,22.7371,23.0304,23.0863,23.1638,23.2134,23.4447,23.712,23.7728,24.0893,24.3098
2.1731095983602406,-64.5266,-64.5265,-64.5263,-64.5262,-64.4867,-64.4866,-64.4866,-64.4865,-64.4865,-64.4863,-64.4863,-64.4862,-64.4285,-64.4284,-64.4283,-64.4283,-64.341,-64.3409,-10.5603,-10.5464,-8.7221,-8.6366,-7.2661,-7.1503,-1.6549,-1.3372,-0.4251,-0.4015,-0.2393,-0.2132,-0.0492,0.2569,0.2868,0.3909,0.441,0.4493,0.8548,0.9851,1.3029,1.3116,2.3228,2.4542,2.4809,2.517,2.5273,2.5899,2.6066,2.6524,2.6859,2.7231,2.7518,2.8103,2.852,2.8917,2.9066,3.0323,3.3921,3.4041,3.5845,3.6164,3.7874,4.0053,4.1537,4.1595,4.3646,4.5707,4.6099,4.892,4.9102,5.2147,6.4462,7.317,8.6801,8.8848,9.3013,9.7729,9.8576,9.9037,10.1607,10.1836,10.738,10.7399,11.2847,11.3902,11.9267,12.2255,12.776,12.7815,12.8955,12.9621,13.6043,13.7656,13.8693,13.8782,14.1342,14.2211,14.7779,15.4944,16.1134,16.4144,17.1442,17.2006,17.7735,18.4154,18.4378,18.6407,18.8365,18.9327,19.6661,19.714,19.7625,20.169,20.1957,20.3833,20.6892,21.0383,22.0313,22.4701,22.6807,22.9959,23.062,23.0881,23.1678,23.4911,23.7316,23.7357,24.1186,24.3473
2.183049309982816,-64.5266,-64.5265,-64.5263,-64.5262,-64.4867,-64.4866,-64.4866,-64.4865,-64.4865,-64.4863,-64.4863,-64.4862,-64.4285,-64.4284,-64.4283,-64.4283,-64.341,-64.3409,-10.5684,-10.5541,-8.7339,-8.6467,-7.2764,-7.1583,-1.664,-1.3395,-0.4044,-0.378,-0.2345,-0.1969,-0.0398,0.2608,0.2884,0.3921,0.4345,0.4417,0.8636,0.9895,1.2969,1.3058,2.3295,2.4568,2.483,2.5176,2.5274,2.5935,2.6069,2.6528,2.6875,2.7237,2.7512,2.811,2.8501,2.8912,2.9032,3.04,3.3843,3.4173,3.6163,3.6323,3.8103,4.0443,4.1658,4.1834,4.3983,4.5937,4.643,4.9241,4.9429,5.2446,6.4288,7.3246,8.6447,8.8317,9.268,9.7968,9.8313,9.9004,10.1751,10.1878,10.7233,10.7242,11.2853,11.401,11.9132,12.233,12.7392,12.7435,12.8974,12.9229,13.5874,13.7652,13.7878,13.8794,14.1377,14.1693,14.7752,15.5095,16.0578,16.3701,17.1386,17.1921,17.7684,18.3917,18.3997,18.6402,18.8322,18.884,19.588,19.6352,19.7633,20.1325,20.1477,20.3999,20.6497,20.9527,21.9809,22.4479,22.6159,22.9595,23.0112,23.0318,23.1279,23.5339,23.7004,23.7543,24.1514,24.3887
2.192989021605391,-64.5266,-64.5265,-64.5263,-64.5262,-64.4866,-64.4866,-64.4866,-64.4866,-64.4865,-64.4863,-64.4863,-64.4862,-64.4285,-64.4284,-64.4284,-64.4283,-64.3411,-64.3409,-10.5763,-10.5618,-8.7455,-8.6567,-7.2866,-7.1662,-1.673,-1.3419,-0.3836,-0.3544,-0.2299,-0.1806,-0.0303,0.2645,0.2899,0.3932,0.4281,0.4342,0.8727,0.994,1.2909,1.2999,2.3362,2.4594,2.4853,2.5184,2.5277,2.5968,2.6072,2.6532,2.689,2.7243,2.7505,2.8115,2.8481,2.8905,2.8996,3.048,3.3755,3.431,3.6479,3.6481,3.8332,4.0842,4.1719,4.2126,4.4334,4.6178,4.6759,4.9562,4.9753,5.2743,6.4117,7.332,8.607,8.7782,9.2348,9.8038,9.8212,9.8961,10.1686,10.2155,10.7093,10.7096,11.2869,11.4113,11.9,12.2408,12.6979,12.7017,12.8921,12.8946,13.5683,13.707,13.7634,13.883,14.1258,14.1425,14.7746,15.5253,16.0042,16.3272,17.1328,17.1839,17.7629,18.3466,18.3712,18.6403,18.8261,18.8385,19.5185,19.5546,19.7654,20.0932,20.103,20.4154,20.6099,20.8683,21.9284,22.4245,22.5444,22.9213,22.9338,22.9949,23.0939,23.5738,23.6684,23.7782,24.187,24.4065
2.202928766327239,-64.5266,-64.5265,-64.5263,-64.5262,-64.4867,-64.4867,-64.4866,-64.4865,-64.4865,-64.4863,-64.4863,-64.4862,-64.4285,-64.4284,-64.4283,-64.4283,-64.3411,-64.3409,-10.5842,-10.5693,-8.7571,-8.6666,-7.2968,-7.1741,-1.6821,-1.3444,-0.3626,-0.3307,-0.2254,-0.1643,-0.0207,0.2678,0.2913,0.3943,0.4216,0.4267,0.8818,0.9986,1.2849,1.2941,2.3431,2.462,2.4877,2.5194,2.5282,2.5997,2.6079,2.6535,2.6905,2.7248,2.7498,2.812,2.8461,2.8896,2.8957,3.0561,3.3659,3.4453,3.6638,3.6793,3.8559,4.1247,4.1779,4.2413,4.4698,4.6431,4.7086,4.9882,5.0075,5.3038,6.3949,7.3392,8.5674,8.7245,9.2015,9.7751,9.8461,9.8904,10.164,10.244,10.6935,10.6987,11.2896,11.4209,11.8872,12.2487,12.6467,12.664,12.8681,12.8866,13.5467,13.6272,13.7607,13.8888,14.0911,14.1484,14.7759,15.5418,15.9524,16.2858,17.1268,17.1758,17.7568,18.3025,18.3319,18.6407,18.7593,18.8536,19.4574,19.4731,19.7682,20.0515,20.0612,20.4286,20.5713,20.7857,21.8743,22.4,22.4678,22.8568,22.8816,22.9527,23.0646,23.6099,23.6392,23.8014,24.2259,24.4391
2.2128684779498142,-64.5266,-64.5264,-64.5263,-64.5261,-64.4867,-64.4866,-64.4865,-64.4865,-64.4865,-64.4863,-64.4862,-64.4862,-64.4285,-64.4284,-64.4283,-64.4283,-64.3411,-64.3409,-10.592,-10.5768,-8.7684,-8.6764,-7.3067,-7.1819,-1.691,-1.347,-0.3415,-0.307,-0.221,-0.1481,-0.0111,0.2709,0.2925,0.3952,0.4151,0.4193,0.891,1.0033,1.279,1.2883,2.3499,2.4644,2.4901,2.5206,2.5287,2.6018,2.6092,2.6538,2.6918,2.7253,2.7491,2.8124,2.8441,2.8884,2.8916,3.0643,3.3555,3.4602,3.6794,3.7102,3.8783,4.1658,4.1838,4.2697,4.5074,4.6695,4.741,5.02,5.0392,5.333,6.3784,7.3463,8.526,8.6704,9.1679,9.7456,9.8714,9.8832,10.1613,10.273,10.6768,10.6909,11.2933,11.4297,11.8747,12.2564,12.5922,12.6266,12.8485,12.8732,13.5224,13.5484,13.7571,13.8967,14.0657,14.1553,14.7791,15.5587,15.9027,16.2457,17.1208,17.1679,17.7497,18.2599,18.2841,18.6413,18.6843,18.8751,19.3913,19.4039,19.7713,20.0077,20.0218,20.4361,20.5377,20.7059,21.8193,22.3744,22.3874,22.7809,22.8407,22.9069,23.0381,23.6126,23.6433,23.8246,24.2694,24.4787
2.2228081895723895,-64.5266,-64.5264,-64.5263,-64.5261,-64.4867,-64.4866,-64.4865,-64.4865,-64.4865,-64.4863,-64.4862,-64.4862,-64.4285,-64.4284,-64.4283,-64.4283,-64.3411,-64.3409,-10.5997,-10.5842,-8.7797,-8.686,-7.3166,-7.1896,-1.6999,-1.3497,-0.3203,-0.2833,-0.2167,-0.1319,-0.0014,0.2738,0.2936,0.396,0.4087,0.4119,0.9004,1.008,1.2732,1.2825,2.3567,2.4668,2.4927,2.522,2.5294,2.603,2.6112,2.654,2.6931,2.7257,2.7485,2.8127,2.8421,2.887,2.8872,3.0728,3.3446,3.4757,3.6949,3.7407,3.9003,4.1896,4.2075,4.298,4.546,4.6971,4.773,5.0517,5.0705,5.362,6.3621,7.3531,8.4831,8.6162,9.1339,9.7152,9.8742,9.8971,10.1604,10.3027,10.6593,10.686,11.298,11.4374,11.8628,12.2636,12.536,12.5897,12.8318,12.8543,13.4708,13.4956,13.753,13.9064,14.0494,14.1631,14.7839,15.5761,15.8551,16.2072,17.1147,17.1602,17.7409,18.2191,18.23,18.6025,18.6418,18.9007,19.3097,19.3566,19.7744,19.9622,19.9846,20.4293,20.5179,20.6295,21.7639,22.3043,22.348,22.7063,22.7987,22.8591,23.0128,23.5882,23.6703,23.8427,24.3162,24.5284
2.2327479342942373,-64.5266,-64.5264,-64.5263,-64.5261,-64.4867,-64.4866,-64.4865,-64.4865,-64.4865,-64.4863,-64.4862,-64.4862,-64.4286,-64.4284,-64.4284,-64.4283,-64.3411,-64.341,-10.6072,-10.5915,-8.7907,-8.6955,-7.3263,-7.1972,-1.7088,-1.3525,-0.299,-0.2596,-0.2126,-0.1158,0.0083,0.2764,0.2945,0.3967,0.4023,0.4047,0.9098,1.0128,1.2674,1.2768,2.3636,2.4692,2.4954,2.5235,2.5301,2.6035,2.6139,2.654,2.6943,2.7261,2.7478,2.8128,2.84,2.8826,2.8854,3.0813,3.3331,3.4918,3.7105,3.7706,3.9218,4.1953,4.2497,4.3264,4.5854,4.7256,4.8048,5.0831,5.1014,5.3906,6.346,7.3598,8.4388,8.5618,9.0995,9.684,9.8636,9.9232,10.1613,10.333,10.6412,10.6841,11.3035,11.444,11.8515,12.2703,12.4794,12.5539,12.817,12.83,13.3945,13.4669,13.7486,13.9177,14.0414,14.1718,14.7904,15.5937,15.8095,16.1699,17.1086,17.1527,17.73,18.1713,18.1807,18.5153,18.6419,18.9289,19.229,19.3138,19.7768,19.9152,19.9494,20.4031,20.5173,20.5575,21.7085,22.2193,22.3207,22.6336,22.756,22.81,22.9881,23.5654,23.6944,23.8595,24.3581,24.5505
2.2426876459168126,-64.5265,-64.5264,-64.5262,-64.5262,-64.4866,-64.4866,-64.4865,-64.4865,-64.4864,-64.4863,-64.4863,-64.4862,-64.4286,-64.4284,-64.4284,-64.4283,-64.3411,-64.341,-10.6147,-10.5987,-8.8016,-8.7049,-7.3359,-7.2046,-1.7175,-1.3553,-0.2776,-0.236,-0.2086,-0.0998,0.0181,0.2787,0.2954,0.3959,0.3973,0.3975,0.9192,1.0177,1.2616,1.2711,2.3704,2.4715,2.4981,2.5251,2.531,2.6037,2.6167,2.654,2.6954,2.7264,2.7471,2.8129,2.838,2.8779,2.8836,3.09,3.3212,3.5085,3.7262,3.7998,3.9428,4.2007,4.2925,4.3551,4.6256,4.7552,4.8361,5.1142,5.1317,5.4189,6.3303,7.3661,8.3933,8.5074,9.0644,9.6519,9.8512,9.9495,10.1638,10.3639,10.6226,10.6851,11.3099,11.4492,11.8408,12.2761,12.4229,12.5195,12.8006,12.8033,13.3197,13.4369,13.7442,13.9306,14.0407,14.1813,14.7984,15.6115,15.7662,16.134,17.1026,17.1455,17.7163,18.1091,18.145,18.4242,18.6411,18.9586,19.1498,19.2742,19.7779,19.8672,19.9162,20.3663,20.4911,20.5273,21.6536,22.1331,22.2928,22.563,22.7129,22.7602,22.9637,23.5442,23.714,23.8732,24.4097,24.5923
2.252627357539388,-64.5265,-64.5263,-64.5262,-64.5261,-64.4866,-64.4866,-64.4864,-64.4864,-64.4864,-64.4863,-64.4863,-64.4862,-64.4286,-64.4284,-64.4284,-64.4283,-64.3411,-64.341,-10.6221,-10.6058,-8.8123,-8.7141,-7.3453,-7.212,-1.7262,-1.3582,-0.2563,-0.2125,-0.2048,-0.0839,0.0278,0.2808,0.2961,0.3896,0.3905,0.3978,0.9288,1.0227,1.2559,1.2656,2.3773,2.4738,2.5009,2.5268,2.532,2.6036,2.6196,2.654,2.6965,2.7266,2.7465,2.813,2.8359,2.8729,2.8815,3.0989,3.3089,3.5258,3.742,3.8283,3.9632,4.2061,4.3356,4.3841,4.6664,4.7857,4.867,5.1451,5.1615,5.4468,6.3149,7.3723,8.3469,8.4529,9.0288,9.6192,9.8372,9.976,10.168,10.3953,10.6037,10.6889,11.3171,11.4529,11.8308,12.2809,12.367,12.4866,12.7665,12.7904,13.2465,13.4061,13.7401,13.9449,14.0462,14.1914,14.8079,15.6294,15.725,16.0994,17.0967,17.1386,17.6991,18.0442,18.1127,18.3303,18.6386,18.9889,19.0728,19.2363,19.7769,19.8183,19.8849,20.3258,20.4313,20.541,21.5994,22.0464,22.2644,22.4947,22.6696,22.7098,22.9394,23.524,23.7295,23.8836,24.4752,24.6269
2.262567069161963,-64.5264,-64.5263,-64.5262,-64.5261,-64.4865,-64.4865,-64.4864,-64.4864,-64.4863,-64.4863,-64.4862,-64.4862,-64.4286,-64.4284,-64.4284,-64.4283,-64.3411,-64.341,-10.6293,-10.6127,-8.8228,-8.7232,-7.3545,-7.2193,-1.7347,-1.3612,-0.235,-0.2011,-0.1891,-0.0682,0.0376,0.2827,0.2967,0.3834,0.3835,0.3983,0.9383,1.0276,1.2503,1.2601,2.3841,2.4761,2.5039,2.5287,2.5331,2.6035,2.6224,2.6539,2.6976,2.7268,2.7459,2.8129,2.8337,2.8678,2.8792,3.1078,3.2964,3.5437,3.7579,3.8559,3.9831,4.2114,4.3791,4.4136,4.7076,4.817,4.8975,5.1756,5.1908,5.4743,6.2997,7.3782,8.2996,8.3984,8.9925,9.5857,9.8215,10.0025,10.1735,10.4274,10.5847,10.6954,11.325,11.4548,11.8215,12.2845,12.312,12.4557,12.7283,12.7778,13.1752,13.3752,13.7363,13.9605,14.0569,14.2022,14.8187,15.6473,15.6861,16.0658,17.091,17.1321,17.678,17.9774,18.0842,18.2347,18.6332,18.9994,19.0193,19.1989,19.7688,19.7728,19.8555,20.2839,20.3794,20.5561,21.5463,21.9596,22.2356,22.4291,22.6262,22.6591,22.9153,23.504,23.7414,23.8914,24.5167,24.704
2.272506813883811,-64.5264,-64.5263,-64.5262,-64.5261,-64.4865,-64.4865,-64.4864,-64.4864,-64.4863,-64.4863,-64.4862,-64.4862,-64.4286,-64.4284,-64.4284,-64.4283,-64.3411,-64.341,-10.6364,-10.6196,-8.833,-8.732,-7.3636,-7.2264,-1.7431,-1.3642,-0.2137,-0.1975,-0.1659,-0.0527,0.0473,0.2844,0.2973,0.3767,0.3772,0.3986,0.9478,1.0326,1.2448,1.2546,2.391,2.4784,2.5069,2.5306,2.5343,2.6032,2.6252,2.6537,2.6985,2.7269,2.7453,2.8128,2.8316,2.8625,2.8767,3.1168,3.2835,3.5622,3.774,3.8826,4.0023,4.2165,4.4228,4.4437,4.7491,4.849,4.9275,5.2057,5.2194,5.5014,6.2849,7.3839,8.2517,8.3439,8.9556,9.5515,9.8042,10.0288,10.1805,10.46,10.5659,10.7045,11.3336,11.455,11.8129,12.258,12.2866,12.4268,12.6867,12.7654,13.1059,13.3445,13.7332,13.9773,14.0717,14.2136,14.8308,15.6494,15.6651,16.0333,17.0856,17.126,17.6526,17.909,18.0596,18.1381,18.6229,18.9314,19.0492,19.1612,19.719,19.7648,19.8281,20.2416,20.3365,20.5717,21.4945,21.8733,22.2067,22.3662,22.5831,22.6082,22.8913,23.4842,23.7485,23.8962,24.5665,24.7101
2.282446525506386,-64.5264,-64.5263,-64.5262,-64.5261,-64.4865,-64.4865,-64.4864,-64.4864,-64.4864,-64.4863,-64.4863,-64.4861,-64.4286,-64.4284,-64.4284,-64.4283,-64.3411,-64.341,-10.6434,-10.6263,-8.8431,-8.7407,-7.3725,-7.2334,-1.7514,-1.3672,-0.1941,-0.1926,-0.143,-0.0373,0.0569,0.2858,0.2977,0.3699,0.3712,0.3988,0.9573,1.0376,1.2394,1.2493,2.3978,2.4806,2.5099,2.5326,2.5356,2.6029,2.6279,2.6534,2.6995,2.7269,2.7448,2.8127,2.8295,2.8571,2.8741,3.1259,3.2705,3.5812,3.7902,3.9083,4.0208,4.2215,4.4669,4.4743,4.7909,4.8817,4.957,5.2354,5.2475,5.528,6.2704,7.3894,8.2032,8.2895,8.918,9.5168,9.7856,10.0546,10.1886,10.4932,10.5476,10.7159,11.3428,11.4531,11.8052,12.2053,12.2872,12.4001,12.6423,12.7525,13.0392,13.3142,13.7306,13.9951,14.0896,14.2257,14.8442,15.615,15.6827,16.0018,17.0806,17.1206,17.6228,17.8396,18.039,18.0412,18.6046,18.872,19.0784,19.1225,19.6692,19.7524,19.8027,20.1992,20.3035,20.5875,21.4442,21.7877,22.1776,22.3065,22.5404,22.5573,22.8676,23.464,23.7526,23.8991,24.629,24.7448
2.2923862371289614,-64.5264,-64.5263,-64.5262,-64.5261,-64.4865,-64.4864,-64.4864,-64.4864,-64.4863,-64.4863,-64.4863,-64.4861,-64.4286,-64.4284,-64.4284,-64.4283,-64.3411,-64.341,-10.6502,-10.6328,-8.853,-8.7493,-7.3812,-7.2403,-1.7595,-1.3703,-0.1908,-0.1716,-0.1202,-0.0222,0.0665,0.287,0.2981,0.3633,0.3653,0.3989,0.9667,1.0426,1.2341,1.244,2.4046,2.4829,2.5131,2.5347,2.5369,2.6025,2.6305,2.6532,2.7004,2.7268,2.7443,2.8124,2.8273,2.8515,2.8712,3.135,3.2572,3.6008,3.8067,3.933,4.0387,4.2264,4.5057,4.5112,4.8329,4.915,4.9859,5.2646,5.2748,5.5542,6.2562,7.3946,8.1543,8.2353,8.8798,9.4815,9.7656,10.0796,10.1979,10.5269,10.5303,10.7295,11.3526,11.4493,11.7982,12.1539,12.2862,12.3758,12.5957,12.7385,12.9757,13.2843,13.7288,14.0141,14.11,14.2384,14.8587,15.5829,15.7001,15.9711,17.0759,17.1158,17.589,17.7693,17.9443,18.022,18.5746,18.8248,19.0822,19.1065,19.6195,19.7356,19.7793,20.157,20.2805,20.603,21.3956,21.7034,22.1486,22.2499,22.4981,22.5066,22.844,23.4429,23.7531,23.8991,24.6784,24.7567
2.3023259818508093,-64.5263,-64.5263,-64.5262,-64.5261,-64.4864,-64.4864,-64.4864,-64.4864,-64.4863,-64.4863,-64.4863,-64.4861,-64.4286,-64.4284,-64.4284,-64.4283,-64.3411,-64.341,-10.6569,-10.6393,-8.8626,-8.7576,-7.3897,-7.247,-1.7675,-1.3734,-0.1877,-0.1507,-0.0978,-0.0073,0.0761,0.288,0.2984,0.3569,0.3596,0.3989,0.9762,1.0476,1.2289,1.2389,2.4114,2.4851,2.5163,2.5368,2.5384,2.602,2.633,2.6528,2.7012,2.7267,2.7439,2.8121,2.8251,2.8458,2.8682,3.1442,3.2439,3.6209,3.8233,3.9567,4.0559,4.2311,4.5378,4.5556,4.8749,4.9488,5.0143,5.2933,5.3015,5.5798,6.2423,7.3995,8.1051,8.1813,8.8411,9.4458,9.7444,10.103,10.2082,10.5145,10.5612,10.7451,11.363,11.4434,11.7921,12.1039,12.2835,12.3538,12.5477,12.7223,12.9168,13.2549,13.7276,14.034,14.1322,14.2518,14.8742,15.5529,15.7173,15.9413,17.0716,17.1118,17.5514,17.6985,17.848,18.0081,18.5308,18.7916,19.0399,19.1335,19.5702,19.7149,19.7582,20.115,20.2673,20.618,21.3489,21.6206,22.1197,22.1969,22.4561,22.4565,22.8208,23.4205,23.7507,23.8975,24.6742,24.7803
2.3122656934733845,-64.5263,-64.5263,-64.5262,-64.5261,-64.4864,-64.4864,-64.4864,-64.4863,-64.4863,-64.4862,-64.4862,-64.4861,-64.4286,-64.4284,-64.4284,-64.4283,-64.3411,-64.341,-10.6634,-10.6455,-8.872,-8.7657,-7.398,-7.2536,-1.7753,-1.3765,-0.1846,-0.1301,-0.0756,0.0074,0.0855,0.2888,0.2987,0.3506,0.3541,0.3988,0.9855,1.0526,1.2238,1.2338,2.4181,2.4874,2.5195,2.5389,2.5399,2.6015,2.6354,2.6524,2.702,2.7266,2.7436,2.8118,2.823,2.84,2.8651,3.1533,3.2304,3.6414,3.8402,3.9792,4.0725,4.2356,4.5705,4.6002,4.9169,4.9831,5.0421,5.3214,5.3275,5.6049,6.2288,7.4041,8.0557,8.1276,8.8019,9.4096,9.7222,10.1244,10.2193,10.5011,10.596,10.7625,11.3737,11.4356,11.7867,12.0554,12.2791,12.3341,12.4987,12.7018,12.8644,13.226,13.727,14.0548,14.1556,14.266,14.8908,15.5253,15.734,15.9122,17.0679,17.1086,17.5107,17.6275,17.7526,17.9967,18.4752,18.7704,18.9954,19.1591,19.5213,19.6913,19.7394,20.0734,20.2627,20.6321,21.3042,21.5398,22.0912,22.1477,22.4061,22.4157,22.7978,23.3964,23.7454,23.8937,24.6418,24.822
2.3222054050959597,-64.5263,-64.5262,-64.5261,-64.5261,-64.4864,-64.4864,-64.4864,-64.4863,-64.4863,-64.4862,-64.4862,-64.4861,-64.4286,-64.4284,-64.4284,-64.4283,-64.341,-64.341,-10.6698,-10.6517,-8.8812,-8.7736,-7.4061,-7.26,-1.783,-1.3796,-0.1818,-0.1096,-0.0538,0.0218,0.0948,0.2894,0.2988,0.3444,0.3487,0.3985,0.9947,1.0575,1.2188,1.2289,2.4247,2.4896,2.5229,2.5411,2.5415,2.601,2.6377,2.6521,2.7028,2.7264,2.7433,2.8114,2.8208,2.8341,2.8618,3.1624,3.2169,3.6625,3.8573,4.0007,4.0884,4.24,4.604,4.6447,4.9589,5.0177,5.0694,5.349,5.3527,5.6294,6.2156,7.4085,8.0062,8.0742,8.7622,9.3731,9.699,10.1426,10.2312,10.4909,10.6313,10.7815,11.3849,11.4259,11.7822,12.0084,12.2731,12.3166,12.4493,12.6741,12.8214,13.1977,13.7268,14.0766,14.1798,14.2811,14.9082,15.4999,15.7503,15.884,17.0647,17.1063,17.4674,17.5564,17.6583,17.9871,18.4118,18.7573,18.9488,19.1831,19.4732,19.6661,19.7228,20.0321,20.2654,20.6449,21.2616,21.4613,22.0632,22.1024,22.3567,22.3758,22.7751,23.3704,23.7375,23.8883,24.6179,24.9039
2.3321451498178076,-64.5263,-64.5262,-64.5261,-64.5261,-64.4864,-64.4863,-64.4863,-64.4863,-64.4862,-64.4862,-64.4862,-64.4861,-64.4286,-64.4284,-64.4284,-64.4282,-64.341,-64.341,-10.676,-10.6576,-8.8901,-8.7814,-7.414,-7.2663,-1.7904,-1.3827,-0.179,-0.0894,-0.0323,0.0358,0.104,0.2898,0.299,0.3384,0.3436,0.3982,1.0039,1.0624,1.214,1.2241,2.4313,2.4919,2.5263,2.5432,2.5434,2.6004,2.6399,2.6516,2.7036,2.7261,2.7432,2.8109,2.8187,2.8281,2.8584,3.1714,3.2034,3.6839,3.8746,4.0211,4.1038,4.2443,4.638,4.6893,5.0006,5.0525,5.0961,5.376,5.3772,5.6533,6.2027,7.4126,7.9568,8.0211,8.7222,9.3363,9.6749,10.1566,10.2437,10.4852,10.6672,10.802,11.3964,11.4144,11.7784,11.963,12.2654,12.3011,12.3997,12.6374,12.7898,13.1698,13.727,14.0992,14.2044,14.2971,14.9265,15.4766,15.7662,15.8565,17.0619,17.1049,17.4222,17.4855,17.5653,17.9789,18.3437,18.7489,18.8999,19.2056,19.4259,19.6404,19.7085,19.9912,20.2742,20.6559,21.2212,21.3857,22.0357,22.0614,22.3082,22.3368,22.7527,23.3423,23.7274,23.8806,24.5758,24.9058
2.342084861440383,-64.5263,-64.5262,-64.5261,-64.5261,-64.4864,-64.4864,-64.4863,-64.4863,-64.4863,-64.4862,-64.4862,-64.4861,-64.4286,-64.4284,-64.4284,-64.4282,-64.341,-64.341,-10.682,-10.6634,-8.8987,-8.7889,-7.4216,-7.2724,-1.7977,-1.3857,-0.1764,-0.0695,-0.0114,0.0496,0.113,0.2899,0.2991,0.3325,0.3387,0.3977,1.0129,1.0672,1.2092,1.2194,2.4378,2.4941,2.5297,2.5449,2.5456,2.5997,2.6421,2.6511,2.7043,2.7258,2.7432,2.8104,2.8165,2.8221,2.8549,3.1803,3.1898,3.7057,3.8922,4.0404,4.1184,4.2484,4.6726,4.7338,5.042,5.0875,5.1221,5.4009,5.4023,5.6766,6.1902,7.4165,7.9075,7.9686,8.6818,9.2992,9.6501,10.1654,10.2568,10.4849,10.7035,10.8238,11.4013,11.4081,11.7755,11.9192,12.2563,12.2874,12.3505,12.5934,12.768,13.1423,13.7271,14.1227,14.2289,14.3141,14.9455,15.4556,15.7814,15.83,17.0597,17.1045,17.3755,17.4149,17.4739,17.9714,18.2729,18.7431,18.8492,19.2264,19.3795,19.6151,19.6966,19.9508,20.2879,20.6644,21.1831,21.3137,22.0089,22.0248,22.2606,22.2987,22.7307,23.3118,23.7156,23.8714,24.5402,25.0308
2.352024573062958,-64.5262,-64.5262,-64.5261,-64.5261,-64.4863,-64.4863,-64.4863,-64.4863,-64.4862,-64.4862,-64.4862,-64.4861,-64.4286,-64.4285,-64.4284,-64.4282,-64.341,-64.341,-10.6879,-10.6691,-8.9071,-8.7961,-7.4291,-7.2783,-1.8048,-1.3888,-0.1739,-0.0498,0.0092,0.0631,0.1219,0.2897,0.2991,0.3269,0.3341,0.3971,1.0218,1.072,1.2047,1.2149,2.4442,2.4964,2.5332,2.5467,2.5478,2.5991,2.6441,2.6507,2.7049,2.7254,2.7433,2.8099,2.8144,2.8159,2.8514,3.1762,3.1891,3.7278,3.9099,4.0586,4.1324,4.2524,4.7077,4.778,5.0832,5.1226,5.1476,5.4238,5.4279,5.6992,6.178,7.42,7.8585,7.9166,8.6412,9.2621,9.6247,10.1684,10.2703,10.4908,10.7402,10.8467,11.3869,11.4201,11.7733,11.8771,12.2458,12.2752,12.3019,12.5452,12.7528,13.1154,13.7271,14.1469,14.2532,14.3323,14.9652,15.4367,15.7961,15.8044,17.0578,17.105,17.328,17.3449,17.3842,17.9644,18.2008,18.7387,18.7969,19.2455,19.3342,19.5908,19.687,19.9108,20.3055,20.6696,21.1474,21.246,21.9829,21.9928,22.2142,22.2618,22.7089,23.2788,23.7017,23.8602,24.4969,25.054
2.3619642846855333,-64.5262,-64.5262,-64.5261,-64.5261,-64.4863,-64.4863,-64.4863,-64.4863,-64.4862,-64.4862,-64.4862,-64.4861,-64.4286,-64.4284,-64.4284,-64.4282,-64.341,-64.341,-10.6936,-10.6745,-8.9152,-8.8032,-7.4363,-7.284,-1.8117,-1.3918,-0.1715,-0.0305,0.0293,0.0762,0.1306,0.2893,0.2991,0.3214,0.3298,0.3963,1.0304,1.0767,1.2002,1.2105,2.4505,2.4986,2.5367,2.5485,2.55,2.5983,2.6461,2.6501,2.7056,2.725,2.7435,2.8093,2.8097,2.8123,2.8477,3.1627,3.1978,3.7501,3.9278,4.0759,4.1458,4.2562,4.7432,4.822,5.1238,5.1576,5.1726,5.4459,5.4528,5.7212,6.1661,7.4233,7.8097,7.8652,8.6004,9.2249,9.5988,10.1656,10.2842,10.5027,10.7774,10.8706,11.3713,11.4321,11.7719,11.8366,12.234,12.2541,12.2643,12.4955,12.7415,13.0889,13.7266,14.172,14.2769,14.3516,14.9855,15.42,15.7799,15.81,17.056,17.1065,17.2757,17.2802,17.2964,17.9576,18.128,18.735,18.7434,19.2629,19.2901,19.5679,19.6796,19.8713,20.3261,20.6703,21.1139,21.1837,21.9577,21.9657,22.1692,22.226,22.6874,23.2434,23.6866,23.8477,24.4513,25.0831
2.371904029407381,-64.5262,-64.5262,-64.5261,-64.5261,-64.4863,-64.4863,-64.4863,-64.4863,-64.4862,-64.4862,-64.4862,-64.4861,-64.4285,-64.4284,-64.4284,-64.4282,-64.341,-64.341,-10.6991,-10.6798,-8.9231,-8.81,-7.4432,-7.2896,-1.8183,-1.3948,-0.1692,-0.0116,0.0488,0.0889,0.1391,0.2885,0.299,0.316,0.3259,0.3954,1.039,1.0813,1.1959,1.2062,2.4567,2.5009,2.5402,2.5504,2.5522,2.5976,2.648,2.6496,2.7062,2.7246,2.7438,2.8035,2.8087,2.8102,2.844,3.1492,3.2062,3.7727,3.9459,4.0921,4.1586,4.2598,4.7791,4.8656,5.164,5.1924,5.197,5.4672,5.477,5.7425,6.1546,7.4263,7.7615,7.8144,8.5595,9.1877,9.5725,10.1576,10.2983,10.52,10.815,10.8953,11.3547,11.4442,11.7711,11.7977,12.2073,12.2211,12.2544,12.4459,12.7328,13.063,13.7255,14.1978,14.2998,14.372,15.0063,15.4053,15.7565,15.8232,17.0536,17.1089,17.2073,17.2106,17.2332,17.9506,18.0549,18.6891,18.7316,19.2471,19.2787,19.5465,19.6744,19.8323,20.3493,20.6653,21.0827,21.1279,21.9336,21.9436,22.1257,22.1914,22.6662,23.2057,23.6703,23.8332,24.4044,25.1352
2.3818437410299564,-64.5262,-64.5261,-64.5261,-64.526,-64.4863,-64.4863,-64.4863,-64.4863,-64.4862,-64.4862,-64.4861,-64.4861,-64.4285,-64.4284,-64.4284,-64.4282,-64.341,-64.3409,-10.7044,-10.6849,-8.9307,-8.8166,-7.45,-7.295,-1.8248,-1.3977,-0.1671,0.007,0.0678,0.1012,0.1474,0.2874,0.299,0.3109,0.3224,0.3944,1.0474,1.0858,1.1917,1.2021,2.4628,2.5032,2.5438,2.5523,2.5543,2.5969,2.6491,2.6498,2.7068,2.7242,2.7444,2.7972,2.808,2.8082,2.8404,3.1359,3.2145,3.7954,3.9641,4.1074,4.1709,4.2633,4.8151,4.9087,5.2035,5.2208,5.2271,5.4876,5.5005,5.7631,6.1434,7.4291,7.7138,7.7645,8.5186,9.1507,9.5459,10.1455,10.3125,10.5418,10.853,10.9206,11.3375,11.4563,11.7606,11.7711,12.1618,12.2073,12.2452,12.3972,12.7257,13.0376,13.7234,14.2244,14.3217,14.3937,15.0275,15.3926,15.7346,15.8356,17.049,17.1122,17.127,17.14,17.1889,17.9433,17.9817,18.6345,18.7283,19.2055,19.2927,19.5267,19.6712,19.7939,20.3744,20.6533,21.0538,21.0799,21.9105,21.9267,22.084,22.158,22.6454,23.1657,23.6532,23.8174,24.356,25.1817
2.3917834526525317,-64.5262,-64.5261,-64.5261,-64.526,-64.4863,-64.4863,-64.4862,-64.4862,-64.4862,-64.4862,-64.4861,-64.4861,-64.4285,-64.4284,-64.4284,-64.4282,-64.341,-64.3409,-10.7095,-10.6899,-8.938,-8.8229,-7.4565,-7.3001,-1.831,-1.4006,-0.165,0.0253,0.0862,0.1132,0.1555,0.286,0.2989,0.3059,0.3194,0.3932,1.0555,1.0902,1.1877,1.1981,2.4687,2.5055,2.5474,2.5543,2.5565,2.5961,2.6485,2.6515,2.7073,2.7237,2.7451,2.791,2.8062,2.8074,2.8367,3.1226,3.2225,3.8182,3.9825,4.1218,4.1825,4.2667,4.8513,4.951,5.2423,5.2443,5.2613,5.5072,5.5232,5.7829,6.1326,7.4316,7.6667,7.7155,8.4778,9.1139,9.5191,10.1302,10.3268,10.567,10.8912,10.9465,11.3198,11.4683,11.7251,11.7717,12.1177,12.1928,12.2365,12.3498,12.7199,13.0128,13.7203,14.2516,14.3425,14.4164,15.049,15.3819,15.7144,15.8471,17.0385,17.0458,17.0739,17.1162,17.1512,17.9086,17.9356,18.5798,18.7251,19.1652,19.3051,19.5084,19.6698,19.7561,20.4011,20.6333,21.027,21.0404,21.8886,21.9148,22.0443,22.1259,22.6247,23.1237,23.6352,23.8,24.3063,25.2547
2.4017231973743796,-64.5262,-64.5261,-64.5261,-64.526,-64.4863,-64.4863,-64.4862,-64.4862,-64.4862,-64.4862,-64.4861,-64.4861,-64.4285,-64.4284,-64.4284,-64.4282,-64.341,-64.3409,-10.7144,-10.6946,-8.945,-8.829,-7.4627,-7.3051,-1.837,-1.4034,-0.1631,0.0431,0.104,0.1247,0.1634,0.2842,0.2988,0.3011,0.3167,0.3918,1.0634,1.0945,1.1838,1.1942,2.4745,2.5077,2.5511,2.5562,2.5585,2.5953,2.648,2.6532,2.7078,2.7232,2.7459,2.7847,2.8042,2.8066,2.8331,3.1094,3.2302,3.841,4.0008,4.1353,4.1935,4.2699,4.8875,4.9925,5.2674,5.2803,5.2951,5.526,5.545,5.8019,6.1221,7.4338,7.6204,7.6674,8.4372,9.0774,9.4923,10.1128,10.3411,10.5947,10.9298,10.9727,11.3019,11.4802,11.6913,11.7728,12.0752,12.1777,12.2279,12.3041,12.7152,12.9886,13.7159,14.2795,14.362,14.4402,15.0707,15.373,15.6959,15.8578,16.9671,17.0093,17.0163,17.1207,17.1263,17.8359,17.9273,18.5255,18.7218,19.1262,19.316,19.4916,19.6702,19.719,20.429,20.6054,21.0023,21.0097,21.8679,21.9081,22.0066,22.0951,22.6044,23.0798,23.6166,23.7811,24.2552,25.2829
2.411662908996955,-64.5262,-64.5261,-64.5261,-64.5261,-64.4863,-64.4863,-64.4863,-64.4862,-64.4862,-64.4862,-64.4862,-64.4861,-64.4285,-64.4284,-64.4284,-64.4283,-64.341,-64.341,-10.7191,-10.6991,-8.9517,-8.8348,-7.4686,-7.3099,-1.8427,-1.4061,-0.1613,0.0604,0.121,0.1358,0.1711,0.2821,0.2965,0.2986,0.3145,0.3903,1.0711,1.0986,1.1801,1.1905,2.48,2.51,2.5547,2.5582,2.5606,2.5944,2.6475,2.6547,2.7082,2.7227,2.747,2.7784,2.8022,2.8058,2.8294,3.0964,3.2377,3.8638,4.0192,4.148,4.2039,4.2729,4.9235,5.033,5.2902,5.3174,5.3284,5.5439,5.5661,5.8202,6.112,7.4358,7.575,7.6204,8.3969,9.0413,9.4656,10.0938,10.3553,10.6242,10.9685,10.9992,11.2838,11.4917,11.6593,11.7746,12.0342,12.1622,12.2193,12.2602,12.7113,12.9651,13.7101,14.308,14.3801,14.4647,15.0926,15.3659,15.6795,15.8674,16.891,16.9461,16.981,17.1155,17.1258,17.7637,17.9185,18.472,18.7186,19.0887,19.3254,19.4762,19.672,19.6827,20.4579,20.5705,20.9796,20.9866,21.8486,21.9065,21.9713,22.0657,22.5843,23.0343,23.5977,23.7608,24.2036,25.4423
2.42160262061953,-64.5262,-64.5261,-64.5261,-64.5261,-64.4863,-64.4863,-64.4863,-64.4862,-64.4862,-64.4862,-64.4862,-64.4861,-64.4285,-64.4284,-64.4284,-64.4283,-64.341,-64.3409,-10.7236,-10.7035,-8.9581,-8.8404,-7.4743,-7.3145,-1.8482,-1.4088,-0.1597,0.0774,0.1374,0.1465,0.1786,0.2798,0.2921,0.2985,0.3127,0.3885,1.0785,1.1026,1.1766,1.187,2.4854,2.5122,2.5584,2.5602,2.5625,2.5936,2.647,2.6562,2.7087,2.7222,2.7483,2.7722,2.8003,2.805,2.8258,3.0836,3.2449,3.8863,4.0375,4.1598,4.2138,4.2758,4.9593,5.0721,5.3129,5.3534,5.3611,5.5609,5.5865,5.8376,6.1023,7.4375,7.5306,7.5746,8.357,9.0058,9.439,10.0739,10.3693,10.6549,11.0074,11.0257,11.266,11.5028,11.6292,11.7768,11.995,12.1466,12.2104,12.2183,12.7081,12.9423,13.703,14.3371,14.3967,14.4899,15.1145,15.3605,15.6655,15.876,16.8176,16.8847,16.9379,17.1139,17.131,17.6923,17.9091,18.4195,18.7154,19.0527,19.3334,19.4621,19.6472,19.6751,20.4874,20.5303,20.9587,20.9697,21.8307,21.9096,21.9383,22.0377,22.5645,22.9877,23.5785,23.7393,24.152,25.3976
2.431542365341378,-64.5262,-64.5261,-64.5261,-64.5261,-64.4863,-64.4863,-64.4863,-64.4863,-64.4862,-64.4862,-64.4862,-64.4861,-64.4285,-64.4284,-64.4284,-64.4283,-64.341,-64.341,-10.7279,-10.7076,-8.9642,-8.8457,-7.4798,-7.3189,-1.8535,-1.4113,-0.1581,0.0938,0.1529,0.1567,0.1859,0.2773,0.2879,0.2983,0.3112,0.3867,1.0857,1.1065,1.1732,1.1836,2.4906,2.5144,2.562,2.5621,2.5645,2.5928,2.6466,2.6577,2.709,2.7217,2.7498,2.766,2.7984,2.8042,2.8223,3.0709,3.2518,3.9087,4.0557,4.1709,4.2232,4.2786,4.9947,5.1096,5.3356,5.3882,5.3929,5.577,5.606,5.8542,6.0928,7.439,7.4873,7.53,8.3177,8.9709,9.4128,10.0534,10.383,10.6863,11.0464,11.0522,11.2484,11.5133,11.601,11.7794,11.9575,12.1308,12.1784,12.201,12.7055,12.9203,13.6945,14.3666,14.4118,14.5155,15.1364,15.3567,15.6541,15.8836,16.7471,16.8251,16.8915,17.1171,17.1361,17.6218,17.8991,18.3684,18.7122,19.0181,19.3402,19.4492,19.6127,19.6793,20.4868,20.5175,20.9395,20.9571,21.8143,21.908,21.9173,22.0112,22.5449,22.94,23.5593,23.7164,24.1002,25.3574
2.441482076963953,-64.5261,-64.5261,-64.5261,-64.5261,-64.4863,-64.4862,-64.4862,-64.4862,-64.4862,-64.4862,-64.4861,-64.4861,-64.4285,-64.4284,-64.4284,-64.4282,-64.341,-64.3409,-10.732,-10.7115,-8.97,-8.8508,-7.4849,-7.323,-1.8585,-1.4138,-0.1566,0.1099,0.1664,0.1674,0.1932,0.2747,0.284,0.2982,0.31,0.3846,1.0926,1.1102,1.17,1.1804,2.4956,2.5165,2.5641,2.5657,2.5663,2.592,2.6462,2.659,2.7094,2.7212,2.7516,2.7598,2.7966,2.8033,2.819,3.0584,3.2583,3.9307,4.0737,4.1812,4.232,4.2812,5.0296,5.1453,5.3586,5.4217,5.4239,5.5923,5.6247,5.8699,6.0838,7.4403,7.4452,7.4869,8.279,8.9368,9.3869,10.0327,10.3964,10.7181,11.0784,11.0852,11.2314,11.5223,11.5756,11.7824,11.922,12.1151,12.1406,12.1911,12.7036,12.8991,13.6846,14.3965,14.4254,14.5411,15.1581,15.3544,15.6456,15.8902,16.6797,16.7674,16.844,17.1232,17.1405,17.5529,17.8885,18.3188,18.7092,18.985,19.3457,19.4373,19.5792,19.6844,20.4415,20.5477,20.9218,20.9475,21.7994,21.8804,21.9291,21.9861,22.5257,22.8917,23.5402,23.6926,24.0492,25.3038
2.4514217885865284,-64.5261,-64.5261,-64.5261,-64.526,-64.4863,-64.4863,-64.4862,-64.4862,-64.4862,-64.4861,-64.4861,-64.4861,-64.4285,-64.4284,-64.4284,-64.4283,-64.341,-64.3409,-10.7359,-10.7153,-8.9755,-8.8556,-7.4898,-7.3269,-1.8632,-1.4161,-0.1552,0.1254,0.1757,0.1808,0.2007,0.272,0.2802,0.298,0.309,0.3823,1.0991,1.1138,1.1669,1.1774,2.5003,2.5186,2.566,2.5681,2.5694,2.5911,2.6459,2.6603,2.7096,2.7206,2.7536,2.7538,2.7949,2.8023,2.8159,3.0461,3.2646,3.9522,4.0914,4.1908,4.2402,4.2836,5.0638,5.1787,5.382,5.4537,5.4539,5.6067,5.6428,5.8848,6.0751,7.4044,7.4413,7.4452,8.2411,8.9036,9.3617,10.0121,10.4094,10.75,11.1043,11.1237,11.2152,11.5263,11.5564,11.7857,11.8883,12.0997,12.1049,12.1804,12.7022,12.8789,13.6735,14.4267,14.4373,14.5664,15.1795,15.3533,15.6403,15.8956,16.6154,16.7119,16.7965,17.1311,17.1436,17.4863,17.8774,18.2711,18.7064,18.9535,19.35,19.4265,19.5469,19.6902,20.3958,20.578,20.9054,20.9398,21.7862,21.8556,21.9447,21.9625,22.5067,22.843,23.5214,23.6676,23.9982,25.2558
2.4613615002091036,-64.5261,-64.5261,-64.5261,-64.526,-64.4863,-64.4863,-64.4862,-64.4862,-64.4862,-64.4861,-64.4861,-64.4861,-64.4285,-64.4284,-64.4284,-64.4283,-64.341,-64.3409,-10.7396,-10.7188,-8.9807,-8.8601,-7.4945,-7.3307,-1.8677,-1.4183,-0.154,0.1404,0.1845,0.1924,0.2088,0.2693,0.2767,0.2979,0.3081,0.3798,1.1054,1.1171,1.1641,1.1745,2.5048,2.5207,2.5678,2.5698,2.573,2.5903,2.6456,2.6616,2.7098,2.7201,2.7478,2.7559,2.7932,2.8011,2.813,3.0341,3.2704,3.9733,4.1088,4.1997,4.248,4.2859,5.0973,5.2096,5.4059,5.4829,5.484,5.6202,5.6601,5.8987,6.0667,7.3651,7.4052,7.4422,8.2041,8.8714,9.3371,9.9918,10.4219,10.7816,11.1296,11.1604,11.2013,11.5151,11.5536,11.7892,11.8566,12.0714,12.0846,12.1688,12.7013,12.8595,13.6612,14.4478,14.4571,14.5912,15.2005,15.3534,15.6383,15.8999,16.5543,16.6587,16.7496,17.1405,17.1438,17.4233,17.8659,18.2254,18.7038,18.9235,19.3534,19.4166,19.5158,19.6964,20.3507,20.608,20.8903,20.9333,21.7748,21.8337,21.9403,21.9636,22.488,22.7944,23.5029,23.6419,23.9498,25.2192
2.4713012449309515,-64.5261,-64.5261,-64.526,-64.526,-64.4863,-64.4862,-64.4862,-64.4862,-64.4862,-64.4861,-64.4861,-64.4861,-64.4285,-64.4284,-64.4283,-64.4282,-64.341,-64.3409,-10.743,-10.7221,-8.9856,-8.8643,-7.4988,-7.3341,-1.8719,-1.4205,-0.1528,0.155,0.1927,0.2019,0.2179,0.2667,0.2733,0.2977,0.3074,0.3771,1.1113,1.1203,1.1614,1.1718,2.509,2.5227,2.5696,2.5714,2.5766,2.5895,2.6455,2.6628,2.7099,2.7196,2.742,2.7584,2.7916,2.7997,2.8105,3.0223,3.276,3.9937,4.1257,4.2079,4.2552,4.2881,5.1298,5.2378,5.4305,5.5106,5.5126,5.6328,5.6768,5.9117,6.0588,7.3275,7.367,7.4429,8.1683,8.8403,9.3133,9.972,10.4339,10.8128,11.1543,11.1766,11.2085,11.4958,11.56,11.7927,11.8271,12.0402,12.07,12.1564,12.7008,12.8411,13.6481,14.4568,14.4874,14.6151,15.2211,15.3545,15.6398,15.9031,16.4966,16.6079,16.7038,17.1388,17.1509,17.3665,17.854,18.182,18.7014,18.8951,19.3559,19.4076,19.4861,19.7029,20.3069,20.6377,20.8763,20.9275,21.765,21.8147,21.9197,21.9853,22.4697,22.746,23.4848,23.6154,23.9007,25.141
2.4812409565535267,-64.5262,-64.5261,-64.5261,-64.5261,-64.4863,-64.4863,-64.4863,-64.4862,-64.4862,-64.4862,-64.4861,-64.4861,-64.4285,-64.4284,-64.4283,-64.4282,-64.341,-64.3409,-10.7462,-10.7252,-8.9901,-8.8683,-7.5028,-7.3374,-1.8758,-1.4225,-0.1517,0.169,0.2004,0.2093,0.2279,0.2642,0.2702,0.2975,0.3068,0.3741,1.1169,1.1233,1.1588,1.1693,2.513,2.5246,2.5714,2.573,2.5802,2.5887,2.6454,2.6638,2.7099,2.7191,2.7363,2.7612,2.7901,2.7981,2.8083,3.0109,3.2812,4.0134,4.1421,4.2155,4.2619,4.2901,5.1613,5.2631,5.4556,5.537,5.5391,5.6445,5.6928,5.9238,6.0511,7.2915,7.3307,7.4434,8.1338,8.8106,9.2904,9.9529,10.4453,10.8432,11.1655,11.1781,11.2434,11.4762,11.5678,11.7933,11.8027,12.0111,12.056,12.1429,12.7007,12.8238,13.6342,14.4644,14.5177,14.6377,15.2411,15.3564,15.645,15.9052,16.4424,16.5597,16.6594,17.1241,17.1622,17.3203,17.8418,18.1409,18.6993,18.8684,19.3576,19.3994,19.4579,19.7096,20.2648,20.6667,20.8633,20.9223,21.7571,21.7985,21.9007,22.0093,22.4517,22.6983,23.4674,23.5884,23.8543,25.0922
2.491180668176102,-64.5262,-64.5262,-64.5261,-64.5261,-64.4863,-64.4863,-64.4863,-64.4862,-64.4862,-64.4862,-64.4862,-64.4861,-64.4285,-64.4284,-64.4283,-64.4282,-64.341,-64.3409,-10.7492,-10.728,-8.9943,-8.8719,-7.5066,-7.3404,-1.8795,-1.4243,-0.1507,0.1825,0.2076,0.2155,0.238,0.2617,0.2674,0.2974,0.3062,0.3709,1.1221,1.1261,1.1565,1.1669,2.5167,2.5264,2.573,2.5744,2.5837,2.588,2.6454,2.6649,2.7096,2.7186,2.731,2.7642,2.7887,2.7963,2.8065,2.9997,3.2859,4.0322,4.1579,4.2225,4.268,4.292,5.1915,5.2855,5.4812,5.562,5.5634,5.6553,5.7084,5.9349,6.0439,7.2574,7.2964,7.4438,8.1007,8.7823,9.2686,9.9346,10.456,10.8726,11.1524,11.201,11.2806,11.4576,11.5756,11.7722,11.802,11.9843,12.0426,12.1286,12.7009,12.8075,13.6198,14.4708,14.5476,14.6589,15.2603,15.3589,15.6539,15.9062,16.3918,16.5142,16.6169,17.0954,17.1742,17.2891,17.8294,18.1023,18.6975,18.8433,19.3586,19.3919,19.4312,19.7162,20.2249,20.6949,20.8512,20.9174,21.7509,21.785,21.8831,22.035,22.4342,22.6515,23.4506,23.5611,23.8099,25.0465
2.50112041289795,-64.5262,-64.5262,-64.5261,-64.5261,-64.4863,-64.4863,-64.4863,-64.4863,-64.4862,-64.4862,-64.4862,-64.4862,-64.4285,-64.4284,-64.4283,-64.4282,-64.341,-64.3409,-10.7519,-10.7307,-8.9982,-8.8753,-7.5101,-7.3432,-1.8828,-1.4261,-0.1498,0.1955,0.2142,0.2207,0.2476,0.2595,0.265,0.2972,0.3058,0.3675,1.1269,1.1287,1.1543,1.1648,2.5201,2.5282,2.5746,2.5757,2.5871,2.5872,2.6456,2.6658,2.7089,2.7182,2.7261,2.7675,2.7874,2.7943,2.8052,2.9889,3.2904,4.05,4.1729,4.2288,4.2737,4.2937,5.2203,5.3052,5.507,5.5854,5.5854,5.6652,5.7235,5.9451,6.0371,7.2254,7.2642,7.444,8.0692,8.7556,9.2479,9.9172,10.4661,10.9009,11.1399,11.2227,11.3177,11.4403,11.5831,11.7488,11.8056,11.9596,12.0301,12.1133,12.7014,12.7924,13.6051,14.476,14.5769,14.6784,15.2787,15.362,15.6665,15.9061,16.345,16.4716,16.5764,17.0531,17.1866,17.2726,17.817,18.0663,18.696,18.8199,19.3589,19.3851,19.4063,19.7227,20.1876,20.722,20.84,20.9129,21.7465,21.7742,21.8671,22.0619,22.4173,22.606,23.4346,23.5338,23.7677,25.0031
2.511060124520525,-64.5262,-64.5262,-64.5261,-64.5261,-64.4864,-64.4863,-64.4863,-64.4863,-64.4862,-64.4862,-64.4862,-64.4861,-64.4285,-64.4284,-64.4284,-64.4283,-64.341,-64.3409,-10.7545,-10.7331,-9.0018,-8.8784,-7.5132,-7.3458,-1.8859,-1.4277,-0.149,0.208,0.2203,0.2254,0.2558,0.2573,0.2635,0.2971,0.3054,0.3638,1.1311,1.1314,1.1523,1.1628,2.5233,2.5298,2.576,2.577,2.5866,2.5903,2.646,2.6667,2.7074,2.7177,2.722,2.7709,2.7862,2.7921,2.804,2.9785,3.2944,4.0668,4.187,4.2345,4.2788,4.2953,5.2475,5.3223,5.5324,5.605,5.6072,5.6743,5.7381,5.9543,6.0306,7.1954,7.2343,7.4441,8.0395,8.7306,9.2286,9.9009,10.4754,10.9276,11.1282,11.2432,11.3542,11.4245,11.59,11.7272,11.8094,11.9372,12.0183,12.0971,12.7021,12.7784,13.5905,14.4801,14.6054,14.696,15.2961,15.3654,15.6826,15.9049,16.3019,16.4319,16.5385,17.0022,17.1993,17.2661,17.8047,18.0332,18.6947,18.7983,19.3587,19.3791,19.3832,19.7289,20.153,20.7478,20.8295,20.9087,21.7437,21.7659,21.8527,22.0895,22.401,22.5621,23.4195,23.5068,23.7282,24.9628
2.5209998361431003,-64.5262,-64.5262,-64.5261,-64.5261,-64.4864,-64.4863,-64.4863,-64.4863,-64.4862,-64.4862,-64.4861,-64.4861,-64.4285,-64.4284,-64.4284,-64.4283,-64.341,-64.3409,-10.7567,-10.7353,-9.005,-8.8812,-7.5161,-7.3481,-1.8887,-1.4291,-0.1483,0.2199,0.2259,0.2295,0.2554,0.2584,0.2672,0.297,0.305,0.3598,1.1333,1.1355,1.1506,1.161,2.5261,2.5314,2.5773,2.5781,2.5859,2.5935,2.6465,2.6675,2.7049,2.7173,2.7192,2.7745,2.7851,2.7901,2.8031,2.9686,3.2981,4.0824,4.2002,4.2397,4.2835,4.2967,5.273,5.3371,5.5572,5.6221,5.6274,5.6825,5.7522,5.9625,6.0246,7.1678,7.2068,7.4441,8.0119,8.7075,9.2107,9.8858,10.4839,10.9527,11.1175,11.2622,11.3897,11.4102,11.5963,11.7076,11.8131,11.917,12.0075,12.0802,12.703,12.7656,13.5761,14.4833,14.6328,14.7117,15.3124,15.3689,15.7018,15.9028,16.2627,16.3955,16.5032,16.9475,17.212,17.2649,17.7926,18.0028,18.6937,18.7786,19.3574,19.3628,19.3737,19.7347,20.1213,20.772,20.8199,20.9047,21.7425,21.7597,21.8398,22.1171,22.3854,22.5202,23.4053,23.4802,23.6915,24.9258
2.530939580864948,-64.5262,-64.5262,-64.5261,-64.526,-64.4864,-64.4863,-64.4863,-64.4862,-64.4862,-64.4862,-64.4861,-64.4861,-64.4285,-64.4284,-64.4284,-64.4283,-64.341,-64.341,-10.7588,-10.7373,-9.0079,-8.8838,-7.5187,-7.3502,-1.8912,-1.4305,-0.1476,0.2309,0.2313,0.2332,0.2537,0.2571,0.2742,0.2968,0.3047,0.3555,1.1353,1.1391,1.149,1.1594,2.5287,2.5328,2.5785,2.5791,2.5854,2.5964,2.6473,2.6683,2.7014,2.7169,2.7174,2.7782,2.7841,2.7881,2.8024,2.9592,3.3014,4.0966,4.2124,4.2442,4.2876,4.2981,5.2966,5.3498,5.5808,5.6366,5.6457,5.6898,5.7657,5.9698,6.0191,7.1426,7.1818,7.4441,7.9865,8.6863,9.1943,9.872,10.4916,10.976,11.1078,11.2797,11.3974,11.4241,11.602,11.69,11.8166,11.899,11.9977,12.0628,12.704,12.754,13.5623,14.4857,14.6588,14.7254,15.3275,15.3725,15.7236,15.8998,16.2274,16.3623,16.4711,16.892,17.2244,17.2664,17.7809,17.9755,18.6929,18.7607,19.3421,19.3579,19.3689,19.7401,20.0927,20.7945,20.8111,20.9012,21.7426,21.7556,21.8286,22.1442,22.3708,22.4807,23.3922,23.4546,23.6581,24.8923
2.5408792924875234,-64.5262,-64.5261,-64.5261,-64.526,-64.4864,-64.4863,-64.4863,-64.4863,-64.4862,-64.4861,-64.4861,-64.4861,-64.4285,-64.4284,-64.4284,-64.4283,-64.341,-64.3409,-10.7606,-10.739,-9.0105,-8.886,-7.521,-7.3521,-1.8935,-1.4316,-0.147,0.2353,0.2364,0.2422,0.2521,0.2556,0.2809,0.2967,0.3044,0.3509,1.1371,1.1424,1.1475,1.158,2.5309,2.5341,2.5796,2.58,2.5848,2.5992,2.6483,2.6689,2.6972,2.7165,2.7166,2.7814,2.7838,2.7863,2.8019,2.9504,3.3043,4.1095,4.2234,4.2482,4.2913,4.2992,5.3181,5.3606,5.6028,5.6489,5.662,5.6962,5.7784,5.976,6.014,7.12,7.1594,7.444,7.9636,8.6673,9.1796,9.8596,10.4985,10.9971,11.0991,11.2955,11.3862,11.4569,11.6071,11.6745,11.8199,11.8831,11.9889,12.045,12.705,12.7437,13.5494,14.4874,14.6831,14.7372,15.3413,15.376,15.7475,15.8962,16.1962,16.3325,16.4422,16.8378,17.2364,17.2691,17.7698,17.9512,18.6923,18.7447,19.325,19.3567,19.3647,19.7449,20.0673,20.8032,20.8151,20.8979,21.7438,21.753,21.8189,22.1702,22.3572,22.4439,23.3802,23.4304,23.628,24.8622
2.5508190041100987,-64.5262,-64.5262,-64.5261,-64.5261,-64.4864,-64.4863,-64.4863,-64.4863,-64.4862,-64.4862,-64.4861,-64.4861,-64.4285,-64.4284,-64.4284,-64.4283,-64.341,-64.341,-10.7622,-10.7405,-9.0127,-8.8879,-7.523,-7.3537,-1.8954,-1.4327,-0.1466,0.2391,0.2392,0.2507,0.2526,0.2541,0.2868,0.2966,0.3042,0.3461,1.1386,1.1453,1.1462,1.1567,2.5329,2.5352,2.5805,2.5808,2.5844,2.6016,2.6497,2.6695,2.6927,2.716,2.7163,2.7819,2.7846,2.7863,2.8014,2.9423,3.3068,4.1208,4.2331,4.2517,4.2945,4.3003,5.3372,5.3697,5.6227,5.6588,5.6764,5.7018,5.79,5.9814,6.0094,7.1,7.1398,7.4439,7.9432,8.6506,9.1666,9.8487,10.5045,11.0158,11.0916,11.3095,11.3764,11.4878,11.6115,11.661,11.8229,11.8694,11.9811,12.0273,12.706,12.7347,13.5375,14.4886,14.7051,14.7471,15.3535,15.3792,15.7726,15.8921,16.169,16.3064,16.4169,16.7862,17.2476,17.2723,17.7595,17.93,18.6919,18.7307,19.31,19.3556,19.3611,19.7491,20.0451,20.7961,20.8334,20.8951,21.7458,21.7518,21.811,22.1944,22.3448,22.4104,23.3694,23.408,23.6016,24.8358
2.560758715732674,-64.5263,-64.5262,-64.5261,-64.5261,-64.4864,-64.4864,-64.4864,-64.4864,-64.4863,-64.4863,-64.4861,-64.4861,-64.4285,-64.4285,-64.4284,-64.4283,-64.341,-64.341,-10.7635,-10.7418,-9.0146,-8.8896,-7.5246,-7.355,-1.897,-1.4335,-0.1461,0.2414,0.2424,0.2495,0.2528,0.2624,0.2919,0.2965,0.3039,0.341,1.1398,1.1452,1.1477,1.1556,2.5346,2.5362,2.5813,2.5815,2.584,2.6037,2.6513,2.6699,2.6881,2.7157,2.716,2.7813,2.7832,2.7898,2.801,2.9349,3.3089,4.1306,4.2415,4.2546,4.2971,4.3011,5.3539,5.3771,5.6403,5.6668,5.6887,5.7065,5.8005,5.9858,6.0053,7.0829,7.123,7.4437,7.9256,8.6362,9.1554,9.8393,10.5096,11.0321,11.0852,11.3215,11.3682,11.5162,11.6152,11.6496,11.8255,11.8578,11.9745,12.0101,12.7069,12.7271,13.527,14.4894,14.7247,14.7552,15.3642,15.3821,15.7977,15.8878,16.1459,16.284,16.3954,16.7386,17.2578,17.2754,17.7502,17.9119,18.6917,18.7188,19.2971,19.3545,19.3581,19.7527,20.0263,20.79,20.8493,20.8926,21.7481,21.7515,21.8048,22.2163,22.3339,22.3807,23.36,23.3878,23.579,24.8134
2.5706984604545218,-64.5263,-64.5262,-64.5261,-64.5261,-64.4864,-64.4864,-64.4864,-64.4864,-64.4863,-64.4863,-64.4861,-64.486,-64.4285,-64.4285,-64.4284,-64.4283,-64.3411,-64.341,-10.7646,-10.7429,-9.0161,-8.8909,-7.526,-7.3561,-1.8984,-1.4342,-0.1458,0.2434,0.245,0.2486,0.2518,0.2716,0.296,0.2964,0.3038,0.3356,1.1409,1.1443,1.1497,1.1548,2.536,2.537,2.5819,2.582,2.5836,2.6055,2.6533,2.6703,2.6837,2.7155,2.7158,2.7808,2.782,2.7931,2.8006,2.9286,3.3106,4.1387,4.2485,4.257,4.2993,4.3018,5.3678,5.3831,5.6553,5.673,5.6988,5.7103,5.8094,5.9894,6.0019,7.0687,7.1091,7.4436,7.911,8.6243,9.1462,9.8316,10.5138,11.0457,11.0799,11.3314,11.3615,11.5414,11.6183,11.6403,11.8276,11.8484,11.9691,11.9941,12.7078,12.7208,13.5181,14.4899,14.7414,14.7617,15.3731,15.3847,15.8217,15.8836,16.127,16.2654,16.3776,16.6964,17.2667,17.2783,17.7422,17.8971,18.6915,18.709,19.2865,19.3534,19.3556,19.7557,20.0109,20.785,20.8626,20.8906,21.7502,21.7518,21.8004,22.2353,22.3246,22.3553,23.352,23.3704,23.5603,24.7948
2.580638172077097,-64.5263,-64.5263,-64.5261,-64.5261,-64.4864,-64.4864,-64.4864,-64.4864,-64.4864,-64.4863,-64.4861,-64.486,-64.4285,-64.4285,-64.4284,-64.4283,-64.3411,-64.341,-10.7655,-10.7437,-9.0173,-8.892,-7.5271,-7.357,-1.8994,-1.4348,-0.1456,0.2448,0.2471,0.2478,0.251,0.2801,0.2964,0.2993,0.3036,0.3301,1.1417,1.1436,1.1513,1.1541,2.5371,2.5376,2.5824,2.5825,2.5834,2.6069,2.6555,2.6707,2.6794,2.7154,2.7156,2.7804,2.781,2.7959,2.8004,2.9233,3.312,4.1451,4.254,4.2588,4.301,4.3024,5.3789,5.3877,5.6672,5.6775,5.7068,5.7133,5.8167,5.9921,5.9991,7.0576,7.0983,7.4435,7.8994,8.615,9.139,9.8255,10.5171,11.0564,11.0758,11.3393,11.3563,11.5627,11.6207,11.6331,11.8294,11.8411,11.9648,11.98,12.7085,12.7158,13.5109,14.4902,14.7548,14.7666,15.3801,15.3867,15.8429,15.8799,16.1123,16.2509,16.3638,16.6609,17.274,17.2806,17.7357,17.8855,18.6914,18.7013,19.2781,19.3525,19.3537,19.758,19.9989,20.781,20.8731,20.889,21.7519,21.7525,21.7976,22.2508,22.3171,22.3348,23.3457,23.3563,23.5457,24.7803
2.5905778836996722,-64.5263,-64.5263,-64.5261,-64.5261,-64.4864,-64.4864,-64.4864,-64.4864,-64.4864,-64.4864,-64.4861,-64.486,-64.4285,-64.4285,-64.4284,-64.4283,-64.3411,-64.341,-10.7661,-10.7443,-9.0182,-8.8927,-7.5279,-7.3576,-1.9002,-1.4352,-0.1454,0.2459,0.2472,0.2487,0.2504,0.2877,0.2963,0.3016,0.3035,0.3246,1.1423,1.1431,1.1524,1.1537,2.5378,2.5381,2.5828,2.5828,2.5832,2.6079,2.6579,2.6709,2.6756,2.7154,2.7155,2.78,2.7803,2.7981,2.8002,2.9194,3.313,4.1497,4.258,4.2601,4.3022,4.3028,5.3869,5.3909,5.6759,5.6806,5.7125,5.7154,5.822,5.994,5.9971,7.0495,7.0905,7.4434,7.8911,8.6082,9.1337,9.8211,10.5194,11.0642,11.0728,11.345,11.3525,11.579,11.6224,11.6279,11.8307,11.8358,11.9617,11.9689,12.709,12.7123,13.5057,14.4904,14.7647,14.77,15.3853,15.3882,15.8598,15.877,16.1018,16.2404,16.3539,16.634,17.2794,17.2824,17.7308,17.8773,18.6913,18.6957,19.2722,19.3518,19.3524,19.7597,19.9903,20.7781,20.8808,20.8879,21.7531,21.7531,21.7962,22.2623,22.3117,22.3196,23.341,23.3458,23.5353,24.7699
2.60051762842152,-64.5262,-64.5262,-64.5261,-64.5261,-64.4864,-64.4864,-64.4863,-64.4863,-64.4863,-64.4863,-64.4861,-64.486,-64.4285,-64.4285,-64.4284,-64.4283,-64.3411,-64.341,-10.7664,-10.7446,-9.0187,-8.8932,-7.5283,-7.358,-1.9006,-1.4354,-0.1453,0.2465,0.2469,0.2496,0.25,0.2937,0.2963,0.303,0.3035,0.3198,1.1427,1.1429,1.1531,1.1534,2.5383,2.5384,2.583,2.583,2.5831,2.6085,2.6602,2.671,2.6724,2.7154,2.7154,2.7799,2.7799,2.7995,2.8001,2.917,3.3135,4.1525,4.2604,4.2609,4.3029,4.3031,5.3918,5.3928,5.6812,5.6824,5.7159,5.7167,5.8253,5.9951,5.9959,7.0447,7.0858,7.4433,7.8861,8.6042,9.1306,9.8184,10.5209,11.0688,11.071,11.3484,11.3503,11.5893,11.6234,11.6248,11.8314,11.8327,11.9599,11.9617,12.7093,12.7102,13.5025,14.4904,14.7707,14.772,15.3884,15.3891,15.8707,15.8751,16.0954,16.234,16.3479,16.617,17.2827,17.2835,17.7278,17.8723,18.6913,18.6924,19.2686,19.3514,19.3515,19.7607,19.9851,20.7763,20.8854,20.8872,21.7536,21.7536,21.7956,22.2693,22.3083,22.3103,23.3382,23.3394,23.529,24.7636
2.6104573400440954,-64.5263,-64.5263,-64.5262,-64.5262,-64.4865,-64.4865,-64.4865,-64.4864,-64.4864,-64.4864,-64.4861,-64.4861,-64.4285,-64.4285,-64.4284,-64.4283,-64.3411,-64.341,-10.7666,-10.7447,-9.0188,-8.8933,-7.5285,-7.3581,-1.9008,-1.4355,-0.1452,0.2467,0.2468,0.2498,0.2499,0.2963,0.2963,0.3034,0.3035,0.3177,1.1428,1.1428,1.1532,1.1532,2.5385,2.5385,2.583,2.583,2.583,2.6087,2.6612,2.671,2.671,2.7154,2.7154,2.7798,2.7798,2.8,2.8,2.9162,3.3137,4.1534,4.2612,4.2612,4.3031,4.3031,5.3934,5.3934,5.683,5.683,5.7171,5.7171,5.8263,5.9954,5.9954,7.0431,7.0842,7.4433,7.8844,8.6028,9.1295,9.8176,10.5213,11.0704,11.0704,11.3495,11.3495,11.5928,11.6237,11.6238,11.8317,11.8317,11.9592,11.9592,12.7094,12.7095,13.5014,14.4905,14.7727,14.7727,15.3894,15.3894,15.8745,15.8745,16.0933,16.2319,16.346,16.6112,17.2838,17.2838,17.7268,17.8706,18.6913,18.6913,19.2674,19.3513,19.3513,19.761,19.9834,20.7757,20.8869,20.8869,21.7538,21.7538,21.7954,22.2717,22.3072,22.3072,23.3372,23.3372,23.5269,24.7614
2.6104573400440954,-64.5263,-64.5263,-64.5262,-64.5262,-64.4865,-64.4865,-64.4865,-64.4864,-64.4864,-64.4864,-64.4861,-64.4861,-64.4285,-64.4285,-64.4284,-64.4283,-64.3411,-64.341,-10.7666,-10.7447,-9.0188,-8.8933,-7.5285,-7.3581,-1.9008,-1.4355,-0.1452,0.2467,0.2468,0.2498,0.2499,0.2963,0.2963,0.3034,0.3035,0.3177,1.1428,1.1428,1.1532,1.1532,2.5385,2.5385,2.583,2.583,2.583,2.6087,2.6612,2.671,2.671,2.7154,2.7154,2.7798,2.7798,2.8,2.8,2.9162,3.3137,4.1534,4.2612,4.2612,4.3031,4.3031,5.3934,5.3934,5.683,5.683,5.7171,5.7171,5.8263,5.9954,5.9954,7.0431,7.0842,7.4433,7.8844,8.6028,9.1295,9.8176,10.5213,11.0704,11.0704,11.3495,11.3495,11.5928,11.6237,11.6238,11.8317,11.8317,11.9592,11.9592,12.7094,12.7095,13.5014,14.4905,14.7727,14.7727,15.3894,15.3894,15.8745,15.8745,16.0933,16.2319,16.346,16.6112,17.2838,17.2838,17.7268,17.8706,18.6913,18.6913,19.2674,19.3513,19.3513,19.761,19.9834,20.7757,20.8869,20.8869,21.7538,21.7538,21.7954,22.2717,22.3072,22.3072,23.3372,23.3372,23.5269,24.7616
2.620011677495926,-64.5263,-64.5263,-64.5262,-64.5262,-64.4865,-64.4865,-64.4865,-64.4864,-64.4864,-64.4864,-64.4861,-64.4861,-64.4285,-64.4285,-64.4284,-64.4283,-64.3411,-64.341,-10.7665,-10.7448,-9.0187,-8.8935,-7.5282,-7.3584,-1.9002,-1.4365,-0.1443,0.2467,0.2468,0.2498,0.2499,0.2963,0.2963,0.3034,0.3034,0.3171,1.1428,1.1428,1.1532,1.1532,2.5385,2.5385,2.5829,2.5829,2.5831,2.6087,2.6614,2.6712,2.6712,2.7153,2.7153,2.7798,2.7798,2.8,2.8,2.9153,3.3152,4.1516,4.2612,4.2612,4.3031,4.3031,5.3937,5.3937,5.6794,5.6794,5.7207,5.7207,5.8289,5.9952,5.9952,7.0428,7.0842,7.4386,7.8884,8.6023,9.13,9.8143,10.5254,11.0707,11.0707,11.3487,11.3487,11.592,11.624,11.624,11.831,11.831,11.961,11.961,12.7083,12.7084,13.502,14.4867,14.7735,14.7735,15.388,15.388,15.8766,15.8766,16.0936,16.2322,16.3502,16.6109,17.2806,17.2807,17.7141,17.8857,18.6933,18.6933,19.2675,19.3543,19.3543,19.752,19.9835,20.7728,20.8789,20.8789,21.7638,21.7638,21.8004,22.2785,22.2968,22.2968,23.3468,23.3468,23.5301,24.7548
2.6295660149477564,-64.5263,-64.5263,-64.5262,-64.5262,-64.4865,-64.4865,-64.4865,-64.4864,-64.4864,-64.4864,-64.4861,-64.4861,-64.4285,-64.4285,-64.4284,-64.4283,-64.3411,-64.341,-10.7664,-10.7449,-9.0181,-8.8942,-7.5274,-7.3591,-1.8985,-1.4394,-0.1414,0.2468,0.2468,0.2498,0.2498,0.2964,0.2964,0.3034,0.3034,0.3154,1.1428,1.1428,1.1532,1.1532,2.5387,2.5387,2.5826,2.5826,2.5832,2.6088,2.662,2.6715,2.6715,2.7152,2.7152,2.7799,2.7799,2.7999,2.7999,2.9127,3.3194,4.1462,4.2614,4.2614,4.3029,4.3029,5.3944,5.3944,5.6711,5.6712,5.7289,5.7289,5.8363,5.9945,5.9945,7.0418,7.0843,7.4249,7.8999,8.6007,9.1313,9.8048,10.5374,11.0714,11.0715,11.3462,11.3462,11.5897,11.6248,11.6249,11.8291,11.8291,11.9663,11.9663,12.705,12.7051,13.5037,14.4758,14.7759,14.7759,15.3839,15.3839,15.8829,15.8829,16.0944,16.233,16.3627,16.61,17.2712,17.2712,17.6857,17.9214,18.6991,18.6991,19.2677,19.3634,19.3634,19.7267,19.9824,20.764,20.8559,20.8559,21.7926,21.7926,21.8155,22.2668,22.2668,22.2985,23.3742,23.3742,23.5394,24.735
2.639120352399587,-64.5262,-64.5262,-64.5261,-64.5261,-64.4865,-64.4864,-64.4864,-64.4864,-64.4863,-64.4863,-64.4861,-64.486,-64.4285,-64.4285,-64.4284,-64.4283,-64.3411,-64.341,-10.7663,-10.745,-9.0172,-8.8952,-7.526,-7.3604,-1.8956,-1.4441,-0.1366,0.2468,0.2468,0.2498,0.2499,0.2964,0.2964,0.3034,0.3034,0.3126,1.1429,1.1429,1.1531,1.1531,2.5389,2.5389,2.5821,2.5821,2.5835,2.6088,2.663,2.672,2.672,2.7149,2.7149,2.78,2.7801,2.7997,2.7997,2.9086,3.3264,4.1374,4.2617,4.2617,4.3025,4.3025,5.3956,5.3957,5.6611,5.6612,5.7388,5.7388,5.8486,5.9934,5.9934,7.0401,7.0844,7.4038,7.9176,8.598,9.1336,9.7897,10.5566,11.0727,11.0727,11.3421,11.3421,11.5857,11.6262,11.6262,11.8261,11.8261,11.9747,11.9748,12.6996,12.6996,13.5067,14.4579,14.7799,14.7799,15.3771,15.3771,15.8933,15.8933,16.0959,16.2343,16.3828,16.6086,17.2556,17.2556,17.6528,17.9666,18.7087,18.7087,19.2669,19.378,19.3781,19.6897,19.9775,20.7495,20.821,20.821,21.8375,21.8375,21.8405,22.2202,22.2202,22.3311,23.4163,23.4163,23.5547,24.7032
2.6486746898514175,-64.5262,-64.5262,-64.5261,-64.5261,-64.4865,-64.4864,-64.4864,-64.4864,-64.4863,-64.4863,-64.4861,-64.486,-64.4285,-64.4285,-64.4284,-64.4283,-64.3411,-64.341,-10.766,-10.7453,-9.016,-8.8967,-7.524,-7.3621,-1.8916,-1.4506,-0.13,0.2468,0.2468,0.2498,0.2498,0.2965,0.2965,0.3033,0.3033,0.3087,1.143,1.143,1.153,1.153,2.5393,2.5393,2.5814,2.5814,2.5839,2.6088,2.6644,2.6728,2.6728,2.7146,2.7146,2.7802,2.7802,2.7995,2.7995,2.9031,3.336,4.1253,4.2622,4.2622,4.3021,4.3021,5.3974,5.3974,5.6505,5.6505,5.7494,5.7494,5.8656,5.9918,5.9918,7.0376,7.0845,7.3768,7.94,8.5943,9.1368,9.77,10.5821,11.0744,11.0745,11.3365,11.3365,11.5802,11.6281,11.6282,11.8223,11.8223,11.9861,11.9861,12.692,12.692,13.5108,14.4339,14.7854,14.7854,15.3679,15.3679,15.9075,15.9075,16.0981,16.2361,16.4095,16.6068,17.2343,17.2343,17.6205,18.0166,18.7222,18.7222,19.2633,19.3977,19.3977,19.6462,19.9666,20.7296,20.7776,20.7776,21.8753,21.8952,21.8952,22.1605,22.1605,22.375,23.469,23.469,23.5755,24.6589
2.658229027303248,-64.5262,-64.5262,-64.5261,-64.5261,-64.4864,-64.4864,-64.4864,-64.4864,-64.4862,-64.4862,-64.4861,-64.486,-64.4285,-64.4285,-64.4284,-64.4283,-64.3411,-64.341,-10.7657,-10.7456,-9.0144,-8.8985,-7.5216,-7.3643,-1.8865,-1.4589,-0.1218,0.2469,0.2469,0.2498,0.2498,0.2966,0.2966,0.3032,0.3032,0.3037,1.1432,1.1432,1.1529,1.1529,2.5397,2.5397,2.5805,2.5805,2.5844,2.6088,2.6663,2.6737,2.6737,2.7143,2.7143,2.7805,2.7805,2.7992,2.7992,2.8962,3.3479,4.1101,4.2627,4.2627,4.3015,4.3015,5.3996,5.3996,5.6395,5.6395,5.7602,5.7602,5.887,5.9898,5.9898,7.0339,7.0846,7.3456,7.9658,8.5894,9.1409,9.7466,10.6128,11.0767,11.0767,11.3296,11.3296,11.573,11.6306,11.6306,11.8178,11.8178,11.9999,12.0,12.6823,12.6823,13.5161,14.4043,14.7925,14.7925,15.3564,15.3564,15.9254,15.9254,16.101,16.2382,16.4415,16.6047,17.2077,17.2077,17.5908,18.0697,18.7393,18.7393,19.2536,19.4215,19.4215,19.6019,19.9488,20.7046,20.7293,20.7293,21.9195,21.9626,21.9626,22.0912,22.0912,22.4289,23.5282,23.5282,23.6012,24.605
2.6677833647550786,-64.5262,-64.5262,-64.5261,-64.5261,-64.4865,-64.4865,-64.4864,-64.4864,-64.4862,-64.4862,-64.4861,-64.486,-64.4285,-64.4285,-64.4284,-64.4283,-64.3411,-64.341,-10.7654,-10.746,-9.0125,-8.9008,-7.5186,-7.367,-1.8802,-1.4687,-0.1119,0.2469,0.247,0.2497,0.2497,0.2967,0.2968,0.2975,0.3031,0.3031,1.1433,1.1434,1.1527,1.1527,2.5403,2.5403,2.5794,2.5794,2.5849,2.6088,2.6686,2.6748,2.6748,2.7137,2.7137,2.7808,2.7808,2.7988,2.7988,2.8884,3.3619,4.0922,4.2634,4.2634,4.3008,4.3008,5.4023,5.4023,5.6284,5.6284,5.7711,5.7711,5.9125,5.9873,5.9873,7.0286,7.0848,7.3118,7.9937,8.5835,9.146,9.7204,10.6477,11.0795,11.0795,11.3215,11.3215,11.5642,11.6335,11.6336,11.8128,11.8128,12.016,12.016,12.6706,12.6707,13.5228,14.3702,14.801,14.801,15.3429,15.3429,15.9468,15.9468,16.1047,16.2405,16.4773,16.6024,17.1764,17.1764,17.5653,18.1251,18.7601,18.7601,19.2332,19.4483,19.4483,19.5631,19.9244,20.675,20.6789,20.6789,21.9725,22.0148,22.0148,22.0374,22.0374,22.4915,23.5901,23.5902,23.6311,24.5415
2.677337702206909,-64.5262,-64.5262,-64.5261,-64.5261,-64.4865,-64.4865,-64.4864,-64.4864,-64.4862,-64.4862,-64.4861,-64.486,-64.4285,-64.4284,-64.4284,-64.4283,-64.341,-64.3409,-10.765,-10.7464,-9.0103,-8.9034,-7.5152,-7.3701,-1.8729,-1.48,-0.1005,0.247,0.247,0.2496,0.2496,0.2904,0.2969,0.2969,0.303,0.303,1.1435,1.1436,1.1525,1.1525,2.5409,2.5409,2.5782,2.5782,2.5856,2.6087,2.6713,2.676,2.676,2.7131,2.7131,2.7812,2.7812,2.7984,2.7984,2.8797,3.378,4.0719,4.2642,4.2642,4.2999,4.2999,5.4055,5.4055,5.6173,5.6173,5.782,5.7821,5.9419,5.9844,5.9844,7.0213,7.0851,7.277,8.0229,8.5764,9.1521,9.6923,10.686,11.0828,11.0828,11.3125,11.3125,11.5536,11.637,11.637,11.8074,11.8074,12.034,12.0341,12.6571,12.6571,13.5308,14.3323,14.8111,14.8111,15.3277,15.3277,15.9714,15.9714,16.1092,16.2429,16.5153,16.6002,17.1408,17.1408,17.5451,18.1824,18.7843,18.7843,19.1976,19.4768,19.4768,19.5351,19.8943,20.6292,20.6292,20.6411,21.9335,21.9335,22.0335,22.1178,22.1178,22.5615,23.6514,23.6514,23.6644,24.4709
2.6868920396587397,-64.5262,-64.5262,-64.5261,-64.5261,-64.4865,-64.4865,-64.4864,-64.4864,-64.4862,-64.4862,-64.486,-64.486,-64.4285,-64.4284,-64.4284,-64.4281,-64.341,-64.3409,-10.7645,-10.7469,-9.0077,-8.9063,-7.5113,-7.3736,-1.8646,-1.4927,-0.0878,0.247,0.2471,0.2495,0.2496,0.2822,0.297,0.2971,0.3028,0.3028,1.1438,1.1438,1.1522,1.1523,2.5416,2.5417,2.5769,2.5769,2.5863,2.6086,2.6746,2.6774,2.6774,2.7124,2.7124,2.7816,2.7816,2.7979,2.7979,2.8704,3.3958,4.0493,4.265,4.2651,4.299,4.299,5.4091,5.4091,5.6062,5.6063,5.7929,5.7929,5.9748,5.981,5.981,7.0109,7.0853,7.2425,8.0528,8.5683,9.1592,9.663,10.7267,11.0865,11.0866,11.3026,11.3027,11.5413,11.6409,11.6409,11.8017,11.8017,12.0538,12.0538,12.6417,12.6418,13.5402,14.2916,14.8225,14.8225,15.3108,15.3108,15.9991,15.9991,16.1144,16.2452,16.5536,16.5983,17.1015,17.1015,17.5316,18.2413,18.8119,18.8119,19.1455,19.5053,19.5053,19.5195,19.8603,20.5824,20.5825,20.6035,21.8487,21.8487,22.1017,22.2024,22.2025,22.6376,23.6999,23.7085,23.7085,24.3925
2.6964463771105702,-64.5262,-64.5262,-64.5261,-64.5261,-64.4865,-64.4865,-64.4864,-64.4864,-64.4862,-64.4862,-64.486,-64.486,-64.4285,-64.4284,-64.4284,-64.4281,-64.341,-64.3409,-10.764,-10.7474,-9.0048,-8.9096,-7.507,-7.3776,-1.8552,-1.5065,-0.0739,0.2471,0.2471,0.2495,0.2495,0.2729,0.2972,0.2972,0.3026,0.3027,1.144,1.1441,1.152,1.152,2.5425,2.5425,2.5754,2.5754,2.5871,2.6083,2.6783,2.6789,2.6789,2.7117,2.7117,2.7821,2.7821,2.7974,2.7974,2.8607,3.4152,4.0248,4.266,4.266,4.2979,4.298,5.4132,5.4132,5.5952,5.5953,5.8037,5.8037,5.9772,5.9772,6.0108,6.9962,7.0856,7.2103,8.0831,8.5589,9.1674,9.6329,10.7692,11.0908,11.0909,11.2922,11.2922,11.5271,11.6453,11.6453,11.7956,11.7956,12.075,12.075,12.6247,12.6247,13.5511,14.2487,14.8354,14.8354,15.2925,15.2925,16.0296,16.0296,16.1204,16.2473,16.5902,16.5969,17.059,17.059,17.526,18.3016,18.8427,18.8427,19.0794,19.5128,19.5318,19.5319,19.8251,20.5411,20.5411,20.5626,21.7616,21.7616,22.1761,22.2905,22.2905,22.7188,23.7362,23.7577,23.7577,24.3089
2.7060007145624008,-64.5262,-64.5262,-64.5261,-64.5261,-64.4865,-64.4865,-64.4864,-64.4864,-64.4861,-64.4861,-64.486,-64.486,-64.4284,-64.4284,-64.4283,-64.4281,-64.3409,-64.3409,-10.7634,-10.748,-9.0017,-8.9131,-7.5023,-7.382,-1.8448,-1.5214,-0.059,0.2472,0.2472,0.2494,0.2494,0.2627,0.2974,0.2975,0.3025,0.3025,1.1443,1.1444,1.1517,1.1517,2.5435,2.5435,2.5739,2.5739,2.588,2.6079,2.6805,2.6805,2.6826,2.7108,2.7108,2.7826,2.7826,2.7968,2.7968,2.8505,3.4361,3.9987,4.2671,4.2671,4.2968,4.2968,5.4178,5.4178,5.5844,5.5844,5.8143,5.8143,5.973,5.973,6.0496,6.9759,7.086,7.182,8.1132,8.5485,9.1767,9.6027,10.813,11.0957,11.0957,11.2813,11.2813,11.511,11.6502,11.6502,11.7893,11.7893,12.0975,12.0975,12.6061,12.6061,13.5635,14.2044,14.8495,14.8495,15.2731,15.2731,16.0628,16.0628,16.1269,16.2488,16.5963,16.6234,17.0139,17.0139,17.5297,18.3632,18.8765,18.8765,19.0031,19.5087,19.5541,19.5542,19.7926,20.5077,20.5077,20.5189,21.673,21.6731,22.2559,22.3811,22.3811,22.8042,23.7722,23.7952,23.7953,24.221
2.7155550520142313,-64.5262,-64.5262,-64.5261,-64.5261,-64.4865,-64.4865,-64.4864,-64.4864,-64.4861,-64.4861,-64.486,-64.486,-64.4284,-64.4284,-64.4283,-64.4281,-64.3409,-64.3409,-10.7628,-10.7487,-8.9983,-8.917,-7.4972,-7.3867,-1.8334,-1.5372,-0.0432,0.2473,0.2473,0.2493,0.2493,0.2516,0.2976,0.2977,0.3023,0.3023,1.1446,1.1447,1.1514,1.1514,2.5445,2.5445,2.5723,2.5723,2.589,2.6074,2.6821,2.6821,2.6873,2.7099,2.7099,2.7831,2.7831,2.7962,2.7962,2.8402,3.4583,3.9713,4.2683,4.2683,4.2956,4.2956,5.4228,5.4228,5.5736,5.5736,5.8248,5.8248,5.9684,5.9684,6.091,6.9489,7.0864,7.1589,8.1432,8.5368,9.187,9.5724,10.8576,11.101,11.101,11.27,11.2701,11.493,11.6554,11.6554,11.7826,11.7827,12.1211,12.1212,12.586,12.586,13.5777,14.1594,14.8649,14.8649,15.2526,15.2526,16.0984,16.0984,16.1341,16.2497,16.5968,16.6514,16.9666,16.9667,17.5438,18.426,18.9131,18.9131,18.9198,19.4999,19.5699,19.5699,19.7683,20.4729,20.4845,20.4846,21.5837,21.5837,22.3404,22.4737,22.4737,22.8927,23.8056,23.8174,23.8176,24.1287
2.725109389466062,-64.5262,-64.5262,-64.5261,-64.5261,-64.4865,-64.4865,-64.4864,-64.4864,-64.4861,-64.4861,-64.486,-64.486,-64.4284,-64.4284,-64.4283,-64.4281,-64.3409,-64.3409,-10.7622,-10.7493,-8.9946,-8.921,-7.4917,-7.3918,-1.8212,-1.5537,-0.0266,0.2395,0.2474,0.2474,0.2492,0.2492,0.2979,0.2979,0.3021,0.3021,1.145,1.145,1.1511,1.1511,2.5456,2.5456,2.5706,2.5706,2.59,2.6068,2.6838,2.6838,2.6925,2.7088,2.7088,2.7837,2.7837,2.7955,2.7955,2.8298,3.4817,3.9428,4.2696,4.2696,4.2942,4.2942,5.4282,5.4282,5.563,5.563,5.8351,5.8351,5.9633,5.9633,6.1346,6.9154,7.0869,7.1412,8.1726,8.524,9.1986,9.5426,10.9026,11.1068,11.1068,11.2586,11.2586,11.473,11.661,11.6611,11.7758,11.7758,12.1457,12.1458,12.5646,12.5646,13.5935,14.1143,14.8815,14.8815,15.2313,15.2313,16.1363,16.1363,16.1419,16.2497,16.5985,16.6733,16.9176,16.9176,17.569,18.4898,18.832,18.9524,18.9525,19.4796,19.5768,19.5769,19.7579,20.425,20.4738,20.4739,21.494,21.494,22.4288,22.568,22.568,22.9836,23.8216,23.8219,23.8348,24.0337
2.7346637269178924,-64.5262,-64.5262,-64.5261,-64.5261,-64.4864,-64.4864,-64.4864,-64.4864,-64.4861,-64.4861,-64.486,-64.486,-64.4286,-64.4284,-64.4283,-64.428,-64.341,-64.3408,-10.7615,-10.7501,-8.9907,-8.9253,-7.486,-7.3972,-1.808,-1.5708,-0.0095,0.2266,0.2475,0.2475,0.2491,0.2491,0.2981,0.2981,0.3018,0.3019,1.1453,1.1453,1.1508,1.1508,2.5467,2.5467,2.5689,2.569,2.591,2.6062,2.6856,2.6856,2.6982,2.7077,2.7077,2.7843,2.7843,2.7949,2.7949,2.8193,3.5062,3.9135,4.2709,4.2709,4.2928,4.2928,5.4341,5.4341,5.5525,5.5525,5.8452,5.8452,5.9579,5.9579,6.1802,6.8763,7.0875,7.1281,8.2015,8.5101,9.2112,9.5132,10.9477,11.1131,11.1131,11.2471,11.2471,11.451,11.667,11.6671,11.7688,11.7688,12.1712,12.1712,12.542,12.542,13.6112,14.0694,14.8992,14.8992,15.2092,15.2092,16.1501,16.1764,16.1764,16.2488,16.6016,16.6883,16.8672,16.8673,17.6054,18.5545,18.7412,18.9942,18.9942,19.4451,19.5737,19.5737,19.7634,20.3757,20.477,20.477,21.4046,21.4046,22.5205,22.6634,22.6634,23.0759,23.8066,23.8066,23.8567,23.9366
2.744218064369723,-64.5262,-64.5262,-64.5261,-64.5261,-64.4864,-64.4864,-64.4864,-64.4864,-64.4861,-64.4861,-64.486,-64.486,-64.4286,-64.4284,-64.4283,-64.428,-64.341,-64.3408,-10.7607,-10.7508,-8.9866,-8.9298,-7.48,-7.4029,-1.7941,-1.5884,0.0081,0.2128,0.2476,0.2476,0.249,0.249,0.2984,0.2984,0.3016,0.3016,1.1457,1.1457,1.1504,1.1504,2.5479,2.5479,2.5672,2.5672,2.5921,2.6054,2.6873,2.6873,2.7044,2.7065,2.7065,2.785,2.785,2.7941,2.7941,2.8089,3.5316,3.8836,4.2723,4.2723,4.2914,4.2914,5.4404,5.4404,5.5423,5.5423,5.8551,5.8552,5.952,5.952,6.2274,6.8328,7.0881,7.1187,8.2297,8.495,9.2251,9.4847,10.9924,11.1199,11.12,11.2356,11.2356,11.427,11.6734,11.6734,11.7615,11.7616,12.1973,12.1973,12.5183,12.5183,13.6307,14.0253,14.9179,14.9179,15.1866,15.1866,16.1586,16.2184,16.2184,16.2467,16.6063,16.6969,16.8159,16.8159,17.6525,18.6201,18.6484,19.0381,19.0381,19.3989,19.56,19.56,19.7822,20.3253,20.4942,20.4942,21.3157,21.3157,22.6149,22.7597,22.7597,23.1689,23.7731,23.7732,23.8331,23.874
2.7537724018215535,-64.5262,-64.5262,-64.5261,-64.5261,-64.4864,-64.4864,-64.4864,-64.4864,-64.4861,-64.4861,-64.486,-64.486,-64.4286,-64.4284,-64.4283,-64.4281,-64.341,-64.3409,-10.76,-10.7516,-8.9823,-8.9344,-7.4738,-7.4088,-1.7794,-1.6063,0.026,0.1982,0.2477,0.2477,0.2488,0.2489,0.2986,0.2987,0.3014,0.3014,1.146,1.1461,1.15,1.1501,2.5492,2.5492,2.5655,2.5655,2.5933,2.6045,2.6891,2.6891,2.7052,2.7052,2.7111,2.7857,2.7857,2.7934,2.7934,2.7986,3.558,3.8533,4.2738,4.2738,4.2898,4.2898,5.447,5.447,5.5322,5.5322,5.8648,5.8648,5.9458,5.9458,6.276,6.7862,7.0889,7.1117,8.2571,8.4787,9.2402,9.4569,11.0365,11.1273,11.1273,11.2242,11.2242,11.4009,11.68,11.68,11.7542,11.7542,12.2239,12.224,12.4937,12.4938,13.6523,13.9822,14.9375,14.9375,15.1635,15.1635,16.1675,16.2434,16.2623,16.2623,16.6125,16.6995,16.7639,16.7639,17.7092,18.5547,18.6864,19.0839,19.0839,19.3445,19.5365,19.5365,19.8105,20.2742,20.5247,20.5248,21.2278,21.2279,22.7117,22.8564,22.8564,23.2617,23.7236,23.7238,23.7337,23.8741
2.763326739273384,-64.5262,-64.5262,-64.5261,-64.5261,-64.4865,-64.4865,-64.4864,-64.4864,-64.4861,-64.4861,-64.4861,-64.486,-64.4286,-64.4284,-64.4283,-64.4282,-64.341,-64.3409,-10.7592,-10.7524,-8.9778,-8.9392,-7.4674,-7.4149,-1.764,-1.6245,0.0441,0.183,0.2478,0.2478,0.2487,0.2487,0.2989,0.2989,0.3011,0.3011,1.1464,1.1464,1.1496,1.1496,2.5506,2.5506,2.5637,2.5637,2.5944,2.6036,2.6908,2.6908,2.7038,2.7038,2.7182,2.7864,2.7864,2.7885,2.7925,2.7925,3.5852,3.8227,4.2753,4.2753,4.2883,4.2883,5.454,5.454,5.5224,5.5224,5.8742,5.8743,5.9392,5.9392,6.3258,6.7375,7.0897,7.1065,8.2837,8.4614,9.2565,9.4301,11.0797,11.135,11.1351,11.2129,11.213,11.3727,11.6869,11.6869,11.7467,11.7467,12.251,12.251,12.4683,12.4683,13.6758,13.9405,14.958,14.958,15.1402,15.1402,16.1765,16.239,16.3079,16.3079,16.6203,16.6974,16.7115,16.7115,17.7744,18.4606,18.7533,19.1313,19.1313,19.285,19.5047,19.5047,19.8453,20.2227,20.567,20.567,21.1413,21.1413,22.8104,22.9533,22.9533,23.3532,23.6316,23.6612,23.6613,23.8627
2.7728810767252146,-64.5262,-64.5262,-64.5262,-64.5262,-64.4865,-64.4865,-64.4865,-64.4864,-64.4861,-64.4861,-64.4861,-64.4861,-64.4286,-64.4284,-64.4283,-64.4282,-64.341,-64.3409,-10.7583,-10.7533,-8.9732,-8.944,-7.4609,-7.4213,-1.748,-1.6427,0.0623,0.1671,0.2479,0.2479,0.2486,0.2486,0.2992,0.2992,0.3008,0.3008,1.1468,1.1468,1.1492,1.1492,2.5521,2.5521,2.5619,2.5619,2.5956,2.6025,2.6926,2.6926,2.7024,2.7024,2.7257,2.7786,2.7872,2.7872,2.7917,2.7917,3.6132,3.792,4.2769,4.2769,4.2866,4.2867,5.4614,5.4614,5.5128,5.5128,5.8834,5.8834,5.9322,5.9322,6.3765,6.6872,7.0907,7.1025,8.3094,8.4428,9.274,9.4044,11.1219,11.1433,11.1433,11.2019,11.202,11.3424,11.694,11.694,11.7391,11.7391,12.2784,12.2784,12.4422,12.4422,13.7015,13.9004,14.9792,14.9792,15.1167,15.1167,16.1856,16.2336,16.3549,16.3549,16.6294,16.659,16.659,16.6915,17.8466,18.3669,18.8206,19.1799,19.1799,19.2221,19.4664,19.4664,19.8849,20.1714,20.6192,20.6192,21.0566,21.0566,22.9107,23.0499,23.0499,23.4423,23.5286,23.5886,23.5886,23.8371
2.782435414177045,-64.5262,-64.5262,-64.5261,-64.5261,-64.4865,-64.4865,-64.4864,-64.4864,-64.4861,-64.4861,-64.4861,-64.4861,-64.4285,-64.4285,-64.4283,-64.4283,-64.341,-64.341,-10.7575,-10.7541,-8.9684,-8.9489,-7.4543,-7.4278,-1.7314,-1.6609,0.0805,0.1506,0.248,0.248,0.2485,0.2485,0.2994,0.2995,0.3006,0.3006,1.1472,1.1472,1.1488,1.1489,2.5536,2.5536,2.5602,2.5602,2.5968,2.6015,2.6943,2.6943,2.7009,2.7009,2.7334,2.7689,2.7879,2.7879,2.7911,2.7911,3.6419,3.7614,4.2785,4.2785,4.285,4.285,5.4692,5.4692,5.5035,5.5035,5.8923,5.8923,5.9249,5.9249,6.4279,6.6359,7.0919,7.0994,8.3342,8.4232,9.2927,9.3797,11.1521,11.1521,11.1628,11.1912,11.1913,11.3102,11.7012,11.7013,11.7315,11.7315,12.306,12.306,12.4156,12.4156,13.7294,13.8621,15.0011,15.0011,15.0931,15.0931,16.1946,16.2271,16.4033,16.4033,16.6067,16.6067,16.6396,16.6831,17.9245,18.274,18.8882,19.1571,19.2293,19.2293,19.4233,19.4233,19.9278,20.1204,20.6794,20.6794,20.9741,20.9741,23.0122,23.1458,23.1458,23.4251,23.5084,23.5085,23.5278,23.7977
2.7919897516288756,-64.5262,-64.5262,-64.5261,-64.5261,-64.4865,-64.4865,-64.4864,-64.4864,-64.4861,-64.4861,-64.4861,-64.4861,-64.4285,-64.4285,-64.4283,-64.4283,-64.341,-64.341,-10.7567,-10.7549,-8.9636,-8.9538,-7.4477,-7.4343,-1.7143,-1.6789,0.0985,0.1336,0.2481,0.2481,0.2483,0.2484,0.2997,0.2997,0.3003,0.3003,1.1476,1.1476,1.1484,1.1484,2.5552,2.5552,2.5585,2.5585,2.598,2.6003,2.696,2.696,2.6993,2.6993,2.7418,2.7595,2.7886,2.7886,2.7902,2.7903,3.6711,3.7309,4.2801,4.2801,4.2834,4.2834,5.4773,5.4773,5.4945,5.4945,5.9009,5.9009,5.9172,5.9172,6.4798,6.5841,7.0933,7.097,8.358,8.4025,9.3127,9.3562,11.1612,11.1613,11.1809,11.1809,11.2022,11.276,11.7087,11.7087,11.7238,11.7239,12.3336,12.3336,12.3885,12.3885,13.7594,13.8258,15.0236,15.0236,15.0697,15.0697,16.2035,16.2199,16.4529,16.4529,16.5547,16.5547,16.6506,16.6729,18.0072,18.1827,18.9559,19.0907,19.2791,19.2791,19.377,19.377,19.9734,20.0701,20.7461,20.7462,20.8944,20.8944,23.1147,23.2404,23.2404,23.3214,23.4227,23.4228,23.6079,23.7448
2.801544089080706,-64.5262,-64.5262,-64.5261,-64.5261,-64.4865,-64.4865,-64.4864,-64.4864,-64.4861,-64.4861,-64.4861,-64.4861,-64.4285,-64.4285,-64.4283,-64.4283,-64.341,-64.341,-10.7558,-10.7558,-8.9587,-8.9587,-7.441,-7.441,-1.6968,-1.6968,0.1162,0.1162,0.2482,0.2482,0.2482,0.2483,0.3,0.3,0.3,0.3,1.148,1.148,1.148,1.148,2.5568,2.5568,2.5568,2.5568,2.5991,2.5992,2.6977,2.6977,2.6977,2.6977,2.7505,2.7505,2.7894,2.7894,2.7895,2.7895,3.7008,3.7008,4.2817,4.2817,4.2817,4.2817,5.4857,5.4857,5.4857,5.4857,5.9092,5.9092,5.9092,5.9092,6.532,6.532,7.0949,7.0949,8.3808,8.3808,9.3338,9.3338,11.1709,11.1709,11.1709,11.1709,11.24,11.24,11.7162,11.7162,11.7162,11.7162,12.3611,12.3611,12.3612,12.3612,13.7915,13.7915,15.0464,15.0464,15.0465,15.0465,16.2119,16.2119,16.5034,16.5034,16.5034,16.5034,16.6618,16.6618,18.0935,18.0935,19.0235,19.0236,19.3286,19.3286,19.3286,19.3286,20.021,20.021,20.8182,20.8182,20.8182,20.8182,23.2178,23.2179,23.333,23.333,23.333,23.333,23.6808,23.6808
2.801544089080706,-64.5262,-64.5262,-64.5261,-64.5261,-64.4865,-64.4865,-64.4864,-64.4864,-64.4861,-64.4861,-64.4861,-64.4861,-64.4285,-64.4285,-64.4283,-64.4283,-64.341,-64.341,-10.7558,-10.7558,-8.9587,-8.9587,-7.441,-7.441,-1.6968,-1.6968,0.1162,0.1162,0.2482,0.2482,0.2482,0.2483,0.3,0.3,0.3,0.3,1.148,1.148,1.148,1.148,2.5568,2.5568,2.5568,2.5568,2.5991,2.5992,2.6977,2.6977,2.6977,2.6977,2.7505,2.7505,2.7894,2.7894,2.7895,2.7895,3.7008,3.7008,4.2817,4.2817,4.2817,4.2817,5.4857,5.4857,5.4857,5.4857,5.9092,5.9092,5.9092,5.9092,6.532,6.532,7.0949,7.0949,8.3808,8.3808,9.3338,9.3338,11.1709,11.1709,11.1709,11.1709,11.24,11.24,11.7162,11.7162,11.7162,11.7162,12.3611,12.3611,12.3612,12.3612,13.7915,13.7915,15.0464,15.0464,15.0465,15.0465,16.2119,16.2119,16.5034,16.5034,16.5034,16.5034,16.6618,16.6618,18.0935,18.0935,19.0235,19.0236,19.3286,19.3286,19.3286,19.3286,20.021,20.021,20.8182,20.8182,20.8182,20.8182,23.2178,23.2178,23.333,23.333,23.333,23.333,23.6808,23.6808
2.811497142169178,-64.5262,-64.5262,-64.5261,-64.5261,-64.4865,-64.4865,-64.4864,-64.4864,-64.4861,-64.4861,-64.4861,-64.4861,-64.4285,-64.4285,-64.4283,-64.4283,-64.341,-64.341,-10.7557,-10.7557,-8.9586,-8.9586,-7.4408,-7.4408,-1.6967,-1.6967,0.116,0.116,0.248,0.248,0.2483,0.2484,0.2997,0.2997,0.3,0.3,1.1479,1.1479,1.1481,1.1481,2.5566,2.5567,2.5567,2.5567,2.5992,2.5992,2.6975,2.6975,2.6977,2.6977,2.7502,2.7502,2.7895,2.7895,2.7902,2.7902,3.7006,3.7006,4.281,4.281,4.2815,4.2815,5.4841,5.4842,5.4851,5.4851,5.9077,5.9077,5.9088,5.9088,6.5327,6.5327,7.0965,7.0965,8.3821,8.3821,9.3348,9.3348,11.1659,11.1659,11.1715,11.1715,11.243,11.243,11.7161,11.7161,11.7173,11.7173,12.3602,12.3602,12.3618,12.3618,13.7929,13.7929,15.0449,15.0449,15.046,15.046,16.2126,16.2126,16.4981,16.4981,16.5038,16.5038,16.6704,16.6704,18.0942,18.0942,19.023,19.023,19.3283,19.3283,19.3286,19.3286,20.0232,20.0232,20.8189,20.8189,20.8191,20.8191,23.213,23.213,23.333,23.333,23.3344,23.3344,23.6851,23.6852
2.8214502143675237,-64.5262,-64.5262,-64.5261,-64.5261,-64.4865,-64.4865,-64.4864,-64.4864,-64.4861,-64.4861,-64.4861,-64.4861,-64.4285,-64.4285,-64.4283,-64.4283,-64.341,-64.341,-10.7553,-10.7553,-8.9581,-8.9581,-7.4404,-7.4404,-1.6963,-1.6963,0.1153,0.1153,0.2473,0.2473,0.2487,0.2487,0.2989,0.2989,0.3001,0.3001,1.1474,1.1474,1.1484,1.1484,2.5561,2.5562,2.5564,2.5565,2.5992,2.5993,2.697,2.697,2.6976,2.6976,2.7494,2.7495,2.7896,2.7897,2.7923,2.7924,3.7,3.7,4.2788,4.2788,4.2807,4.2807,5.4794,5.4794,5.4833,5.4833,5.9033,5.9033,5.9076,5.9076,6.5348,6.5348,7.101,7.101,8.386,8.386,9.3377,9.3377,11.1529,11.1529,11.1735,11.1735,11.2502,11.2502,11.7158,11.7158,11.7204,11.7204,12.3573,12.3573,12.3638,12.3638,13.7971,13.7972,15.0402,15.0402,15.0447,15.0447,16.2144,16.2144,16.4855,16.4855,16.5048,16.5048,16.6932,16.6932,18.0964,18.0964,19.0213,19.0213,19.3276,19.3276,19.3287,19.3287,20.0299,20.0299,20.821,20.821,20.8221,20.8221,23.1988,23.1988,23.3329,23.333,23.3388,23.3389,23.6973,23.6973
2.8314032674559955,-64.5262,-64.5262,-64.5262,-64.5261,-64.4864,-64.4864,-64.4863,-64.4863,-64.4861,-64.4861,-64.4861,-64.4861,-64.4286,-64.4285,-64.4283,-64.4283,-64.341,-64.341,-10.7547,-10.7547,-8.9573,-8.9573,-7.4397,-7.4397,-1.6957,-1.6957,0.1141,0.1141,0.2462,0.2462,0.2492,0.2493,0.2975,0.2975,0.3001,0.3001,1.1466,1.1466,1.1489,1.1489,2.5554,2.5554,2.556,2.5561,2.5994,2.5994,2.6962,2.6962,2.6975,2.6975,2.7484,2.7484,2.7899,2.7899,2.7957,2.7957,3.6989,3.6989,4.2752,4.2752,4.2794,4.2794,5.4716,5.4716,5.4803,5.4803,5.896,5.896,5.9055,5.9055,6.5382,6.5382,7.1086,7.1086,8.3924,8.3924,9.3425,9.3425,11.1349,11.1349,11.1767,11.1767,11.2586,11.2586,11.7153,11.7153,11.7256,11.7256,12.3525,12.3525,12.3671,12.3671,13.8041,13.8041,15.0325,15.0325,15.0425,15.0425,16.2168,16.2168,16.4711,16.4712,16.5066,16.5066,16.7249,16.7249,18.1,18.1,19.0184,19.0184,19.3268,19.3268,19.3288,19.3288,20.0409,20.0409,20.8244,20.8244,20.8269,20.8269,23.1764,23.1764,23.3329,23.333,23.3468,23.3468,23.7159,23.7159
2.841356320544467,-64.5262,-64.5262,-64.5261,-64.5261,-64.4864,-64.4864,-64.4863,-64.4863,-64.4861,-64.4861,-64.4861,-64.4861,-64.4286,-64.4285,-64.4283,-64.4283,-64.341,-64.341,-10.7539,-10.7539,-8.9562,-8.9561,-7.4388,-7.4388,-1.6948,-1.6948,0.1124,0.1124,0.2446,0.2446,0.25,0.25,0.2957,0.2957,0.3002,0.3002,1.1454,1.1454,1.1496,1.1496,2.5542,2.5543,2.5554,2.5555,2.5995,2.5995,2.695,2.6951,2.6974,2.6974,2.7474,2.7474,2.7902,2.7903,2.7999,2.8,3.6974,3.6974,4.2702,4.2702,4.2777,4.2777,5.4606,5.4607,5.4762,5.4762,5.8858,5.8858,5.9027,5.9027,6.5428,6.5428,7.1191,7.1191,8.4014,8.4014,9.3492,9.3492,11.1137,11.1137,11.1813,11.1813,11.2665,11.2665,11.7145,11.7145,11.7329,11.7329,12.3458,12.3458,12.3718,12.3718,13.8137,13.8137,15.0217,15.0217,15.0396,15.0396,16.2191,16.2191,16.4592,16.4592,16.5091,16.5091,16.7624,16.7624,18.105,18.105,19.014,19.014,19.3264,19.3264,19.329,19.329,20.056,20.056,20.8292,20.8292,20.8337,20.8337,23.1473,23.1473,23.333,23.333,23.3582,23.3582,23.7389,23.739
2.851309392742813,-64.5262,-64.5262,-64.5261,-64.5261,-64.4864,-64.4864,-64.4863,-64.4863,-64.4861,-64.4861,-64.4861,-64.4861,-64.4285,-64.4285,-64.4283,-64.4283,-64.341,-64.341,-10.7528,-10.7528,-8.9547,-8.9547,-7.4375,-7.4375,-1.6937,-1.6937,0.1103,0.1103,0.2426,0.2426,0.251,0.2511,0.2933,0.2933,0.3004,0.3004,1.1439,1.1439,1.1504,1.1504,2.5529,2.5529,2.5547,2.5548,2.5997,2.5997,2.6936,2.6936,2.6972,2.6973,2.7465,2.7465,2.7907,2.7907,2.8049,2.805,3.6955,3.6955,4.2639,4.2639,4.2754,4.2754,5.4468,5.4468,5.4708,5.4708,5.8731,5.8731,5.899,5.899,6.5484,6.5484,7.1326,7.1326,8.4128,8.4128,9.3577,9.3577,11.0899,11.0899,11.1872,11.1872,11.2733,11.2733,11.7137,11.7137,11.7422,11.7422,12.3374,12.3374,12.3777,12.3777,13.8258,13.8258,15.008,15.008,15.0358,15.0358,16.22,16.22,16.4524,16.4524,16.5122,16.5122,16.8037,16.8037,18.1111,18.1111,19.008,19.008,19.3269,19.3269,19.3293,19.3294,20.0751,20.0751,20.8353,20.8353,20.8424,20.8424,23.1132,23.1132,23.333,23.333,23.3732,23.3732,23.7647,23.765
2.8612624458312848,-64.5262,-64.5261,-64.5261,-64.5261,-64.4863,-64.4863,-64.4863,-64.4863,-64.4861,-64.4861,-64.4861,-64.4861,-64.4285,-64.4285,-64.4283,-64.4283,-64.341,-64.341,-10.7515,-10.7515,-8.9529,-8.9529,-7.436,-7.436,-1.6924,-1.6924,0.1076,0.1076,0.24,0.24,0.2523,0.2523,0.2905,0.2905,0.3005,0.3005,1.1421,1.1421,1.1515,1.1515,2.5511,2.5512,2.5538,2.5539,2.5999,2.6,2.6919,2.6919,2.697,2.6971,2.7458,2.7458,2.7912,2.7913,2.8105,2.8105,3.6932,3.6932,4.2563,4.2563,4.2727,4.2727,5.43,5.43,5.4643,5.4643,5.8579,5.8579,5.8945,5.8945,6.555,6.555,7.1489,7.1489,8.4267,8.4267,9.368,9.368,11.0641,11.0641,11.1943,11.1943,11.2786,11.2786,11.7127,11.7127,11.7536,11.7536,12.3274,12.3274,12.3849,12.3849,13.8402,13.8402,14.9915,14.9915,15.0312,15.0312,16.2188,16.2188,16.4526,16.4526,16.516,16.516,16.8478,16.8478,18.1183,18.1183,19.0003,19.0003,19.329,19.329,19.3298,19.3298,20.0979,20.0979,20.8425,20.8425,20.8529,20.8529,23.0754,23.0754,23.3331,23.3331,23.3914,23.3914,23.7919,23.7919
2.8712154989197565,-64.5261,-64.5261,-64.526,-64.526,-64.4863,-64.4863,-64.4863,-64.4863,-64.4861,-64.4861,-64.4861,-64.486,-64.4285,-64.4285,-64.4283,-64.4283,-64.341,-64.3409,-10.75,-10.75,-8.9508,-8.9508,-7.4342,-7.4342,-1.6908,-1.6908,0.1044,0.1044,0.2369,0.2369,0.2537,0.2538,0.2873,0.2873,0.3008,0.3008,1.14,1.14,1.1528,1.1528,2.5492,2.5492,2.5528,2.5528,2.6002,2.6002,2.6901,2.6901,2.6968,2.6968,2.7455,2.7455,2.7918,2.7919,2.8165,2.8166,3.6904,3.6904,4.2475,4.2475,4.2694,4.2694,5.4106,5.4106,5.4566,5.4566,5.8404,5.8404,5.8892,5.8892,6.5622,6.5622,7.1681,7.1681,8.4428,8.4428,9.3799,9.3799,11.0366,11.0366,11.2027,11.2027,11.2823,11.2823,11.7116,11.7116,11.7671,11.7671,12.3159,12.3159,12.3934,12.3934,13.8567,13.8567,14.9723,14.9723,15.026,15.026,16.215,16.215,16.4605,16.4606,16.5203,16.5203,16.8941,16.8941,18.1263,18.1263,18.9907,18.9907,19.3304,19.3304,19.3331,19.3331,20.1242,20.1242,20.8509,20.8509,20.8652,20.8652,23.0351,23.0351,23.3333,23.3333,23.4125,23.4125,23.8195,23.8198
2.8811685711181023,-64.5261,-64.5261,-64.5261,-64.5261,-64.4863,-64.4863,-64.4863,-64.4863,-64.4861,-64.4861,-64.4861,-64.4861,-64.4285,-64.4285,-64.4283,-64.4283,-64.341,-64.3409,-10.7482,-10.7482,-8.9484,-8.9484,-7.4322,-7.4322,-1.689,-1.689,0.1006,0.1006,0.2332,0.2333,0.2554,0.2554,0.2838,0.2838,0.301,0.301,1.1375,1.1375,1.1542,1.1542,2.5469,2.5469,2.5516,2.5516,2.6004,2.6004,2.6881,2.6881,2.6965,2.6965,2.7454,2.7454,2.7926,2.7926,2.8229,2.8229,3.6871,3.6871,4.2377,4.2377,4.2657,4.2657,5.3885,5.3885,5.4478,5.4478,5.8207,5.8207,5.8831,5.8831,6.5701,6.5701,7.1899,7.1899,8.461,8.461,9.3935,9.3935,11.0075,11.0075,11.2123,11.2123,11.2843,11.2843,11.7106,11.7106,11.7825,11.7825,12.3029,12.3029,12.4032,12.4032,13.8751,13.8751,14.9505,14.9505,15.0201,15.0201,16.2089,16.2089,16.4762,16.4762,16.5252,16.5252,16.9423,16.9423,18.1349,18.1349,18.9796,18.9796,19.3311,19.3311,19.3397,19.3397,20.1538,20.1538,20.8602,20.8602,20.8793,20.8793,22.9928,22.9928,23.3337,23.3337,23.4361,23.4361,23.8467,23.847
2.891121624206574,-64.5261,-64.5261,-64.5261,-64.5261,-64.4863,-64.4863,-64.4863,-64.4863,-64.4861,-64.4861,-64.4861,-64.4861,-64.4285,-64.4285,-64.4283,-64.4283,-64.341,-64.3409,-10.7462,-10.7462,-8.9457,-8.9457,-7.4298,-7.4298,-1.687,-1.687,0.0963,0.0963,0.229,0.229,0.2572,0.2572,0.2801,0.2801,0.3013,0.3013,1.1348,1.1348,1.1558,1.1558,2.5443,2.5444,2.5502,2.5503,2.6006,2.6007,2.686,2.6861,2.6962,2.6962,2.7456,2.7456,2.7933,2.7934,2.8295,2.8296,3.6833,3.6834,4.2268,4.2268,4.2614,4.2614,5.3639,5.3639,5.4379,5.4379,5.7991,5.7991,5.8763,5.8763,6.5783,6.5783,7.2142,7.2142,8.4813,8.4813,9.4085,9.4085,10.9771,10.9771,11.2232,11.2232,11.2847,11.2847,11.7095,11.7095,11.8,11.8,12.2887,12.2887,12.4142,12.4142,13.8952,13.8952,14.9264,14.9264,15.0136,15.0136,16.2013,16.2013,16.4989,16.4989,16.5306,16.5306,16.9921,16.9921,18.1439,18.1439,18.9671,18.9671,19.3321,19.3321,19.3491,19.3491,20.1865,20.1865,20.8705,20.8705,20.8952,20.8952,22.9493,22.9493,23.3342,23.3342,23.4618,23.4618,23.8733,23.8734
2.9010746772950458,-64.5261,-64.5261,-64.5261,-64.5261,-64.4863,-64.4863,-64.4863,-64.4863,-64.4861,-64.4861,-64.4861,-64.4861,-64.4285,-64.4284,-64.4283,-64.4283,-64.341,-64.3409,-10.7439,-10.7439,-8.9426,-8.9426,-7.4272,-7.4272,-1.6847,-1.6847,0.0914,0.0914,0.2241,0.2241,0.2593,0.2593,0.2762,0.2762,0.3016,0.3016,1.1317,1.1317,1.1576,1.1576,2.5415,2.5416,2.5487,2.5488,2.6009,2.6009,2.684,2.684,2.6958,2.6959,2.7461,2.7461,2.7942,2.7943,2.8364,2.8365,3.6791,3.6791,4.2151,4.2151,4.2567,4.2567,5.3371,5.3371,5.4269,5.4269,5.7756,5.7756,5.8686,5.8686,6.5868,6.5868,7.2411,7.2411,8.5036,8.5036,9.4248,9.4248,10.9454,10.9454,11.2352,11.2352,11.2836,11.2836,11.7084,11.7084,11.8195,11.8195,12.2734,12.2734,12.4265,12.4265,13.9167,13.9167,14.9,14.9,15.0066,15.0066,16.1931,16.1931,16.5277,16.5277,16.5364,16.5364,17.0432,17.0432,18.1527,18.1527,18.9538,18.9538,19.3333,19.3333,19.3614,19.3614,20.2221,20.2221,20.8815,20.8815,20.9126,20.9126,22.905,22.905,23.3349,23.3349,23.489,23.489,23.899,23.8992
2.9110277494933916,-64.5262,-64.5261,-64.5261,-64.5261,-64.4863,-64.4863,-64.4863,-64.4863,-64.4862,-64.4862,-64.4861,-64.4861,-64.4285,-64.4284,-64.4283,-64.4283,-64.341,-64.3409,-10.7414,-10.7414,-8.9393,-8.9393,-7.4244,-7.4244,-1.6822,-1.6822,0.0858,0.0858,0.2186,0.2186,0.2615,0.2615,0.2721,0.2721,0.302,0.302,1.1284,1.1284,1.1596,1.1596,2.5385,2.5385,2.5471,2.5471,2.601,2.6011,2.682,2.682,2.6954,2.6955,2.7469,2.7469,2.7952,2.7952,2.8435,2.8435,3.6744,3.6744,4.2027,4.2027,4.2516,4.2516,5.3081,5.3081,5.4148,5.4148,5.7505,5.7505,5.8602,5.8602,6.5955,6.5955,7.2703,7.2703,8.5276,8.5276,9.4424,9.4424,10.9127,10.9127,11.2485,11.2485,11.2811,11.2811,11.7074,11.7074,11.8409,11.8409,12.2571,12.2571,12.4399,12.4399,13.9393,13.9393,14.8717,14.8717,14.9992,14.9992,16.185,16.1851,16.5427,16.5427,16.5617,16.5617,17.0955,17.0955,18.1612,18.1612,18.9404,18.9404,19.3348,19.3348,19.3766,19.3766,20.2605,20.2605,20.8933,20.8933,20.9317,20.9317,22.8602,22.8602,23.3358,23.3358,23.5169,23.5169,23.924,23.9241
2.9209808025818633,-64.5262,-64.5262,-64.5261,-64.5261,-64.4863,-64.4863,-64.4863,-64.4863,-64.4862,-64.4862,-64.4861,-64.4861,-64.4285,-64.4284,-64.4283,-64.4283,-64.341,-64.3409,-10.7387,-10.7387,-8.9356,-8.9356,-7.4213,-7.4213,-1.6795,-1.6795,0.0795,0.0795,0.2124,0.2124,0.2639,0.264,0.2681,0.2681,0.3024,0.3024,1.1248,1.1248,1.1618,1.1618,2.5352,2.5353,2.5454,2.5454,2.6012,2.6013,2.68,2.6801,2.695,2.695,2.7479,2.7479,2.7961,2.7962,2.8506,2.8507,3.6691,3.6692,4.1896,4.1896,4.2459,4.2459,5.2771,5.2771,5.4017,5.4017,5.7238,5.7238,5.8511,5.8511,6.6042,6.6042,7.3017,7.3017,8.5532,8.5532,9.4611,9.4611,10.8791,10.8791,11.2629,11.2629,11.2772,11.2772,11.7065,11.7065,11.8642,11.8642,12.2401,12.2401,12.4546,12.4546,13.9628,13.9629,14.8416,14.8416,14.9914,14.9914,16.1777,16.1777,16.5493,16.5493,16.6004,16.6004,17.1488,17.1488,18.1687,18.1687,18.9275,18.9275,19.3366,19.3366,19.3947,19.3947,20.3015,20.3015,20.9057,20.9057,20.9523,20.9523,22.8152,22.8153,23.3371,23.3371,23.5447,23.5448,23.9489,23.9489
2.930933855670335,-64.5262,-64.5262,-64.5261,-64.5261,-64.4863,-64.4863,-64.4863,-64.4863,-64.4862,-64.4862,-64.4861,-64.4861,-64.4285,-64.4284,-64.4283,-64.4283,-64.341,-64.3409,-10.7358,-10.7358,-8.9316,-8.9316,-7.4179,-7.4179,-1.6766,-1.6766,0.0726,0.0726,0.2055,0.2055,0.264,0.264,0.2665,0.2666,0.3029,0.3029,1.1209,1.1209,1.1642,1.1642,2.5318,2.5318,2.5435,2.5435,2.6014,2.6014,2.6782,2.6782,2.6945,2.6946,2.7492,2.7492,2.7972,2.7973,2.8579,2.8579,3.6634,3.6634,4.176,4.176,4.2398,4.2398,5.2443,5.2443,5.3876,5.3876,5.6957,5.6957,5.8413,5.8413,6.6129,6.6129,7.3352,7.3352,8.5803,8.5803,9.4808,9.4808,10.8447,10.8447,11.272,11.272,11.2784,11.2784,11.7057,11.7057,11.8895,11.8895,12.2224,12.2224,12.4703,12.4703,13.987,13.987,14.81,14.81,14.9833,14.9833,16.1713,16.1713,16.5562,16.5562,16.6431,16.6431,17.2028,17.2028,18.1749,18.1749,18.9161,18.9161,19.3387,19.3387,19.4156,19.4156,20.345,20.345,20.9187,20.9187,20.9744,20.9744,22.7703,22.7703,23.3387,23.3387,23.5715,23.5715,23.9742,23.9744
2.940886927868681,-64.5262,-64.5262,-64.5261,-64.5261,-64.4863,-64.4863,-64.4863,-64.4863,-64.4862,-64.4862,-64.4861,-64.4861,-64.4284,-64.4284,-64.4283,-64.4283,-64.341,-64.3409,-10.7326,-10.7326,-8.9274,-8.9273,-7.4142,-7.4142,-1.6734,-1.6734,0.0649,0.0649,0.1979,0.1979,0.2601,0.2601,0.2693,0.2693,0.3035,0.3035,1.1167,1.1167,1.1667,1.1667,2.5281,2.5281,2.5416,2.5416,2.6015,2.6015,2.6765,2.6765,2.694,2.6941,2.7507,2.7507,2.7983,2.7984,2.8653,2.8653,3.6571,3.6571,4.1621,4.1621,4.2333,4.2333,5.2098,5.2099,5.3725,5.3725,5.6663,5.6663,5.8307,5.8307,6.6216,6.6216,7.3707,7.3707,8.6087,8.6087,9.5013,9.5013,10.8097,10.8097,11.2658,11.2658,11.2951,11.2951,11.705,11.705,11.9166,11.9166,12.2043,12.2043,12.4873,12.4873,14.0115,14.0115,14.7771,14.7771,14.975,14.975,16.1662,16.1662,16.5633,16.5633,16.6895,16.6895,17.2575,17.2575,18.1793,18.1793,18.9069,18.9069,19.3413,19.3413,19.4391,19.4391,20.391,20.391,20.932,20.932,20.9978,20.9978,22.7256,22.7256,23.3407,23.3407,23.596,23.596,24.001,24.0011
2.9508399809571526,-64.5262,-64.5262,-64.5261,-64.5261,-64.4863,-64.4863,-64.4863,-64.4863,-64.4863,-64.4862,-64.4862,-64.4862,-64.4284,-64.4284,-64.4283,-64.4283,-64.341,-64.3409,-10.7292,-10.7292,-8.9228,-8.9228,-7.4103,-7.4103,-1.6701,-1.6701,0.0565,0.0565,0.1897,0.1897,0.2562,0.2562,0.2722,0.2722,0.3042,0.3042,1.1123,1.1123,1.1694,1.1694,2.5242,2.5243,2.5395,2.5395,2.6016,2.6016,2.6749,2.6749,2.6935,2.6935,2.7523,2.7523,2.7995,2.7995,2.8726,2.8727,3.6503,3.6503,4.1478,4.1478,4.2263,4.2263,5.1738,5.1739,5.3565,5.3565,5.6356,5.6357,5.8194,5.8194,6.6301,6.6301,7.408,7.408,8.6382,8.6382,9.5225,9.5225,10.7743,10.7743,11.2586,11.2586,11.3128,11.3128,11.7044,11.7044,11.9456,11.9456,12.1859,12.1859,12.5053,12.5053,14.0361,14.0361,14.7432,14.7432,14.9666,14.9666,16.1626,16.1626,16.5707,16.5707,16.7393,16.7393,17.3125,17.3125,18.1815,18.1815,18.9008,18.9008,19.3442,19.3442,19.465,19.4651,20.4391,20.4391,20.9458,20.9458,21.0227,21.0227,22.6813,22.6813,23.3432,23.3432,23.6171,23.6172,24.0302,24.0303
2.9607930340456243,-64.5262,-64.5262,-64.5261,-64.5261,-64.4863,-64.4863,-64.4863,-64.4863,-64.4863,-64.4862,-64.4862,-64.4862,-64.4284,-64.4284,-64.4283,-64.4283,-64.341,-64.3409,-10.7257,-10.7257,-8.9179,-8.9179,-7.4062,-7.4062,-1.6665,-1.6665,0.0473,0.0473,0.1809,0.1809,0.2524,0.2524,0.2751,0.2751,0.3051,0.3051,1.1076,1.1076,1.1723,1.1723,2.5202,2.5202,2.5373,2.5373,2.6016,2.6016,2.6734,2.6734,2.6929,2.693,2.7542,2.7542,2.8007,2.8007,2.88,2.88,3.643,3.643,4.1334,4.1334,4.219,4.219,5.1365,5.1365,5.3396,5.3396,5.6039,5.6039,5.8075,5.8075,6.6385,6.6385,7.4469,7.4469,8.6687,8.6687,9.5442,9.5442,10.7387,10.7387,11.2506,11.2506,11.3315,11.3315,11.704,11.704,11.9764,11.9764,12.1673,12.1673,12.5244,12.5244,14.0604,14.0604,14.7086,14.7086,14.9581,14.9581,16.1604,16.1604,16.5782,16.5782,16.792,16.792,17.3677,17.3677,18.1812,18.1812,18.8986,18.8986,19.3475,19.3475,19.4934,19.4934,20.4895,20.4895,20.9598,20.9598,21.0488,21.0488,22.6375,22.6375,23.3461,23.3461,23.634,23.634,24.0631,24.0631
2.97074610624397,-64.5262,-64.5262,-64.5262,-64.5261,-64.4864,-64.4863,-64.4863,-64.4863,-64.4863,-64.4863,-64.4862,-64.4862,-64.4285,-64.4284,-64.4283,-64.4283,-64.341,-64.3409,-10.7218,-10.7218,-8.9127,-8.9127,-7.4018,-7.4018,-1.6627,-1.6627,0.0374,0.0374,0.1714,0.1714,0.2488,0.2488,0.2781,0.2782,0.3061,0.3061,1.1027,1.1027,1.1754,1.1754,2.5161,2.5161,2.5351,2.5351,2.6015,2.6016,2.6721,2.6722,2.6924,2.6924,2.7561,2.7561,2.8019,2.802,2.8873,2.8873,3.6351,3.6351,4.1189,4.1189,4.2112,4.2112,5.0978,5.0978,5.3218,5.3218,5.5711,5.5711,5.7949,5.7949,6.6466,6.6467,7.4874,7.4874,8.6999,8.6999,9.5664,9.5664,10.7029,10.7029,11.2418,11.2418,11.3513,11.3513,11.7038,11.7038,12.009,12.009,12.1488,12.1488,12.5445,12.5445,14.0842,14.0842,14.6737,14.6737,14.9497,14.9497,16.1598,16.1598,16.5858,16.5858,16.8475,16.8475,17.4226,17.4226,18.1785,18.1785,18.9009,18.9009,19.3512,19.3512,19.524,19.524,20.5418,20.5418,20.974,20.974,21.0761,21.0761,22.5945,22.5945,23.3496,23.3496,23.6459,23.6459,24.1,24.1001
2.980699159332442,-64.5262,-64.5262,-64.5262,-64.5261,-64.4863,-64.4863,-64.4863,-64.4863,-64.4863,-64.4863,-64.4862,-64.4862,-64.4285,-64.4284,-64.4283,-64.4282,-64.341,-64.3409,-10.7178,-10.7178,-8.9072,-8.9072,-7.3971,-7.3971,-1.6587,-1.6587,0.0266,0.0266,0.1615,0.1615,0.2452,0.2452,0.2811,0.2811,0.3074,0.3074,1.0976,1.0976,1.1787,1.1787,2.5117,2.5118,2.5327,2.5328,2.6014,2.6015,2.671,2.671,2.6918,2.6918,2.7583,2.7583,2.8032,2.8033,2.8946,2.8946,3.6267,3.6267,4.1044,4.1044,4.203,4.203,5.0581,5.0581,5.3032,5.3032,5.5374,5.5374,5.7816,5.7817,6.6546,6.6546,7.5292,7.5292,8.7317,8.7317,9.5887,9.5887,10.6672,10.6672,11.2323,11.2323,11.372,11.372,11.7038,11.7038,12.0433,12.0433,12.1305,12.1305,12.5656,12.5656,14.1071,14.1071,14.6388,14.6388,14.9415,14.9415,16.1606,16.1606,16.5935,16.5935,16.9055,16.9055,17.4769,17.4769,18.1735,18.1735,18.9081,18.9081,19.3554,19.3554,19.5566,19.5566,20.5959,20.5959,20.9883,20.9883,21.1046,21.1047,22.5525,22.5525,23.3538,23.3538,23.6528,23.6529,24.1417,24.1419
2.9906522124209136,-64.5262,-64.5262,-64.5261,-64.5261,-64.4863,-64.4863,-64.4863,-64.4863,-64.4862,-64.4862,-64.4862,-64.4861,-64.4284,-64.4284,-64.4283,-64.4282,-64.341,-64.3409,-10.7136,-10.7136,-8.9015,-8.9015,-7.3922,-7.3922,-1.6546,-1.6546,0.015,0.015,0.151,0.151,0.2418,0.2418,0.284,0.284,0.309,0.3091,1.0923,1.0923,1.1822,1.1822,2.5074,2.5074,2.5304,2.5304,2.6013,2.6013,2.67,2.67,2.6911,2.6911,2.7606,2.7606,2.8045,2.8046,2.9017,2.9018,3.6178,3.6178,4.0901,4.0901,4.1944,4.1944,5.0174,5.0174,5.2837,5.2837,5.5028,5.5028,5.7678,5.7678,6.6624,6.6624,7.5722,7.5722,8.7639,8.7639,9.6112,9.6112,10.6317,10.6317,11.2224,11.2224,11.3936,11.3936,11.704,11.704,12.0793,12.0793,12.1127,12.1127,12.5877,12.5877,14.1286,14.1286,14.6044,14.6044,14.9334,14.9334,16.163,16.163,16.6013,16.6013,16.9656,16.9656,17.5298,17.5298,18.167,18.167,18.9203,18.9204,19.36,19.36,19.5911,19.5911,20.6518,20.6518,21.0029,21.0029,21.1343,21.1343,22.5115,22.5115,23.3585,23.3585,23.6549,23.6549,24.1873,24.1876
3.0006052846192595,-64.5262,-64.5262,-64.5261,-64.5261,-64.4863,-64.4863,-64.4863,-64.4863,-64.4862,-64.4862,-64.4862,-64.4861,-64.4284,-64.4284,-64.4283,-64.4282,-64.341,-64.3409,-10.7091,-10.7091,-8.8954,-8.8954,-7.3871,-7.3871,-1.6502,-1.6502,0.0026,0.0026,0.1401,0.1401,0.2384,0.2384,0.2867,0.2867,0.3111,0.3111,1.0868,1.0868,1.1858,1.1858,2.5028,2.5029,2.5279,2.5279,2.601,2.601,2.6692,2.6692,2.6904,2.6905,2.763,2.763,2.8058,2.8059,2.9087,2.9087,3.6084,3.6084,4.076,4.076,4.1854,4.1854,4.9757,4.9758,5.2635,5.2635,5.4675,5.4675,5.7533,5.7533,6.6699,6.67,7.6163,7.6163,8.7963,8.7963,9.6336,9.6336,10.5967,10.5967,11.212,11.212,11.416,11.416,11.7044,11.7044,12.0954,12.0954,12.1171,12.1171,12.6108,12.6108,14.1482,14.1482,14.5712,14.5712,14.9257,14.9257,16.1667,16.1667,16.6091,16.6091,17.0275,17.0275,17.5807,17.5807,18.16,18.16,18.9378,18.9378,19.365,19.365,19.6274,19.6274,20.709,20.709,21.0176,21.0176,21.1649,21.165,22.4717,22.4718,23.364,23.364,23.6528,23.6529,24.2372,24.2373
3.010558337707731,-64.5262,-64.5262,-64.5261,-64.5261,-64.4863,-64.4863,-64.4863,-64.4863,-64.4862,-64.4862,-64.4862,-64.4862,-64.4285,-64.4284,-64.4283,-64.4283,-64.341,-64.3409,-10.7045,-10.7045,-8.8891,-8.8891,-7.3818,-7.3818,-1.6457,-1.6457,-0.0107,-0.0107,0.1288,0.1288,0.2351,0.2351,0.2892,0.2892,0.3136,0.3136,1.081,1.081,1.1896,1.1896,2.4982,2.4982,2.5254,2.5254,2.6007,2.6007,2.6685,2.6685,2.6897,2.6897,2.7654,2.7654,2.8072,2.8072,2.9155,2.9155,3.5985,3.5985,4.0621,4.0621,4.1761,4.1761,4.9334,4.9334,5.2426,5.2426,5.4314,5.4314,5.7383,5.7383,6.6773,6.6773,7.6612,7.6612,8.8287,8.8287,9.6557,9.6557,10.5622,10.5622,11.2012,11.2012,11.4393,11.4393,11.7051,11.7051,12.079,12.079,12.1564,12.1564,12.6348,12.6348,14.165,14.165,14.54,14.54,14.9183,14.9183,16.1719,16.1719,16.6169,16.617,17.0908,17.0908,17.6283,17.6283,18.1542,18.1542,18.9602,18.9602,19.3705,19.3705,19.6653,19.6653,20.7674,20.7674,21.0325,21.0325,21.1966,21.1966,22.4335,22.4335,23.3702,23.3702,23.6472,23.6473,24.2904,24.2905
3.020511390796203,-64.5262,-64.5261,-64.5261,-64.5261,-64.4863,-64.4863,-64.4863,-64.4862,-64.4862,-64.4862,-64.4861,-64.4861,-64.4284,-64.4284,-64.4283,-64.4282,-64.341,-64.3409,-10.6997,-10.6997,-8.8825,-8.8825,-7.3762,-7.3762,-1.641,-1.641,-0.0248,-0.0248,0.1171,0.1171,0.2319,0.232,0.2913,0.2913,0.3167,0.3167,1.0752,1.0752,1.1935,1.1935,2.4935,2.4936,2.5229,2.5229,2.6003,2.6003,2.668,2.668,2.689,2.689,2.768,2.768,2.8085,2.8085,2.9221,2.9221,3.5882,3.5882,4.0486,4.0486,4.1664,4.1664,4.8903,4.8904,5.221,5.221,5.3947,5.3947,5.7227,5.7227,6.6844,6.6844,7.7069,7.7069,8.8609,8.8609,9.6775,9.6775,10.5286,10.5286,11.1901,11.1901,11.4633,11.4633,11.706,11.706,12.0636,12.0636,12.1974,12.1974,12.6597,12.6597,14.1781,14.1781,14.512,14.512,14.9115,14.9115,16.1783,16.1783,16.6248,16.6248,17.1549,17.1549,17.6713,17.6713,18.1517,18.1517,18.9875,18.9875,19.3764,19.3764,19.7047,19.7047,20.8262,20.8262,21.0481,21.0481,21.2293,21.2293,22.3969,22.3969,23.3771,23.3771,23.6389,23.6389,24.3463,24.3464
3.0304644629945487,-64.5262,-64.5261,-64.5261,-64.526,-64.4863,-64.4863,-64.4862,-64.4862,-64.4862,-64.4862,-64.4861,-64.4861,-64.4284,-64.4284,-64.4283,-64.4282,-64.3409,-64.3409,-10.6946,-10.6946,-8.8757,-8.8756,-7.3704,-7.3704,-1.6361,-1.6361,-0.0397,-0.0397,0.1051,0.1051,0.2288,0.2288,0.2931,0.2931,0.3204,0.3204,1.0691,1.0691,1.1976,1.1976,2.4888,2.4888,2.5203,2.5203,2.5998,2.5998,2.6676,2.6676,2.6882,2.6883,2.7707,2.7707,2.8099,2.8099,2.9285,2.9285,3.5775,3.5775,4.0355,4.0355,4.1564,4.1564,4.8467,4.8468,5.1987,5.1987,5.3575,5.3575,5.7066,5.7066,6.6913,6.6913,7.7531,7.7531,8.8927,8.8927,9.6988,9.6988,10.4959,10.4959,11.1788,11.1788,11.488,11.488,11.7072,11.7072,12.0495,12.0495,12.2399,12.2399,12.6854,12.6854,14.186,14.186,14.4885,14.4885,14.9052,14.9052,16.186,16.186,16.6326,16.6326,17.219,17.219,17.7081,17.7081,18.1551,18.1551,19.0193,19.0193,19.3827,19.3827,19.7453,19.7453,20.8847,20.8847,21.0649,21.0649,21.2628,21.2628,22.3622,22.3622,23.3849,23.3849,23.6286,23.6286,24.4045,24.4047
3.0404175160830205,-64.5262,-64.5261,-64.5261,-64.5261,-64.4863,-64.4863,-64.4863,-64.4862,-64.4862,-64.4862,-64.4861,-64.4861,-64.4284,-64.4284,-64.4283,-64.4282,-64.3409,-64.3409,-10.6894,-10.6894,-8.8685,-8.8685,-7.3643,-7.3643,-1.6311,-1.6311,-0.0554,-0.0554,0.0928,0.0928,0.2257,0.2257,0.2946,0.2946,0.3245,0.3245,1.0629,1.0629,1.2019,1.2019,2.484,2.484,2.5176,2.5177,2.5992,2.5992,2.6673,2.6673,2.6874,2.6875,2.7734,2.7734,2.8112,2.8112,2.9344,2.9344,3.5665,3.5665,4.0228,4.0228,4.1461,4.1461,4.8027,4.8027,5.1758,5.1759,5.3197,5.3197,5.69,5.69,6.698,6.698,7.7997,7.7997,8.9239,8.9239,9.7194,9.7194,10.4645,10.4645,11.1672,11.1673,11.5133,11.5133,11.7085,11.7085,12.037,12.037,12.2839,12.2839,12.712,12.712,14.1874,14.1874,14.471,14.471,14.8995,14.8995,16.1949,16.1949,16.6404,16.6404,17.2817,17.2817,17.7377,17.7377,18.1669,18.1669,19.0553,19.0553,19.3893,19.3893,19.787,19.787,20.9409,20.9409,21.0845,21.0845,21.2972,21.2972,22.3297,22.3297,23.3936,23.3939,23.6174,23.6179,24.4652,24.468
3.050370569171492,-64.5262,-64.5261,-64.5261,-64.5261,-64.4863,-64.4863,-64.4863,-64.4863,-64.4862,-64.4862,-64.4861,-64.4861,-64.4284,-64.4284,-64.4283,-64.4282,-64.3409,-64.3409,-10.684,-10.684,-8.8611,-8.8611,-7.3581,-7.3581,-1.6259,-1.6259,-0.0719,-0.0719,0.0802,0.0802,0.2227,0.2227,0.2958,0.2958,0.3291,0.3291,1.0565,1.0565,1.2064,1.2064,2.4792,2.4792,2.515,2.515,2.5985,2.5986,2.6671,2.6671,2.6866,2.6866,2.7762,2.7762,2.8125,2.8126,2.9401,2.9401,3.5552,3.5552,4.0105,4.0105,4.1354,4.1354,4.7582,4.7582,5.1524,5.1524,5.2816,5.2816,5.6728,5.6729,6.7046,6.7046,7.8465,7.8465,8.9543,8.9543,9.7392,9.7392,10.4346,10.4346,11.1556,11.1556,11.5392,11.5392,11.7099,11.7099,12.0263,12.0263,12.3294,12.3294,12.7393,12.7393,14.1812,14.1812,14.4608,14.4608,14.8946,14.8946,16.2049,16.2049,16.6482,16.6482,17.3413,17.3413,17.7608,17.7609,18.1885,18.1885,19.0953,19.0953,19.3964,19.3964,19.8297,19.8297,20.9909,20.9909,21.1107,21.1107,21.3324,21.3324,22.2997,22.2997,23.4029,23.403,23.6043,23.6046,24.5246,24.5266
3.060323641369838,-64.5263,-64.5262,-64.5262,-64.5262,-64.4864,-64.4864,-64.4863,-64.4863,-64.4863,-64.4863,-64.4862,-64.4862,-64.4284,-64.4284,-64.4283,-64.4283,-64.341,-64.3409,-10.6784,-10.6784,-8.8535,-8.8535,-7.3516,-7.3516,-1.6206,-1.6206,-0.0891,-0.0891,0.0673,0.0673,0.2197,0.2197,0.2968,0.2968,0.3341,0.3341,1.05,1.05,1.2109,1.2109,2.4743,2.4743,2.5123,2.5123,2.5978,2.5978,2.667,2.667,2.6858,2.6858,2.779,2.779,2.8137,2.8138,2.9453,2.9453,3.5437,3.5437,3.9986,3.9987,4.1244,4.1244,4.7134,4.7134,5.1284,5.1284,5.243,5.243,5.6553,5.6553,6.7109,6.7109,7.8934,7.8934,8.9836,8.9836,9.758,9.758,10.4064,10.4064,11.1438,11.1438,11.5657,11.5657,11.7114,11.7114,12.0177,12.0177,12.3763,12.3763,12.7675,12.7675,14.1674,14.1674,14.4579,14.4579,14.8904,14.8904,16.2159,16.2159,16.6559,16.6559,17.3944,17.3944,17.7807,17.7807,18.2201,18.2201,19.1389,19.1389,19.4037,19.4037,19.8731,19.8731,21.0293,21.0293,21.1483,21.1483,21.3685,21.3685,22.2724,22.2724,23.4132,23.4133,23.5915,23.5916,24.5846,24.5849
3.0702766944583098,-64.5263,-64.5262,-64.5262,-64.5262,-64.4864,-64.4864,-64.4864,-64.4864,-64.4863,-64.4863,-64.4862,-64.4862,-64.4284,-64.4284,-64.4283,-64.4282,-64.341,-64.3409,-10.6727,-10.6727,-8.8456,-8.8456,-7.345,-7.345,-1.6152,-1.6152,-0.1071,-0.1071,0.0542,0.0542,0.2167,0.2167,0.2977,0.2977,0.3395,0.3395,1.0434,1.0434,1.2157,1.2157,2.4694,2.4694,2.5096,2.5097,2.5969,2.597,2.667,2.667,2.6849,2.6849,2.7819,2.7819,2.815,2.8151,2.9501,2.9501,3.532,3.532,3.9873,3.9873,4.1131,4.1131,4.6684,4.6684,5.1039,5.1039,5.2042,5.2042,5.6372,5.6372,6.7171,6.7171,7.94,7.94,9.0116,9.0116,9.7757,9.7757,10.3801,10.3801,11.1319,11.1319,11.5925,11.5925,11.7127,11.7127,12.0116,12.0116,12.4246,12.4246,12.7964,12.7964,14.147,14.147,14.4614,14.4614,14.8872,14.8872,16.2279,16.2279,16.6637,16.6637,17.4369,17.4369,17.8029,17.8029,18.2604,18.2604,19.186,19.186,19.4113,19.4113,19.917,19.917,21.0548,21.0548,21.1984,21.1984,21.4052,21.4052,22.2483,22.2483,23.4244,23.4245,23.579,23.579,24.6449,24.6456
3.0802297475467815,-64.5263,-64.5263,-64.5262,-64.5261,-64.4864,-64.4864,-64.4864,-64.4863,-64.4863,-64.4863,-64.4862,-64.4862,-64.4284,-64.4284,-64.4283,-64.4282,-64.341,-64.3409,-10.6667,-10.6667,-8.8375,-8.8375,-7.3381,-7.3381,-1.6096,-1.6096,-0.1258,-0.1258,0.0408,0.0408,0.2137,0.2137,0.2985,0.2985,0.3452,0.3452,1.0367,1.0367,1.2206,1.2206,2.4645,2.4645,2.5069,2.507,2.596,2.5961,2.6671,2.6671,2.6841,2.6841,2.7848,2.7848,2.8163,2.8164,2.9544,2.9544,3.5203,3.5203,3.9764,3.9764,4.1016,4.1016,4.6233,4.6233,5.079,5.079,5.1652,5.1652,5.6188,5.6188,6.723,6.7231,7.9863,7.9863,9.0382,9.0382,9.7921,9.7921,10.3561,10.3561,11.1201,11.1201,11.6197,11.6197,11.7138,11.7138,12.0082,12.0082,12.4743,12.4743,12.8261,12.8261,14.1218,14.1218,14.4698,14.4698,14.8849,14.8849,16.2408,16.2408,16.6715,16.6715,17.4642,17.4642,17.834,17.834,18.3075,18.3075,19.2361,19.2361,19.4191,19.4191,19.9614,19.9614,21.0716,21.0716,21.2565,21.2565,21.4427,21.4427,22.2277,22.2277,23.4365,23.4365,23.567,23.567,24.7028,24.7039
3.0901828197451273,-64.5263,-64.5263,-64.5262,-64.5262,-64.4864,-64.4864,-64.4864,-64.4864,-64.4864,-64.4863,-64.4863,-64.4863,-64.4284,-64.4284,-64.4283,-64.4282,-64.341,-64.3409,-10.6606,-10.6606,-8.8291,-8.8291,-7.3311,-7.3311,-1.6039,-1.6039,-0.1451,-0.1451,0.0273,0.0273,0.2107,0.2108,0.2991,0.2992,0.3511,0.3512,1.0299,1.0299,1.2257,1.2257,2.4596,2.4596,2.5042,2.5043,2.5951,2.5951,2.6672,2.6673,2.6832,2.6832,2.7878,2.7878,2.8176,2.8176,2.9581,2.9581,3.5087,3.5087,3.966,3.966,4.0897,4.0897,4.578,4.5781,5.0536,5.0536,5.126,5.126,5.5999,5.6,6.7289,6.7289,8.0321,8.0321,9.0632,9.0632,9.8072,9.8072,10.3345,10.3345,11.1083,11.1083,11.6471,11.6471,11.7146,11.7146,12.0079,12.0079,12.5253,12.5253,12.8565,12.8565,14.0933,14.0933,14.4816,14.4816,14.8836,14.8836,16.2545,16.2545,16.6794,16.6794,17.4743,17.4743,17.8776,17.8776,18.3598,18.3598,19.2892,19.2892,19.4271,19.4271,20.006,20.006,21.0833,21.0833,21.3183,21.3183,21.4809,21.4809,22.2112,22.2112,23.4494,23.4495,23.5559,23.556,24.759,24.7602
3.100135872833599,-64.5263,-64.5263,-64.5262,-64.5262,-64.4864,-64.4864,-64.4864,-64.4864,-64.4864,-64.4864,-64.4863,-64.4863,-64.4285,-64.4284,-64.4283,-64.4283,-64.341,-64.3409,-10.6544,-10.6544,-8.8205,-8.8205,-7.3239,-7.3239,-1.5982,-1.5982,-0.1651,-0.1651,0.0135,0.0135,0.2078,0.2078,0.2998,0.2998,0.3574,0.3574,1.023,1.023,1.2309,1.2309,2.4547,2.4547,2.5015,2.5016,2.594,2.5941,2.6674,2.6674,2.6823,2.6823,2.7907,2.7907,2.8188,2.8188,2.9613,2.9613,3.497,3.497,3.956,3.956,4.0776,4.0776,4.5328,4.5328,5.0278,5.0279,5.0867,5.0867,5.5807,5.5807,6.7346,6.7346,8.077,8.077,9.0863,9.0863,9.8208,9.8208,10.3156,10.3156,11.0966,11.0966,11.6748,11.6748,11.7149,11.7149,12.0108,12.0108,12.5775,12.5775,12.8877,12.8877,14.0627,14.0627,14.4958,14.4958,14.8834,14.8834,16.2689,16.2689,16.6873,16.6873,17.469,17.469,17.9333,17.9333,18.416,18.416,19.3449,19.3449,19.4352,19.4352,20.0507,20.0507,21.0919,21.0919,21.3815,21.3815,21.5197,21.5197,22.1991,22.1991,23.4632,23.4632,23.5462,23.5463,24.8124,24.8131
3.1100889259220708,-64.5264,-64.5263,-64.5262,-64.5262,-64.4865,-64.4865,-64.4864,-64.4864,-64.4864,-64.4864,-64.4863,-64.4863,-64.4285,-64.4284,-64.4283,-64.4283,-64.341,-64.3409,-10.648,-10.648,-8.8117,-8.8117,-7.3164,-7.3164,-1.5923,-1.5923,-0.1856,-0.1856,-0.0004,-0.0004,0.2048,0.2048,0.3003,0.3003,0.3639,0.3639,1.016,1.016,1.2362,1.2362,2.4498,2.4499,2.4989,2.4989,2.5929,2.593,2.6677,2.6677,2.6814,2.6814,2.7936,2.7936,2.82,2.82,2.9638,2.9638,3.4856,3.4856,3.9464,3.9465,4.0653,4.0653,4.4876,4.4876,5.0017,5.0018,5.0473,5.0473,5.5612,5.5612,6.7401,6.7401,8.121,8.121,9.1073,9.1073,9.8329,9.8329,10.2996,10.2996,11.0852,11.0852,11.7025,11.7025,11.7148,11.7148,12.0171,12.0172,12.6309,12.6309,12.9195,12.9195,14.0308,14.0308,14.5116,14.5116,14.8844,14.8844,16.284,16.284,16.6954,16.6954,17.4521,17.4521,17.9982,17.9982,18.475,18.475,19.4029,19.4029,19.4435,19.4435,20.0952,20.0952,21.0982,21.0982,21.4448,21.4448,21.5591,21.5591,22.1921,22.1921,23.4778,23.4779,23.5382,23.5382,24.8613,24.8624
3.1200419981204166,-64.5264,-64.5263,-64.5262,-64.5262,-64.4865,-64.4865,-64.4864,-64.4864,-64.4864,-64.4864,-64.4863,-64.4863,-64.4285,-64.4284,-64.4283,-64.4283,-64.341,-64.3409,-10.6414,-10.6414,-8.8027,-8.8027,-7.3089,-7.3089,-1.5864,-1.5864,-0.2067,-0.2067,-0.0145,-0.0145,0.2019,0.2019,0.3008,0.3008,0.3706,0.3706,1.009,1.009,1.2417,1.2417,2.445,2.445,2.4962,2.4962,2.5918,2.5918,2.6679,2.6679,2.6805,2.6805,2.7965,2.7965,2.8211,2.8212,2.9656,2.9656,3.4744,3.4744,3.9373,3.9373,4.0527,4.0527,4.4425,4.4425,4.9753,4.9754,5.008,5.008,5.5413,5.5413,6.7455,6.7455,8.1637,8.1637,9.1262,9.1262,9.8435,9.8435,10.2865,10.2865,11.0741,11.0741,11.7143,11.7143,11.7303,11.7303,12.0269,12.0269,12.6855,12.6855,12.9522,12.9522,13.9983,13.9983,14.5286,14.5286,14.8866,14.8866,16.2998,16.2998,16.7036,16.7036,17.4274,17.4274,18.0692,18.0692,18.5364,18.5364,19.4517,19.4517,19.4629,19.4629,20.1396,20.1396,21.1027,21.1027,21.507,21.507,21.5991,21.5991,22.1907,22.1907,23.4933,23.4933,23.5321,23.5322,24.9058,24.9067
3.1299950512088883,-64.5264,-64.5263,-64.5262,-64.5262,-64.4865,-64.4865,-64.4864,-64.4864,-64.4864,-64.4864,-64.4863,-64.4863,-64.4284,-64.4284,-64.4283,-64.4283,-64.341,-64.3409,-10.6347,-10.6347,-8.7935,-8.7934,-7.3011,-7.3011,-1.5804,-1.5804,-0.2283,-0.2283,-0.0288,-0.0288,0.1989,0.1989,0.3013,0.3013,0.3775,0.3775,1.002,1.002,1.2473,1.2473,2.4402,2.4402,2.4936,2.4937,2.5906,2.5906,2.6682,2.6682,2.6796,2.6796,2.7994,2.7994,2.8223,2.8223,2.9667,2.9667,3.4635,3.4635,3.9286,3.9286,4.04,4.04,4.3976,4.3977,4.9487,4.9487,4.9687,4.9687,5.5212,5.5212,6.7508,6.7508,8.2051,8.2051,9.1428,9.1428,9.8526,9.8526,10.2763,10.2763,11.0635,11.0635,11.7135,11.7135,11.758,11.758,12.0401,12.0401,12.7411,12.7411,12.9855,12.9855,13.9656,13.9656,14.5466,14.5466,14.89,14.89,16.3161,16.3161,16.712,16.712,17.3972,17.3972,18.144,18.144,18.5997,18.5997,19.46,19.46,19.5247,19.5247,20.1836,20.1836,21.1057,21.1057,21.5675,21.5675,21.6397,21.6397,22.1954,22.1954,23.5094,23.5094,23.5283,23.5283,24.9437,24.9443
3.13994810429736,-64.5264,-64.5263,-64.5262,-64.5262,-64.4865,-64.4865,-64.4864,-64.4864,-64.4864,-64.4864,-64.4863,-64.4863,-64.4284,-64.4284,-64.4283,-64.4283,-64.341,-64.3409,-10.6279,-10.6279,-8.784,-8.784,-7.2932,-7.2932,-1.5743,-1.5743,-0.2504,-0.2504,-0.0432,-0.0432,0.1959,0.1959,0.3018,0.3018,0.3846,0.3847,0.9949,0.9949,1.2531,1.2531,2.4354,2.4354,2.491,2.4911,2.5893,2.5894,2.6685,2.6685,2.6787,2.6787,2.8022,2.8022,2.8233,2.8234,2.967,2.967,3.453,3.453,3.9203,3.9203,4.027,4.027,4.353,4.353,4.9217,4.9217,4.9296,4.9296,5.5007,5.5007,6.756,6.756,8.2447,8.2447,9.157,9.157,9.8604,9.8604,10.269,10.269,11.0536,11.0536,11.7126,11.7126,11.7855,11.7855,12.0567,12.0567,12.7978,12.7978,13.0197,13.0197,13.9331,13.9331,14.5653,14.5653,14.8948,14.8948,16.333,16.333,16.7206,16.7206,17.3635,17.3635,18.2209,18.2209,18.6649,18.6649,19.4682,19.4682,19.5877,19.5877,20.2272,20.2272,21.1076,21.1076,21.6252,21.6252,21.6808,21.6808,22.2069,22.2069,23.5263,23.5263,23.527,23.527,24.975,24.9762
3.149901176495706,-64.5264,-64.5264,-64.5262,-64.5262,-64.4865,-64.4865,-64.4865,-64.4864,-64.4864,-64.4864,-64.4862,-64.4862,-64.4284,-64.4284,-64.4283,-64.4283,-64.341,-64.3409,-10.6209,-10.6209,-8.7744,-8.7744,-7.2851,-7.2851,-1.5682,-1.5682,-0.2729,-0.2729,-0.0578,-0.0578,0.1929,0.1929,0.3022,0.3022,0.392,0.392,0.9877,0.9877,1.2589,1.2589,2.4306,2.4307,2.4884,2.4885,2.588,2.588,2.6687,2.6688,2.6778,2.6778,2.805,2.805,2.8244,2.8244,2.9666,2.9666,3.4428,3.4428,3.9123,3.9123,4.0138,4.0138,4.3086,4.3086,4.8907,4.8907,4.8946,4.8946,5.48,5.48,6.7611,6.7611,8.2825,8.2825,9.1687,9.1687,9.8671,9.8671,10.2642,10.2642,11.0445,11.0445,11.7117,11.7117,11.8128,11.8128,12.0764,12.0764,12.8555,12.8555,13.0546,13.0546,13.9009,13.9009,14.5846,14.5846,14.901,14.901,16.3504,16.3504,16.7295,16.7295,17.3274,17.3274,18.2986,18.2986,18.7318,18.7318,19.4762,19.4762,19.6515,19.6515,20.2704,20.2704,21.1087,21.1087,21.6794,21.6794,21.7224,21.7224,22.2257,22.2257,23.5284,23.5284,23.5437,23.5438,24.9993,25.0002
3.1598542295841776,-64.5265,-64.5264,-64.5263,-64.5262,-64.4865,-64.4865,-64.4865,-64.4864,-64.4864,-64.4864,-64.4863,-64.4863,-64.4284,-64.4284,-64.4284,-64.4283,-64.341,-64.3409,-10.6138,-10.6138,-8.7646,-8.7646,-7.2769,-7.2769,-1.5621,-1.5621,-0.2958,-0.2958,-0.0725,-0.0724,0.1898,0.1898,0.3026,0.3026,0.3995,0.3995,0.9806,0.9806,1.2649,1.2649,2.4259,2.426,2.4859,2.4859,2.5866,2.5867,2.6689,2.669,2.6769,2.6769,2.8077,2.8077,2.8254,2.8254,2.9654,2.9654,3.433,3.433,3.9046,3.9046,4.0004,4.0004,4.2646,4.2646,4.8521,4.8521,4.8673,4.8673,5.4591,5.4591,6.766,6.766,8.3181,8.3181,9.178,9.178,9.8731,9.8731,10.2616,10.2616,11.0365,11.0365,11.7111,11.7111,11.8397,11.8397,12.099,12.099,12.9139,12.9139,13.0904,13.0904,13.8692,13.8692,14.6046,14.6046,14.9086,14.9086,16.3682,16.3682,16.7387,16.7387,17.2895,17.2895,18.3762,18.3762,18.8006,18.8006,19.4841,19.4841,19.7156,19.7156,20.3133,20.3133,21.1095,21.1095,21.7296,21.7296,21.7644,21.7644,22.252,22.252,23.5328,23.5328,23.5617,23.5618,25.0168,25.0304
3.1698072826726493,-64.5265,-64.5264,-64.5263,-64.5262,-64.4866,-64.4866,-64.4865,-64.4865,-64.4864,-64.4864,-64.4863,-64.4862,-64.4284,-64.4284,-64.4283,-64.4283,-64.341,-64.3409,-10.6066,-10.6066,-8.7546,-8.7546,-7.2686,-7.2686,-1.5559,-1.5559,-0.319,-0.319,-0.0873,-0.0872,0.1867,0.1867,0.3029,0.3029,0.4072,0.4072,0.9735,0.9735,1.271,1.271,2.4213,2.4213,2.4834,2.4834,2.5852,2.5853,2.6691,2.6691,2.676,2.676,2.8103,2.8103,2.8263,2.8263,2.9634,2.9634,3.4235,3.4235,3.8972,3.8972,3.9868,3.9868,4.221,4.221,4.8138,4.8138,4.8399,4.8399,5.4379,5.4379,6.7709,6.7709,8.3515,8.3515,9.1847,9.1848,9.8787,9.8787,10.2607,10.2607,11.0298,11.0298,11.711,11.711,11.8661,11.8661,12.1245,12.1245,12.9732,12.9732,13.1272,13.1272,13.8382,13.8382,14.6253,14.6253,14.9177,14.9177,16.3864,16.3864,16.7483,16.7483,17.2506,17.2506,18.4527,18.4527,18.8714,18.8714,19.4917,19.4917,19.7794,19.7794,20.3558,20.3558,21.1105,21.1105,21.7754,21.7754,21.8068,21.8068,22.2857,22.2857,23.5403,23.5403,23.5801,23.5801,25.0226,25.0306
3.179760354870995,-64.5266,-64.5265,-64.5263,-64.5262,-64.4866,-64.4866,-64.4866,-64.4865,-64.4864,-64.4864,-64.4863,-64.4863,-64.4284,-64.4284,-64.4283,-64.4283,-64.341,-64.3409,-10.5993,-10.5993,-8.7444,-8.7444,-7.2601,-7.2601,-1.5498,-1.5498,-0.3426,-0.3426,-0.1021,-0.1021,0.1836,0.1836,0.3033,0.3033,0.415,0.4151,0.9663,0.9663,1.2772,1.2772,2.4167,2.4167,2.4809,2.481,2.5838,2.5838,2.6692,2.6692,2.6751,2.6751,2.8128,2.8128,2.8272,2.8272,2.9607,2.9607,3.4145,3.4145,3.89,3.8901,3.973,3.973,4.1779,4.1779,4.7759,4.7759,4.8123,4.8123,5.4166,5.4166,6.7756,6.7756,8.3823,8.3823,9.1892,9.1892,9.8841,9.8841,10.261,10.261,11.0246,11.0246,11.7115,11.7115,11.892,11.892,12.1525,12.1525,13.0329,13.0329,13.1651,13.1651,13.808,13.808,14.6467,14.6467,14.9283,14.9283,16.405,16.405,16.7583,16.7583,17.2111,17.2111,18.5273,18.5273,18.9444,18.9444,19.4991,19.4991,19.8421,19.8421,20.3981,20.3982,21.1124,21.1124,21.8169,21.8169,21.8496,21.8496,22.3264,22.3264,23.5512,23.5513,23.5988,23.5989,25.0232,25.0282
3.189713407959467,-64.5266,-64.5265,-64.5263,-64.5262,-64.4866,-64.4866,-64.4866,-64.4865,-64.4864,-64.4864,-64.4863,-64.4863,-64.4284,-64.4284,-64.4283,-64.4283,-64.341,-64.3409,-10.5918,-10.5918,-8.7341,-8.7341,-7.2515,-7.2515,-1.5437,-1.5437,-0.3665,-0.3665,-0.1171,-0.1171,0.1805,0.1805,0.3036,0.3036,0.4231,0.4231,0.9592,0.9592,1.2836,1.2836,2.4122,2.4122,2.4785,2.4786,2.5823,2.5823,2.6693,2.6693,2.6742,2.6742,2.8152,2.8152,2.828,2.828,2.9572,2.9572,3.4059,3.4059,3.8831,3.8832,3.9591,3.9591,4.1353,4.1354,4.7385,4.7385,4.7847,4.7847,5.3952,5.3952,6.7803,6.7803,8.4106,8.4106,9.1913,9.1913,9.8895,9.8895,10.2621,10.2621,11.0213,11.0214,11.7129,11.7129,11.9173,11.9173,12.1828,12.1828,13.093,13.093,13.2044,13.2044,13.7787,13.7787,14.6688,14.6688,14.9403,14.9403,16.4239,16.4239,16.7689,16.7689,17.1712,17.1712,18.5994,18.5994,19.0195,19.0195,19.5061,19.5061,19.903,19.903,20.4406,20.4406,21.1158,21.1158,21.8543,21.8543,21.8925,21.8925,22.3733,22.3733,23.5654,23.5655,23.6177,23.6178,25.0125,25.0188
3.1996664610479386,-64.5266,-64.5265,-64.5263,-64.5262,-64.4867,-64.4866,-64.4865,-64.4865,-64.4864,-64.4864,-64.4863,-64.4863,-64.4284,-64.4284,-64.4283,-64.4283,-64.341,-64.3409,-10.5843,-10.5843,-8.7237,-8.7236,-7.2428,-7.2428,-1.5376,-1.5376,-0.3905,-0.3905,-0.1322,-0.1321,0.1773,0.1773,0.304,0.304,0.4313,0.4313,0.9521,0.9521,1.29,1.29,2.4078,2.4078,2.4762,2.4763,2.5807,2.5808,2.6692,2.6693,2.6733,2.6733,2.8174,2.8174,2.8288,2.8288,2.9531,2.9531,3.3975,3.3975,3.8764,3.8764,3.9451,3.9451,4.0934,4.0934,4.7016,4.7016,4.7571,4.7571,5.3736,5.3736,6.7849,6.7849,8.436,8.436,9.1914,9.1914,9.8952,9.8952,10.2633,10.2633,11.0202,11.0202,11.7152,11.7152,11.9419,11.9419,12.2153,12.2153,13.1527,13.1527,13.2455,13.2455,13.7503,13.7503,14.6917,14.6917,14.954,14.954,16.4431,16.4431,16.7799,16.7799,17.1313,17.1313,18.6683,18.6683,19.0968,19.0968,19.5128,19.5128,19.9614,19.9614,20.4832,20.4832,21.1217,21.1217,21.8882,21.8882,21.9357,21.9357,22.4255,22.4255,23.5832,23.5832,23.6367,23.6368,24.9942,24.9962
3.2096195332462845,-64.5266,-64.5265,-64.5263,-64.5262,-64.4866,-64.4866,-64.4866,-64.4865,-64.4864,-64.4864,-64.4863,-64.4863,-64.4284,-64.4284,-64.4283,-64.4283,-64.341,-64.3409,-10.5767,-10.5767,-8.7131,-8.713,-7.234,-7.234,-1.5316,-1.5316,-0.4148,-0.4148,-0.1472,-0.1472,0.1741,0.1741,0.3043,0.3043,0.4397,0.4397,0.9451,0.9451,1.2966,1.2966,2.4034,2.4034,2.4739,2.474,2.5792,2.5792,2.6691,2.6691,2.6725,2.6725,2.8195,2.8195,2.8295,2.8295,2.9484,2.9484,3.3894,3.3894,3.8698,3.8698,3.9309,3.9309,4.0522,4.0523,4.6653,4.6653,4.7294,4.7294,5.3519,5.3519,6.7894,6.7894,8.4586,8.4586,9.1896,9.1896,9.9012,9.9012,10.2642,10.2642,11.0214,11.0214,11.7187,11.7187,11.9656,11.9656,12.2497,12.2497,13.2114,13.2114,13.2893,13.2893,13.7231,13.7231,14.7154,14.7154,14.9692,14.9692,16.4626,16.4626,16.7916,16.7916,17.0915,17.0915,18.7337,18.7337,19.1761,19.1761,19.5191,19.5191,20.0164,20.0164,20.5262,20.5262,21.1309,21.1309,21.9192,21.9192,21.9789,21.9789,22.4817,22.4817,23.6042,23.6042,23.6556,23.6556,24.9688,24.9736
3.219572586334756,-64.5266,-64.5265,-64.5263,-64.5262,-64.4866,-64.4866,-64.4866,-64.4866,-64.4864,-64.4864,-64.4863,-64.4863,-64.4284,-64.4284,-64.4283,-64.4283,-64.341,-64.3409,-10.569,-10.569,-8.7023,-8.7023,-7.2251,-7.2251,-1.5256,-1.5256,-0.4393,-0.4393,-0.1624,-0.1624,0.1709,0.1709,0.3046,0.3046,0.4481,0.4482,0.9381,0.9381,1.3032,1.3032,2.3991,2.3992,2.4717,2.4718,2.5775,2.5776,2.6689,2.6689,2.6716,2.6716,2.8214,2.8214,2.8301,2.8301,2.9431,2.9431,3.3814,3.3814,3.8631,3.8632,3.9165,3.9165,4.012,4.012,4.6297,4.6297,4.7018,4.7018,5.3301,5.3301,6.7938,6.7938,8.4783,8.4783,9.1861,9.1861,9.9075,9.9075,10.2645,10.2645,11.0252,11.0252,11.7235,11.7235,11.9885,11.9885,12.2858,12.2858,13.2675,13.2675,13.3371,13.3371,13.697,13.697,14.7401,14.7401,14.9861,14.9861,16.4823,16.4823,16.804,16.804,17.0521,17.0521,18.7951,18.7952,19.2568,19.2568,19.5249,19.5249,20.0675,20.0675,20.5695,20.5695,21.1445,21.1445,21.9479,21.9479,22.0221,22.0221,22.5411,22.5411,23.6284,23.6285,23.6741,23.6741,24.9341,24.9476
3.229525639423228,-64.5266,-64.5265,-64.5263,-64.5262,-64.4866,-64.4866,-64.4866,-64.4866,-64.4864,-64.4864,-64.4863,-64.4863,-64.4283,-64.4283,-64.4283,-64.4283,-64.3409,-64.3409,-10.5613,-10.5613,-8.6915,-8.6915,-7.2162,-7.2162,-1.5197,-1.5197,-0.4638,-0.4638,-0.1775,-0.1775,0.1676,0.1676,0.3048,0.3048,0.4568,0.4568,0.9311,0.9311,1.31,1.31,2.395,2.395,2.4696,2.4696,2.5759,2.5759,2.6685,2.6685,2.6708,2.6708,2.823,2.8231,2.8307,2.8307,2.9374,2.9374,3.3735,3.3735,3.8563,3.8563,3.902,3.902,3.9728,3.9728,4.5948,4.5948,4.6743,4.6743,5.3082,5.3082,6.7982,6.7982,8.495,8.495,9.1811,9.1811,9.914,9.914,10.2637,10.2638,11.0318,11.0318,11.7296,11.7296,12.0105,12.0105,12.3235,12.3235,13.32,13.32,13.3901,13.3901,13.6721,13.6721,14.7657,14.7657,15.0045,15.0045,16.5022,16.5022,16.8171,16.8171,17.0133,17.0133,18.8526,18.8526,19.3383,19.3383,19.5302,19.5302,20.1146,20.1146,20.6129,20.6129,21.1634,21.1634,21.9747,21.9747,22.0651,22.0651,22.6028,22.6028,23.6554,23.6556,23.6921,23.6922,24.8907,24.9091
3.2394787116215737,-64.5266,-64.5265,-64.5263,-64.5262,-64.4866,-64.4866,-64.4866,-64.4866,-64.4864,-64.4864,-64.4863,-64.4863,-64.4283,-64.4283,-64.4283,-64.4283,-64.3409,-64.3409,-10.5534,-10.5534,-8.6805,-8.6805,-7.2071,-7.2071,-1.514,-1.514,-0.4885,-0.4885,-0.1926,-0.1926,0.1643,0.1643,0.3051,0.3051,0.4656,0.4656,0.9243,0.9243,1.3168,1.3168,2.3909,2.3909,2.4675,2.4676,2.5742,2.5742,2.668,2.668,2.67,2.67,2.8244,2.8244,2.8312,2.8312,2.9314,2.9314,3.3656,3.3656,3.8487,3.8487,3.8875,3.8875,3.9353,3.9353,4.5608,4.5608,4.6468,4.6468,5.2863,5.2863,6.8025,6.8025,8.5088,8.5088,9.1749,9.1749,9.9206,9.9206,10.2617,10.2617,11.0413,11.0413,11.7372,11.7372,12.0314,12.0314,12.3625,12.3625,13.3687,13.3687,13.4482,13.4482,13.6486,13.6486,14.7923,14.7923,15.0245,15.0245,16.522,16.522,16.8309,16.8309,16.9754,16.9754,18.906,18.906,19.4196,19.4196,19.535,19.535,20.158,20.158,20.6558,20.6558,21.1888,21.1888,22.0,22.0,22.1078,22.1078,22.666,22.6661,23.6843,23.6844,23.7094,23.7096,24.85,24.8535
3.2494317647100455,-64.5266,-64.5266,-64.5262,-64.5262,-64.4867,-64.4866,-64.4866,-64.4866,-64.4864,-64.4864,-64.4863,-64.4862,-64.4283,-64.4283,-64.4283,-64.4283,-64.341,-64.3409,-10.5455,-10.5455,-8.6695,-8.6695,-7.198,-7.198,-1.5083,-1.5083,-0.5132,-0.5132,-0.2077,-0.2077,0.161,0.161,0.3054,0.3054,0.4745,0.4745,0.9174,0.9174,1.3237,1.3237,2.3869,2.3869,2.4655,2.4656,2.5724,2.5725,2.6673,2.6674,2.6692,2.6692,2.8254,2.8255,2.8316,2.8317,2.9251,2.9251,3.3575,3.3575,3.8392,3.8392,3.8728,3.8728,3.9006,3.9006,4.5278,4.5278,4.6194,4.6195,5.2644,5.2644,6.8067,6.8067,8.5198,8.5198,9.1676,9.1676,9.927,9.927,10.2583,10.2583,11.0539,11.0539,11.7464,11.7464,12.0514,12.0514,12.4026,12.4026,13.415,13.415,13.5101,13.5101,13.6265,13.6265,14.82,14.82,15.0462,15.0462,16.5416,16.5416,16.8457,16.8457,16.9386,16.9386,18.9552,18.9552,19.4993,19.4993,19.5392,19.5392,20.1983,20.1983,20.6975,20.6975,21.2215,21.2215,22.0241,22.0241,22.1498,22.1498,22.7304,22.7304,23.7143,23.7144,23.7257,23.7258,24.8033,24.8072
3.259384817798517,-64.5266,-64.5266,-64.5262,-64.5262,-64.4867,-64.4867,-64.4866,-64.4866,-64.4864,-64.4864,-64.4863,-64.4862,-64.4283,-64.4283,-64.4283,-64.4283,-64.341,-64.3409,-10.5376,-10.5376,-8.6583,-8.6583,-7.1888,-7.1888,-1.5028,-1.5028,-0.5379,-0.5379,-0.2228,-0.2228,0.1576,0.1576,0.3056,0.3056,0.4835,0.4835,0.9107,0.9107,1.3306,1.3306,2.383,2.383,2.4636,2.4636,2.5706,2.5707,2.6665,2.6665,2.6684,2.6684,2.8261,2.8261,2.832,2.8321,2.9187,2.9187,3.3491,3.3492,3.8246,3.8246,3.858,3.858,3.872,3.872,4.4958,4.4958,4.5922,4.5923,5.2424,5.2424,6.8109,6.8109,8.528,8.528,9.1595,9.1595,9.933,9.933,10.2534,10.2534,11.0694,11.0694,11.7573,11.7573,12.0702,12.0702,12.4435,12.4435,13.4601,13.4601,13.5745,13.5745,13.6061,13.6061,14.8488,14.8488,15.0695,15.0695,16.5608,16.5608,16.8613,16.8613,16.9035,16.9035,19.0003,19.0003,19.5428,19.5428,19.5758,19.5758,20.2373,20.2373,20.7374,20.7374,21.2619,21.2619,22.0473,22.0473,22.1911,22.1911,22.7953,22.7953,23.7409,23.7411,23.7442,23.7444,24.7587,24.839
3.269337889996863,-64.5267,-64.5267,-64.5263,-64.5262,-64.4868,-64.4868,-64.4867,-64.4867,-64.4864,-64.4864,-64.4863,-64.4863,-64.4284,-64.4284,-64.4283,-64.4283,-64.341,-64.341,-10.5296,-10.5296,-8.6471,-8.6471,-7.1795,-7.1795,-1.4975,-1.4975,-0.5626,-0.5626,-0.2378,-0.2378,0.1542,0.1542,0.3058,0.3058,0.4926,0.4926,0.904,0.904,1.3376,1.3376,2.3792,2.3792,2.4617,2.4618,2.5687,2.5687,2.6655,2.6655,2.6676,2.6677,2.8262,2.8262,2.8323,2.8323,2.9124,2.9124,3.3404,3.3404,3.8008,3.8008,3.8431,3.8431,3.8535,3.8535,4.4648,4.4648,4.5652,4.5652,5.2205,5.2205,6.815,6.815,8.5335,8.5335,9.1506,9.1506,9.9385,9.9385,10.2469,10.2469,11.0878,11.0878,11.77,11.77,12.0879,12.0879,12.4851,12.4851,13.5047,13.5047,13.5874,13.5874,13.6406,13.6406,14.8787,14.8787,15.0945,15.0945,16.5788,16.5788,16.8706,16.8706,16.8779,16.8779,19.0412,19.0412,19.5459,19.5459,19.6471,19.6471,20.2767,20.2767,20.7749,20.7749,21.31,21.31,22.0699,22.0699,22.2312,22.2312,22.8605,22.8605,23.7545,23.7548,23.7721,23.7728,24.7191,24.7517
3.2792909430853348,-64.5267,-64.5266,-64.5263,-64.5262,-64.4868,-64.4868,-64.4867,-64.4866,-64.4865,-64.4864,-64.4863,-64.4863,-64.4284,-64.4284,-64.4283,-64.4283,-64.341,-64.3409,-10.5216,-10.5216,-8.6358,-8.6358,-7.1702,-7.1702,-1.4924,-1.4924,-0.5873,-0.5873,-0.2527,-0.2527,0.1507,0.1507,0.306,0.306,0.5018,0.5018,0.8974,0.8974,1.3447,1.3447,2.3755,2.3755,2.46,2.46,2.5669,2.5669,2.6643,2.6643,2.6669,2.6669,2.8259,2.8259,2.8325,2.8326,2.9062,2.9062,3.3312,3.3312,3.7707,3.7707,3.8281,3.8281,3.8423,3.8423,4.4352,4.4352,4.5384,4.5384,5.1986,5.1986,6.819,6.819,8.5367,8.5367,9.1412,9.1412,9.9431,9.9431,10.239,10.239,11.1089,11.1089,11.7846,11.7846,12.1045,12.1045,12.5269,12.5269,13.5492,13.5492,13.5706,13.5706,13.7079,13.7079,14.9098,14.9098,15.1211,15.1211,16.5948,16.5948,16.8411,16.8411,16.8954,16.8954,19.078,19.078,19.5483,19.5483,19.711,19.7111,20.3189,20.3189,20.81,20.81,21.3652,21.3652,22.0923,22.0923,22.2698,22.2698,22.9256,22.9256,23.7664,23.7664,23.7954,23.7955,24.6746,24.6792
3.2892439961738065,-64.5267,-64.5266,-64.5263,-64.5262,-64.4868,-64.4868,-64.4866,-64.4866,-64.4864,-64.4864,-64.4862,-64.4862,-64.4284,-64.4284,-64.4283,-64.4283,-64.341,-64.3409,-10.5135,-10.5135,-8.6245,-8.6245,-7.1609,-7.1609,-1.4874,-1.4874,-0.6118,-0.6118,-0.2676,-0.2676,0.1473,0.1473,0.3062,0.3062,0.5111,0.5111,0.891,0.891,1.3518,1.3518,2.372,2.372,2.4583,2.4583,2.5649,2.565,2.6629,2.663,2.6662,2.6663,2.8249,2.8249,2.8327,2.8328,2.9004,2.9004,3.3213,3.3214,3.7386,3.7386,3.8131,3.8131,3.8341,3.8341,4.4069,4.4069,4.5118,4.5119,5.1768,5.1768,6.823,6.823,8.5375,8.5375,9.1314,9.1314,9.9466,9.9466,10.2298,10.2298,11.1325,11.1325,11.8013,11.8013,12.12,12.12,12.5687,12.5687,13.556,13.556,13.5938,13.5938,13.7762,13.7762,14.9419,14.9419,15.1494,15.1494,16.607,16.607,16.8169,16.8169,16.9141,16.9141,19.1108,19.1108,19.5501,19.5501,19.7654,19.7654,20.3662,20.3662,20.8428,20.8428,21.4266,21.4266,22.1149,22.1149,22.3065,22.3066,22.9904,22.9904,23.7762,23.7768,23.8123,23.8143,24.6457,24.6679
3.2991970683721523,-64.5267,-64.5267,-64.5263,-64.5262,-64.4868,-64.4868,-64.4867,-64.4867,-64.4864,-64.4864,-64.4863,-64.4862,-64.4284,-64.4284,-64.4283,-64.4283,-64.341,-64.3409,-10.5055,-10.5055,-8.6131,-8.6131,-7.1516,-7.1516,-1.4827,-1.4827,-0.6362,-0.6362,-0.2823,-0.2823,0.1438,0.1438,0.3064,0.3064,0.5205,0.5205,0.8846,0.8846,1.359,1.359,2.3685,2.3685,2.4567,2.4567,2.5629,2.563,2.6613,2.6613,2.6656,2.6656,2.8232,2.8233,2.8328,2.8328,2.8951,2.8951,3.3108,3.3108,3.7065,3.7065,3.798,3.798,3.8268,3.8268,4.38,4.38,4.4855,4.4855,5.1551,5.1551,6.827,6.827,8.5363,8.5363,9.1212,9.1212,9.9489,9.9489,10.2195,10.2195,11.1582,11.1582,11.8202,11.8202,12.1343,12.1343,12.6101,12.6101,13.5438,13.5438,13.6385,13.6385,13.8452,13.8452,14.9752,14.9752,15.1794,15.1794,16.6128,16.6128,16.8005,16.8005,16.9338,16.9338,19.1394,19.1394,19.5512,19.5512,19.8088,19.8088,20.4198,20.4198,20.8741,20.8741,21.4926,21.4926,22.1384,22.1384,22.3409,22.341,23.0543,23.0551,23.7851,23.7892,23.8209,23.8249,24.6668,24.6858
3.309150121460624,-64.5268,-64.5267,-64.5263,-64.5262,-64.4869,-64.4868,-64.4867,-64.4867,-64.4864,-64.4864,-64.4863,-64.4863,-64.4284,-64.4284,-64.4283,-64.4283,-64.341,-64.3409,-10.4974,-10.4974,-8.6017,-8.6017,-7.1422,-7.1422,-1.4782,-1.4782,-0.6605,-0.6605,-0.2969,-0.2969,0.1403,0.1403,0.3066,0.3066,0.53,0.53,0.8783,0.8783,1.3662,1.3662,2.3652,2.3652,2.4552,2.4552,2.5609,2.5609,2.6595,2.6595,2.6649,2.665,2.8208,2.8208,2.8328,2.8329,2.8903,2.8903,3.2994,3.2995,3.6751,3.6751,3.7828,3.7828,3.8199,3.8199,4.3547,4.3547,4.4595,4.4595,5.1334,5.1334,6.8309,6.8309,8.5333,8.5333,9.1107,9.1107,9.9497,9.9497,10.2081,10.2081,11.1855,11.1855,11.8415,11.8415,12.1475,12.1475,12.6507,12.6507,13.5343,13.5343,13.6833,13.6833,13.9149,13.9149,15.0096,15.0096,15.211,15.211,16.6098,16.6098,16.7945,16.7945,16.9547,16.9548,19.1639,19.1639,19.5516,19.5516,19.8407,19.8407,20.4799,20.48,20.9046,20.9046,21.5616,21.5616,22.1636,22.1637,22.3721,22.3722,23.1165,23.1167,23.789,23.7892,23.8166,23.8181,24.6186,24.6263
3.3191031745490958,-64.5267,-64.5267,-64.5263,-64.5262,-64.4868,-64.4868,-64.4867,-64.4866,-64.4864,-64.4864,-64.4863,-64.4863,-64.4284,-64.4284,-64.4283,-64.4283,-64.341,-64.3409,-10.4893,-10.4893,-8.5902,-8.5902,-7.1329,-7.1329,-1.4741,-1.4741,-0.6845,-0.6845,-0.3113,-0.3113,0.1368,0.1368,0.3067,0.3067,0.5396,0.5396,0.8722,0.8722,1.3735,1.3735,2.3621,2.3621,2.4538,2.4538,2.5588,2.5588,2.6574,2.6575,2.6643,2.6644,2.8175,2.8175,2.8328,2.8328,2.8862,2.8862,3.2872,3.2872,3.6447,3.6447,3.7676,3.7676,3.8129,3.8129,4.331,4.331,4.4338,4.4338,5.1119,5.1119,6.8347,6.8347,8.5286,8.5286,9.1001,9.1001,9.9489,9.9489,10.196,10.196,11.2141,11.2141,11.8653,11.8653,12.1596,12.1596,12.69,12.69,13.528,13.528,13.7282,13.7282,13.9852,13.9852,15.045,15.045,15.2444,15.2444,16.5977,16.5977,16.7995,16.7995,16.9768,16.9768,19.1843,19.1843,19.5514,19.5514,19.8618,19.8618,20.5451,20.5451,20.9358,20.9358,21.6316,21.6316,22.1918,22.192,22.3998,22.4002,23.1766,23.1777,23.7935,23.8006,23.8043,23.8103,24.5398,24.5677
3.3290562467474416,-64.5267,-64.5267,-64.5263,-64.5262,-64.4868,-64.4868,-64.4867,-64.4867,-64.4864,-64.4864,-64.4863,-64.4863,-64.4284,-64.4284,-64.4283,-64.4283,-64.341,-64.3409,-10.4812,-10.4812,-8.5788,-8.5788,-7.1236,-7.1236,-1.4702,-1.4702,-0.7083,-0.7083,-0.3255,-0.3255,0.1333,0.1333,0.3069,0.3069,0.5492,0.5492,0.8662,0.8662,1.3807,1.3807,2.359,2.3591,2.4524,2.4525,2.5567,2.5567,2.6551,2.6552,2.6638,2.6638,2.8135,2.8135,2.8326,2.8327,2.8828,2.8828,3.274,3.2741,3.6154,3.6154,3.7523,3.7523,3.8056,3.8056,4.3091,4.3091,4.4085,4.4085,5.0905,5.0906,6.8385,6.8385,8.5224,8.5224,9.0893,9.0893,9.9465,9.9465,10.1834,10.1834,11.2435,11.2435,11.8919,11.8919,12.1706,12.1706,12.7275,12.7275,13.5252,13.5252,13.7731,13.7731,14.056,14.056,15.0815,15.0815,15.2795,15.2795,16.5788,16.5788,16.8131,16.8131,17.0001,17.0001,19.2007,19.2007,19.5504,19.5504,19.8735,19.8735,20.6123,20.6124,20.9693,20.9693,21.7007,21.7007,22.2241,22.2241,22.4227,22.4228,23.2321,23.2322,23.7798,23.7825,23.7917,23.7927,24.4418,24.4924
3.3390092998359133,-64.5268,-64.5267,-64.5263,-64.5262,-64.4869,-64.4869,-64.4867,-64.4867,-64.4864,-64.4864,-64.4863,-64.4863,-64.4284,-64.4284,-64.4283,-64.4283,-64.341,-64.3409,-10.4732,-10.4732,-8.5674,-8.5673,-7.1142,-7.1142,-1.4666,-1.4666,-0.7318,-0.7318,-0.3395,-0.3395,0.1298,0.1298,0.307,0.307,0.5588,0.5588,0.8602,0.8602,1.388,1.388,2.3562,2.3562,2.4512,2.4512,2.5544,2.5544,2.6526,2.6527,2.6632,2.6633,2.8088,2.8088,2.8324,2.8325,2.8799,2.8799,3.2599,3.2599,3.5874,3.5874,3.737,3.737,3.798,3.798,4.2889,4.2889,4.3834,4.3834,5.0693,5.0693,6.8422,6.8422,8.5149,8.5149,9.0784,9.0784,9.9422,9.9422,10.1704,10.1704,11.2731,11.2731,11.9215,11.9215,12.1806,12.1806,12.7627,12.7627,13.5264,13.5264,13.8178,13.8178,14.1273,14.1273,15.1188,15.1188,15.3164,15.3164,16.556,16.556,16.8326,16.8326,17.0247,17.0247,19.2132,19.2132,19.5488,19.5488,19.8772,19.8772,20.6777,20.6777,21.0077,21.0077,21.7669,21.7669,22.2621,22.2621,22.4404,22.4404,23.2808,23.281,23.7522,23.7565,23.7895,23.7936,24.342,24.3492
3.348962352924385,-64.5268,-64.5267,-64.5263,-64.5262,-64.4869,-64.4869,-64.4868,-64.4867,-64.4864,-64.4864,-64.4863,-64.4863,-64.4284,-64.4284,-64.4283,-64.4283,-64.341,-64.3409,-10.4652,-10.4652,-8.5559,-8.5559,-7.105,-7.105,-1.4633,-1.4633,-0.755,-0.755,-0.3533,-0.3533,0.1263,0.1263,0.3071,0.3071,0.5685,0.5686,0.8545,0.8545,1.3953,1.3953,2.3534,2.3534,2.45,2.4501,2.5521,2.5521,2.6499,2.6499,2.6627,2.6628,2.8035,2.8036,2.8321,2.8322,2.8776,2.8776,3.2447,3.2448,3.5606,3.5606,3.7217,3.7217,3.7899,3.7899,4.2707,4.2707,4.3588,4.3588,5.0483,5.0483,6.8459,6.8459,8.5064,8.5064,9.0674,9.0674,9.9362,9.9362,10.1572,10.1572,11.3026,11.3026,11.9542,11.9542,12.1895,12.1895,12.795,12.795,13.532,13.532,13.8624,13.8624,14.199,14.199,15.157,15.157,15.3551,15.3551,16.5313,16.5313,16.8561,16.8561,17.0505,17.0505,19.2219,19.2219,19.5464,19.5464,19.8744,19.8744,20.7367,20.7367,21.0541,21.0541,21.828,21.828,22.3075,22.3075,22.4518,22.4518,23.3179,23.3181,23.7273,23.7278,23.7849,23.7852,24.244,24.2517
3.358915425122731,-64.5268,-64.5267,-64.5263,-64.5262,-64.4869,-64.4869,-64.4867,-64.4867,-64.4864,-64.4864,-64.4863,-64.4863,-64.4284,-64.4284,-64.4283,-64.4283,-64.341,-64.3409,-10.4572,-10.4572,-8.5445,-8.5445,-7.0957,-7.0957,-1.4605,-1.4605,-0.7779,-0.7779,-0.3669,-0.3669,0.1228,0.1228,0.3072,0.3072,0.5783,0.5783,0.8488,0.8488,1.4026,1.4026,2.3508,2.3508,2.449,2.449,2.5497,2.5497,2.6469,2.6469,2.6623,2.6623,2.7979,2.7979,2.8318,2.8318,2.8756,2.8756,3.2287,3.2287,3.5351,3.5351,3.7064,3.7064,3.7814,3.7814,4.2543,4.2543,4.3347,4.3347,5.0275,5.0275,6.8496,6.8496,8.497,8.497,9.0564,9.0564,9.9284,9.9284,10.144,10.144,11.3313,11.3313,11.9902,11.9902,12.1975,12.1975,12.8238,12.8238,13.5425,13.5425,13.9065,13.9065,14.2712,14.2712,15.1959,15.1959,15.3955,15.3955,16.506,16.506,16.8825,16.8825,17.0775,17.0775,19.227,19.227,19.5433,19.5433,19.8662,19.8662,20.7852,20.7852,21.111,21.111,21.8828,21.8828,22.361,22.361,22.4559,22.456,23.3367,23.3368,23.7131,23.7137,23.7788,23.7797,24.1507,24.1529
3.3688684782112026,-64.5268,-64.5268,-64.5263,-64.5262,-64.4869,-64.4869,-64.4868,-64.4868,-64.4864,-64.4864,-64.4863,-64.4863,-64.4284,-64.4284,-64.4283,-64.4283,-64.341,-64.3409,-10.4492,-10.4492,-8.5332,-8.5332,-7.0865,-7.0865,-1.458,-1.458,-0.8003,-0.8003,-0.3802,-0.3802,0.1193,0.1193,0.3073,0.3073,0.588,0.588,0.8433,0.8433,1.4098,1.4098,2.3484,2.3484,2.448,2.4481,2.5472,2.5472,2.6437,2.6437,2.6619,2.6619,2.7919,2.7919,2.8314,2.8314,2.8739,2.874,3.2117,3.2117,3.5109,3.5109,3.691,3.691,3.7724,3.7724,4.2399,4.2399,4.3109,4.3109,5.0068,5.0068,6.8532,6.8532,8.4868,8.4868,9.0454,9.0454,9.9188,9.9188,10.1308,10.1308,11.3591,11.3591,12.0295,12.0295,12.2045,12.2045,12.8489,12.8489,13.5581,13.5581,13.9502,13.9502,14.3438,14.3438,15.2353,15.2353,15.4379,15.4379,16.481,16.481,16.911,16.911,17.1058,17.1058,19.2287,19.2287,19.5395,19.5395,19.8536,19.8536,20.8216,20.8216,21.1789,21.1789,21.9308,21.9308,22.4229,22.423,22.4522,22.4523,23.3321,23.333,23.7193,23.7251,23.7728,23.7884,24.0636,24.1056
3.3788215312996743,-64.5269,-64.5268,-64.5263,-64.5262,-64.4869,-64.4869,-64.4868,-64.4868,-64.4864,-64.4864,-64.4863,-64.4863,-64.4284,-64.4284,-64.4283,-64.4283,-64.341,-64.3409,-10.4413,-10.4413,-8.5219,-8.5219,-7.0774,-7.0774,-1.4559,-1.4559,-0.8224,-0.8224,-0.3932,-0.3932,0.1158,0.1158,0.3074,0.3074,0.5978,0.5978,0.8379,0.8379,1.4171,1.4171,2.3461,2.3461,2.4472,2.4472,2.5446,2.5447,2.6403,2.6403,2.6615,2.6615,2.7857,2.7857,2.8309,2.8309,2.8725,2.8725,3.1939,3.1939,3.4878,3.4878,3.6756,3.6756,3.7628,3.7628,4.2274,4.2274,4.2877,4.2877,4.9865,4.9865,6.8568,6.8568,8.4761,8.4761,9.0344,9.0344,9.9075,9.9075,10.1179,10.1179,11.3855,11.3855,12.0722,12.0722,12.2106,12.2106,12.8701,12.8701,13.5789,13.5789,13.9932,13.9932,14.4168,14.4168,15.2752,15.2752,15.482,15.482,16.4568,16.4568,16.9413,16.9413,17.1354,17.1354,19.2272,19.2272,19.5349,19.5349,19.8369,19.8369,20.8469,20.8469,21.2558,21.2558,21.9721,21.9721,22.4393,22.4393,22.4921,22.4921,23.3037,23.3047,23.739,23.7426,23.7582,23.7631,23.9679,23.9692
3.38877460349802,-64.5269,-64.5268,-64.5263,-64.5263,-64.487,-64.487,-64.4868,-64.4868,-64.4864,-64.4864,-64.4863,-64.4863,-64.4284,-64.4284,-64.4283,-64.4283,-64.341,-64.341,-10.4335,-10.4335,-8.5107,-8.5107,-7.0683,-7.0683,-1.4542,-1.4542,-0.844,-0.844,-0.4059,-0.4059,0.1124,0.1124,0.3075,0.3075,0.6076,0.6076,0.8327,0.8327,1.4243,1.4243,2.3439,2.3439,2.4464,2.4464,2.542,2.542,2.6367,2.6367,2.6611,2.6612,2.7795,2.7795,2.8303,2.8303,2.871,2.8711,3.1754,3.1754,3.4658,3.4658,3.6602,3.6602,3.7528,3.7528,4.2167,4.2167,4.2649,4.2649,4.9663,4.9663,6.8603,6.8603,8.4648,8.4648,9.0233,9.0233,9.8948,9.8948,10.1052,10.1053,11.4103,11.4103,12.1182,12.1182,12.2159,12.2159,12.8872,12.8872,13.605,13.605,14.0355,14.0355,14.4902,14.4902,15.3154,15.3154,15.5281,15.5281,16.4337,16.4337,16.9732,16.9732,17.1662,17.1662,19.2227,19.2227,19.5296,19.5296,19.8168,19.8168,20.863,20.863,21.3388,21.3388,22.0079,22.0079,22.4173,22.4174,22.5668,22.5668,23.2594,23.2597,23.734,23.7348,23.7723,23.7731,23.8898,23.8907
3.398727656586492,-64.5269,-64.5268,-64.5263,-64.5263,-64.4869,-64.4869,-64.4868,-64.4868,-64.4864,-64.4864,-64.4863,-64.4863,-64.4284,-64.4284,-64.4283,-64.4283,-64.341,-64.341,-10.4257,-10.4257,-8.4995,-8.4995,-7.0593,-7.0593,-1.453,-1.453,-0.865,-0.865,-0.4183,-0.4183,0.109,0.109,0.3075,0.3075,0.6173,0.6173,0.8276,0.8276,1.4315,1.4315,2.3419,2.342,2.4457,2.4457,2.5392,2.5392,2.6329,2.633,2.6608,2.6609,2.7732,2.7732,2.8296,2.8297,2.8697,2.8697,3.1563,3.1564,3.4448,3.4448,3.6449,3.6449,3.7424,3.7424,4.2078,4.2078,4.2426,4.2426,4.9465,4.9465,6.8638,6.8638,8.4532,8.4532,9.0124,9.0124,9.8806,9.8806,10.0928,10.0928,11.4334,11.4334,12.1674,12.1674,12.2204,12.2204,12.9006,12.9006,13.6359,13.6359,14.0768,14.0768,14.564,14.564,15.3555,15.3555,15.5761,15.5761,16.4123,16.4123,17.0065,17.0065,17.1983,17.1983,19.2155,19.2155,19.5236,19.5236,19.7934,19.7934,20.8719,20.8719,21.425,21.425,22.0391,22.0391,22.3861,22.3861,22.6444,22.6444,23.2067,23.2068,23.6828,23.6836,23.8122,23.814,23.8411,23.842
3.4086807096749636,-64.5269,-64.5268,-64.5263,-64.5263,-64.4869,-64.4869,-64.4868,-64.4868,-64.4864,-64.4864,-64.4863,-64.4863,-64.4284,-64.4284,-64.4283,-64.4283,-64.341,-64.3409,-10.4181,-10.4181,-8.4885,-8.4885,-7.0504,-7.0504,-1.4522,-1.4522,-0.8856,-0.8856,-0.4304,-0.4304,0.1057,0.1057,0.3076,0.3076,0.627,0.627,0.8226,0.8226,1.4387,1.4387,2.3401,2.3401,2.4451,2.4451,2.5364,2.5364,2.629,2.6291,2.6606,2.6606,2.7669,2.7669,2.8289,2.8289,2.8682,2.8683,3.1369,3.1369,3.4248,3.4248,3.6296,3.6296,3.7317,3.7317,4.2006,4.2006,4.2208,4.2208,4.9269,4.9269,6.8673,6.8673,8.4414,8.4414,9.0014,9.0014,9.8653,9.8653,10.0807,10.0807,11.4547,11.4547,12.2195,12.2195,12.2242,12.2242,12.9105,12.9105,13.6714,13.6714,14.117,14.117,14.6382,14.6382,15.3954,15.3954,15.6259,15.6259,16.3927,16.3927,17.0412,17.0412,17.2315,17.2315,19.2059,19.2059,19.5168,19.5168,19.767,19.767,20.8749,20.875,21.5125,21.5125,22.0665,22.0665,22.3458,22.3459,22.7213,22.7213,23.1521,23.1522,23.6042,23.6048,23.8216,23.8218,23.8541,23.8559
3.4186337818733095,-64.5269,-64.5268,-64.5263,-64.5263,-64.4869,-64.4869,-64.4868,-64.4868,-64.4864,-64.4864,-64.4863,-64.4863,-64.4284,-64.4284,-64.4283,-64.4283,-64.341,-64.3409,-10.4105,-10.4105,-8.4775,-8.4775,-7.0417,-7.0417,-1.4519,-1.4519,-0.9057,-0.9057,-0.4421,-0.4421,0.1023,0.1023,0.3076,0.3076,0.6367,0.6367,0.8178,0.8178,1.4458,1.4458,2.3385,2.3385,2.4446,2.4446,2.5334,2.5334,2.6249,2.625,2.6604,2.6604,2.7608,2.7608,2.8281,2.8281,2.8667,2.8667,3.1172,3.1173,3.4055,3.4055,3.6144,3.6144,3.7207,3.7207,4.195,4.195,4.1996,4.1996,4.9077,4.9077,6.8707,6.8707,8.4294,8.4294,8.9906,8.9906,9.8489,9.8489,10.0688,10.0688,11.4742,11.4742,12.2273,12.2273,12.2742,12.2742,12.9176,12.9176,13.7108,13.7108,14.1561,14.1561,14.7128,14.7128,15.4347,15.4347,15.6777,15.6777,16.3754,16.3754,17.0771,17.0771,17.2658,17.2658,19.1942,19.1942,19.5093,19.5093,19.7376,19.7376,20.8732,20.8732,21.5994,21.5994,22.0905,22.0905,22.297,22.297,22.7905,22.7905,23.1042,23.1043,23.5118,23.5128,23.8164,23.8171,23.896,23.8979
3.428586834961781,-64.5269,-64.5268,-64.5263,-64.5263,-64.487,-64.487,-64.4868,-64.4868,-64.4864,-64.4864,-64.4864,-64.4864,-64.4284,-64.4284,-64.4283,-64.4283,-64.341,-64.3409,-10.403,-10.403,-8.4667,-8.4667,-7.033,-7.033,-1.4521,-1.4521,-0.9251,-0.9251,-0.4534,-0.4534,0.0991,0.0991,0.3076,0.3076,0.6464,0.6464,0.8131,0.8131,1.4529,1.4529,2.3369,2.337,2.4442,2.4442,2.5304,2.5304,2.6207,2.6207,2.6602,2.6602,2.7547,2.7547,2.8272,2.8273,2.865,2.865,3.0975,3.0975,3.3869,3.3869,3.5992,3.5992,3.7096,3.7096,4.1789,4.1789,4.1908,4.1908,4.8887,4.8888,6.8741,6.8741,8.4174,8.4174,8.9798,8.9798,9.8316,9.8316,10.0572,10.0572,11.492,11.492,12.2298,12.2298,12.3311,12.3311,12.9223,12.9223,13.7535,13.7535,14.1938,14.1938,14.7879,14.7879,15.4731,15.4731,15.7314,15.7314,16.3606,16.3606,17.1143,17.1143,17.3012,17.3012,19.1806,19.1806,19.501,19.501,19.7052,19.7052,20.8673,20.8673,21.6843,21.6843,22.1111,22.1111,22.2404,22.2405,22.8366,22.8367,23.0795,23.0797,23.4142,23.4149,23.8176,23.8192,23.9342,23.9431
3.438539888050253,-64.5269,-64.5269,-64.5263,-64.5263,-64.487,-64.487,-64.4868,-64.4868,-64.4864,-64.4864,-64.4864,-64.4864,-64.4284,-64.4284,-64.4283,-64.4283,-64.341,-64.3409,-10.3956,-10.3956,-8.4561,-8.456,-7.0244,-7.0244,-1.4528,-1.4528,-0.944,-0.944,-0.4644,-0.4644,0.0959,0.0959,0.3076,0.3076,0.6559,0.6559,0.8086,0.8086,1.4598,1.4598,2.3356,2.3356,2.4439,2.4439,2.5272,2.5272,2.6163,2.6164,2.6601,2.6601,2.7488,2.7488,2.8263,2.8263,2.863,2.863,3.0778,3.0778,3.3689,3.3689,3.5841,3.5841,3.6984,3.6984,4.1588,4.1588,4.1878,4.1879,4.8702,4.8702,6.8775,6.8775,8.4054,8.4054,8.9691,8.9691,9.8137,9.8137,10.0458,10.0458,11.5082,11.5082,12.2316,12.2316,12.3897,12.3897,12.9254,12.9254,13.7991,13.7991,14.2302,14.2302,14.8633,14.8633,15.5102,15.5102,15.7869,15.7869,16.3489,16.3489,17.1527,17.1527,17.3376,17.3376,19.1654,19.1654,19.4919,19.4919,19.6701,19.6701,20.8579,20.8579,21.766,21.766,22.1274,22.1275,22.177,22.177,22.8396,22.8398,23.0986,23.0987,23.3139,23.3148,23.8205,23.8215,23.9707,23.972
3.4484929602485987,-64.527,-64.5269,-64.5264,-64.5263,-64.487,-64.487,-64.4869,-64.4869,-64.4864,-64.4864,-64.4864,-64.4864,-64.4284,-64.4284,-64.4283,-64.4283,-64.341,-64.341,-10.3883,-10.3883,-8.4455,-8.4455,-7.016,-7.016,-1.454,-1.454,-0.9622,-0.9622,-0.475,-0.475,0.0928,0.0928,0.3076,0.3076,0.6654,0.6654,0.8042,0.8042,1.4667,1.4667,2.3344,2.3344,2.4436,2.4437,2.5239,2.5239,2.6119,2.6119,2.66,2.66,2.743,2.743,2.8253,2.8253,2.8608,2.8609,3.0583,3.0583,3.3515,3.3515,3.5691,3.5691,3.6873,3.6873,4.1392,4.1392,4.1861,4.1861,4.852,4.852,6.8808,6.8808,8.3934,8.3934,8.9586,8.9586,9.7953,9.7953,10.0345,10.0345,11.5228,11.5228,12.233,12.233,12.4494,12.4494,12.9276,12.9276,13.8469,13.8469,14.2651,14.2651,14.9392,14.9392,15.5454,15.5454,15.8442,15.8442,16.3406,16.3406,17.1922,17.1922,17.3749,17.375,19.1489,19.1489,19.4821,19.4821,19.6322,19.6322,20.8454,20.8454,21.8431,21.8431,22.1076,22.1077,22.1386,22.1386,22.8092,22.8093,23.1527,23.1527,23.2122,23.2123,23.8241,23.8244,24.0052,24.0057
3.4584460133370705,-64.527,-64.5269,-64.5264,-64.5263,-64.487,-64.487,-64.4869,-64.4869,-64.4864,-64.4864,-64.4864,-64.4864,-64.4284,-64.4284,-64.4283,-64.4283,-64.341,-64.341,-10.3812,-10.3812,-8.4352,-8.4351,-7.0078,-7.0078,-1.4556,-1.4556,-0.9797,-0.9797,-0.4852,-0.4852,0.0897,0.0897,0.3076,0.3076,0.6748,0.6749,0.8,0.8,1.4735,1.4735,2.3333,2.3333,2.4435,2.4435,2.5205,2.5206,2.6073,2.6073,2.66,2.66,2.7374,2.7374,2.8243,2.8243,2.8583,2.8583,3.0392,3.0393,3.3346,3.3346,3.5542,3.5543,3.6762,3.6763,4.1203,4.1203,4.1854,4.1854,4.8341,4.8341,6.8841,6.8841,8.3816,8.3816,8.9482,8.9482,9.7765,9.7765,10.0235,10.0235,11.536,11.536,12.2338,12.2338,12.5096,12.5096,12.9296,12.9296,13.8965,13.8965,14.2985,14.2985,15.0155,15.0156,15.5784,15.5784,15.9032,15.9032,16.3363,16.3363,17.2327,17.2327,17.4131,17.4131,19.1313,19.1313,19.4715,19.4715,19.5915,19.5915,20.8302,20.8302,21.9138,21.9138,22.0334,22.0336,22.1434,22.1434,22.7689,22.7692,23.1099,23.111,23.2197,23.2206,23.8292,23.84,24.0446,24.0781
3.468399066425542,-64.527,-64.5269,-64.5263,-64.5263,-64.4871,-64.487,-64.4869,-64.4869,-64.4864,-64.4864,-64.4864,-64.4864,-64.4284,-64.4284,-64.4283,-64.4283,-64.341,-64.3409,-10.3742,-10.3742,-8.425,-8.425,-6.9996,-6.9996,-1.4578,-1.4578,-0.9966,-0.9966,-0.495,-0.495,0.0868,0.0868,0.3076,0.3076,0.6842,0.6842,0.7959,0.7959,1.4803,1.4803,2.3324,2.3324,2.4434,2.4434,2.5171,2.5171,2.6026,2.6027,2.66,2.66,2.7321,2.7321,2.8232,2.8232,2.8554,2.8555,3.0207,3.0207,3.3182,3.3182,3.5395,3.5395,3.6654,3.6654,4.102,4.102,4.1856,4.1856,4.8167,4.8167,6.8873,6.8873,8.3699,8.3699,8.9379,8.9379,9.7575,9.7575,10.0126,10.0126,11.5479,11.5479,12.2343,12.2343,12.569,12.569,12.9328,12.9328,13.9474,13.9474,14.3303,14.3303,15.0923,15.0923,15.6086,15.6086,15.9639,15.9639,16.3365,16.3365,17.2742,17.2742,17.4519,17.4519,19.1128,19.1128,19.4601,19.4601,19.5483,19.5483,20.8126,20.8126,21.955,21.955,21.9753,21.9753,22.1414,22.1414,22.7307,22.7307,23.0068,23.0068,23.2871,23.2873,23.8274,23.828,24.0768,24.079
3.478352138623888,-64.527,-64.5269,-64.5263,-64.5263,-64.4871,-64.4871,-64.4869,-64.4869,-64.4864,-64.4864,-64.4864,-64.4864,-64.4284,-64.4284,-64.4283,-64.4283,-64.341,-64.341,-10.3673,-10.3673,-8.415,-8.415,-6.9917,-6.9917,-1.4604,-1.4604,-1.0128,-1.0128,-0.5043,-0.5043,0.0839,0.0839,0.3076,0.3076,0.6933,0.6934,0.7919,0.7919,1.4869,1.4869,2.3317,2.3317,2.4434,2.4435,2.5136,2.5136,2.5978,2.5979,2.66,2.66,2.727,2.727,2.822,2.822,2.8521,2.8521,3.0028,3.0028,3.3022,3.3022,3.5249,3.5249,3.6548,3.6548,4.0842,4.0842,4.1865,4.1866,4.7997,4.7997,6.8905,6.8905,8.3585,8.3585,8.9278,8.9278,9.7384,9.7384,10.0019,10.0019,11.5586,11.5586,12.2343,12.2343,12.626,12.626,12.9386,12.9386,13.9993,13.9993,14.3605,14.3605,15.1695,15.1695,15.6355,15.6355,16.0261,16.0261,16.3415,16.3415,17.3166,17.3166,17.4913,17.4913,19.0937,19.0937,19.448,19.448,19.5027,19.5027,20.7928,20.7928,21.8734,21.8735,22.0202,22.0203,22.1379,22.138,22.7002,22.7008,22.904,22.9054,23.3517,23.3532,23.8251,23.8396,24.1305,24.1534
3.4883051917123598,-64.527,-64.5269,-64.5263,-64.5263,-64.4871,-64.4871,-64.4869,-64.4869,-64.4864,-64.4864,-64.4864,-64.4864,-64.4284,-64.4284,-64.4283,-64.4283,-64.341,-64.341,-10.3606,-10.3606,-8.4052,-8.4052,-6.9839,-6.9839,-1.4635,-1.4635,-1.0283,-1.0283,-0.5133,-0.5133,0.0811,0.0811,0.3076,0.3076,0.7024,0.7024,0.7881,0.7881,1.4934,1.4934,2.331,2.3311,2.4435,2.4435,2.51,2.51,2.5929,2.593,2.6601,2.6601,2.7221,2.7221,2.8208,2.8208,2.8482,2.8482,2.9857,2.9857,3.2866,3.2866,3.5105,3.5105,3.6445,3.6446,4.0671,4.0671,4.1882,4.1882,4.7831,4.7831,6.8936,6.8936,8.3473,8.3473,8.9178,8.9178,9.7193,9.7193,9.9914,9.9914,11.5682,11.5682,12.234,12.234,12.6782,12.6782,12.9495,12.9495,14.0517,14.0517,14.389,14.389,15.2472,15.2472,15.6588,15.6588,16.0898,16.0898,16.3518,16.3518,17.3596,17.3596,17.5312,17.5312,19.0741,19.0741,19.4351,19.4351,19.4548,19.4548,20.7712,20.7712,21.7893,21.7893,22.0309,22.0309,22.1486,22.1486,22.6783,22.6783,22.8009,22.801,23.41,23.4103,23.8178,23.8188,24.1662,24.1695
3.4982582448008315,-64.527,-64.5269,-64.5264,-64.5263,-64.4871,-64.487,-64.4869,-64.4868,-64.4864,-64.4864,-64.4864,-64.4864,-64.4284,-64.4284,-64.4283,-64.4283,-64.341,-64.341,-10.354,-10.354,-8.3956,-8.3956,-6.9763,-6.9763,-1.467,-1.467,-1.0432,-1.0432,-0.5218,-0.5218,0.0784,0.0784,0.3076,0.3076,0.7113,0.7113,0.7845,0.7845,1.4997,1.4997,2.3306,2.3306,2.4437,2.4437,2.5064,2.5064,2.5879,2.588,2.6602,2.6602,2.7176,2.7176,2.8195,2.8195,2.8437,2.8437,2.9695,2.9695,3.2714,3.2714,3.4963,3.4963,3.6346,3.6347,4.0507,4.0507,4.1905,4.1905,4.7669,4.7669,6.8967,6.8967,8.3365,8.3365,8.9081,8.9081,9.7003,9.7003,9.9811,9.9811,11.5768,11.5768,12.2334,12.2334,12.7222,12.7222,12.9689,12.9689,14.1044,14.1044,14.416,14.416,15.3253,15.3253,15.6782,15.6782,16.1547,16.1547,16.3675,16.3675,17.4033,17.4033,17.5713,17.5713,19.0542,19.0542,19.405,19.405,19.4214,19.4214,20.7477,20.7477,21.7034,21.7034,22.005,22.005,22.1768,22.1768,22.6652,22.6652,22.6983,22.6984,23.4632,23.4637,23.807,23.8077,24.2251,24.2319
3.5082113169991773,-64.527,-64.5269,-64.5264,-64.5263,-64.4871,-64.487,-64.4869,-64.4869,-64.4864,-64.4864,-64.4864,-64.4864,-64.4284,-64.4284,-64.4283,-64.4283,-64.341,-64.341,-10.3476,-10.3476,-8.3863,-8.3862,-6.969,-6.969,-1.471,-1.471,-1.0573,-1.0573,-0.5299,-0.5299,0.0758,0.0758,0.3075,0.3075,0.7201,0.7201,0.781,0.781,1.506,1.506,2.3302,2.3302,2.4439,2.4439,2.5028,2.5028,2.5828,2.5829,2.6604,2.6604,2.7134,2.7134,2.8182,2.8182,2.8385,2.8385,2.9544,2.9544,3.2567,3.2567,3.4823,3.4823,3.6251,3.6251,4.0348,4.0348,4.1932,4.1932,4.7512,4.7512,6.8998,6.8998,8.3259,8.3259,8.8985,8.8985,9.6815,9.6815,9.971,9.971,11.5846,11.5846,12.2325,12.2325,12.7546,12.7546,12.9998,12.9998,14.1571,14.1571,14.4414,14.4414,15.4038,15.4038,15.6938,15.6938,16.2209,16.2209,16.3887,16.3887,17.4472,17.4472,17.6115,17.6115,19.0342,19.0342,19.3535,19.3535,19.407,19.407,20.7226,20.7226,21.6163,21.6163,21.9592,21.9593,22.2072,22.2072,22.5963,22.5965,22.6585,22.6587,23.5118,23.5131,23.7913,23.7924,24.2907,24.2954
3.518164370087649,-64.5269,-64.5269,-64.5263,-64.5263,-64.487,-64.487,-64.4868,-64.4868,-64.4864,-64.4864,-64.4864,-64.4863,-64.4284,-64.4284,-64.4283,-64.4283,-64.341,-64.3409,-10.3414,-10.3414,-8.3772,-8.3771,-6.9618,-6.9618,-1.4753,-1.4753,-1.0707,-1.0707,-0.5376,-0.5376,0.0733,0.0733,0.3075,0.3075,0.7287,0.7287,0.7777,0.7777,1.512,1.512,2.33,2.33,2.4442,2.4442,2.4992,2.4992,2.5776,2.5776,2.6606,2.6606,2.7096,2.7096,2.8169,2.8169,2.8325,2.8325,2.9405,2.9405,3.2424,3.2424,3.4686,3.4686,3.616,3.616,4.0196,4.0196,4.1963,4.1963,4.736,4.736,6.9028,6.9028,8.3157,8.3157,8.8892,8.8892,9.663,9.663,9.9611,9.9611,11.5915,11.5915,12.2314,12.2314,12.7751,12.7751,13.0426,13.0426,14.2096,14.2096,14.4652,14.4652,15.4826,15.4826,15.7056,15.7056,16.288,16.288,16.4152,16.4152,17.4913,17.4913,17.6517,17.6517,19.0142,19.0142,19.3007,19.3007,19.3919,19.3919,20.6959,20.6959,21.5285,21.5285,21.9033,21.9033,22.2323,22.2323,22.4953,22.4955,22.6561,22.6563,23.5578,23.5588,23.7721,23.7771,24.37,24.3839
3.5281174231761208,-64.527,-64.5269,-64.5263,-64.5263,-64.4871,-64.487,-64.4869,-64.4869,-64.4865,-64.4864,-64.4864,-64.4863,-64.4284,-64.4284,-64.4283,-64.4283,-64.341,-64.3409,-10.3354,-10.3354,-8.3683,-8.3683,-6.9548,-6.9548,-1.48,-1.48,-1.0834,-1.0834,-0.5449,-0.5449,0.0709,0.0709,0.3074,0.3074,0.7371,0.7371,0.7744,0.7744,1.5179,1.5179,2.3299,2.3299,2.4445,2.4445,2.4956,2.4956,2.5722,2.5722,2.6608,2.6608,2.7061,2.7061,2.8155,2.8155,2.8257,2.8257,2.9278,2.9279,3.2286,3.2286,3.4551,3.4552,3.6073,3.6073,4.005,4.005,4.1998,4.1998,4.7213,4.7213,6.9057,6.9057,8.3058,8.3058,8.8801,8.8801,9.6448,9.6448,9.9514,9.9514,11.5977,11.5977,12.23,12.23,12.7861,12.7861,13.0948,13.0948,14.2617,14.2617,14.4875,14.4875,15.5618,15.5618,15.714,15.714,16.356,16.356,16.4466,16.4466,17.5352,17.5352,17.6915,17.6915,18.9941,18.9941,19.2472,19.2472,19.3762,19.3762,20.6674,20.6674,21.4405,21.4405,21.8416,21.8416,22.2495,22.2495,22.3948,22.3948,22.6558,22.6558,23.6017,23.6019,23.7469,23.747,24.4365,24.449
3.5380704953744666,-64.527,-64.5269,-64.5264,-64.5263,-64.4871,-64.4871,-64.4869,-64.4869,-64.4865,-64.4865,-64.4864,-64.4864,-64.4284,-64.4284,-64.4283,-64.4283,-64.341,-64.3409,-10.3296,-10.3296,-8.3597,-8.3597,-6.9481,-6.9481,-1.4849,-1.4849,-1.0954,-1.0954,-0.5518,-0.5518,0.0686,0.0686,0.3074,0.3074,0.7452,0.7452,0.7714,0.7714,1.5237,1.5237,2.3299,2.3299,2.4449,2.4449,2.492,2.492,2.5667,2.5667,2.661,2.661,2.703,2.703,2.8141,2.8141,2.818,2.818,2.9164,2.9165,3.2152,3.2152,3.442,3.442,3.599,3.599,3.9911,3.9911,4.2035,4.2035,4.707,4.7071,6.9086,6.9086,8.2963,8.2963,8.8712,8.8712,9.6271,9.6271,9.942,9.942,11.6032,11.6032,12.2286,12.2286,12.7907,12.7907,13.1529,13.1529,14.3131,14.3131,14.5083,14.5083,15.6413,15.6413,15.7196,15.7196,16.4246,16.4246,16.4824,16.4824,17.5786,17.5786,17.7308,17.7309,18.974,18.974,19.1937,19.1937,19.3598,19.3598,20.6372,20.6372,21.3526,21.3526,21.7769,21.7769,22.258,22.258,22.2957,22.2957,22.6569,22.657,23.647,23.6517,23.7189,23.7213,24.5163,24.5573
3.5480235484629383,-64.527,-64.527,-64.5264,-64.5263,-64.4871,-64.4871,-64.487,-64.4869,-64.4865,-64.4865,-64.4864,-64.4864,-64.4284,-64.4284,-64.4283,-64.4283,-64.341,-64.3409,-10.3239,-10.3239,-8.3515,-8.3514,-6.9415,-6.9415,-1.4902,-1.4902,-1.1068,-1.1068,-0.5583,-0.5583,0.0664,0.0664,0.3073,0.3073,0.7532,0.7532,0.7684,0.7684,1.5293,1.5293,2.33,2.33,2.4453,2.4454,2.4884,2.4884,2.561,2.5611,2.6613,2.6613,2.7004,2.7004,2.8096,2.8096,2.8127,2.8127,2.9062,2.9062,3.2024,3.2024,3.4291,3.4292,3.5912,3.5912,3.9778,3.9778,4.2074,4.2074,4.6933,4.6934,6.9114,6.9114,8.2872,8.2872,8.8626,8.8626,9.6098,9.6098,9.9329,9.9329,11.6082,11.6082,12.2269,12.2269,12.7915,12.7915,13.2144,13.2144,14.3637,14.3637,14.5276,14.5276,15.721,15.721,15.7227,15.7227,16.4936,16.4936,16.5221,16.5221,17.621,17.621,17.7694,17.7694,18.9534,18.9534,19.1412,19.1412,19.3428,19.3428,20.6052,20.6052,21.2653,21.2653,21.7109,21.7109,22.198,22.198,22.2572,22.2572,22.6589,22.659,23.6873,23.6874,23.6931,23.6932,24.5814,24.587
3.55797660155141,-64.527,-64.5269,-64.5264,-64.5263,-64.4871,-64.4871,-64.4869,-64.4869,-64.4865,-64.4865,-64.4864,-64.4864,-64.4284,-64.4284,-64.4283,-64.4283,-64.341,-64.3409,-10.3185,-10.3185,-8.3435,-8.3434,-6.9353,-6.9353,-1.4956,-1.4956,-1.1175,-1.1175,-0.5644,-0.5644,0.0643,0.0643,0.3072,0.3072,0.7609,0.7609,0.7657,0.7657,1.5347,1.5347,2.3302,2.3302,2.4458,2.4459,2.4849,2.485,2.5554,2.5554,2.6616,2.6616,2.6982,2.6982,2.8006,2.8006,2.8112,2.8113,2.897,2.8971,3.19,3.1901,3.4167,3.4167,3.5838,3.5838,3.9651,3.9651,4.2114,4.2114,4.6802,4.6802,6.9141,6.9141,8.2785,8.2785,8.8543,8.8543,9.593,9.593,9.9241,9.9241,11.6126,11.6126,12.2252,12.2252,12.7899,12.7899,13.2774,13.2774,14.4134,14.4134,14.5456,14.5456,15.7239,15.7239,15.8009,15.8009,16.5629,16.5629,16.5652,16.5652,17.662,17.662,17.8068,17.8068,18.9315,18.9315,19.0913,19.0913,19.3254,19.3254,20.5711,20.5711,21.179,21.179,21.6451,21.6451,22.1017,22.1017,22.2473,22.2473,22.6619,22.6619,23.6532,23.6536,23.7413,23.7415,24.6489,24.6631
3.567929673749756,-64.527,-64.527,-64.5264,-64.5263,-64.4871,-64.4871,-64.4869,-64.4869,-64.4865,-64.4865,-64.4864,-64.4864,-64.4284,-64.4284,-64.4283,-64.4283,-64.341,-64.341,-10.3133,-10.3133,-8.3358,-8.3357,-6.9292,-6.9292,-1.5012,-1.5012,-1.1275,-1.1275,-0.5701,-0.5701,0.0624,0.0624,0.3072,0.3072,0.763,0.763,0.7684,0.7684,1.5399,1.5399,2.3305,2.3305,2.4463,2.4464,2.4815,2.4816,2.5496,2.5496,2.6619,2.662,2.6964,2.6964,2.7912,2.7912,2.8098,2.8098,2.8888,2.8888,3.1782,3.1783,3.4046,3.4046,3.5768,3.5769,3.9531,3.9531,4.2155,4.2155,4.6676,4.6676,6.9168,6.9168,8.2702,8.2702,8.8462,8.8462,9.5768,9.5768,9.9155,9.9155,11.6165,11.6165,12.2234,12.2234,12.7869,12.7869,13.341,13.341,14.462,14.462,14.5623,14.5623,15.7237,15.7237,15.8809,15.8809,16.611,16.611,16.6321,16.6321,17.7009,17.7009,17.8429,17.8429,18.9067,18.9067,19.0466,19.0466,19.3077,19.3077,20.5348,20.5348,21.094,21.094,21.5805,21.5805,22.0073,22.0073,22.2288,22.2288,22.6657,22.6657,23.6167,23.6175,23.7913,23.7923,24.6976,24.7333
3.5778827268382276,-64.527,-64.527,-64.5264,-64.5263,-64.4871,-64.4871,-64.4869,-64.4869,-64.4865,-64.4864,-64.4864,-64.4864,-64.4284,-64.4284,-64.4283,-64.4283,-64.341,-64.341,-10.3083,-10.3083,-8.3284,-8.3284,-6.9235,-6.9235,-1.5068,-1.5068,-1.1369,-1.1369,-0.5754,-0.5754,0.0606,0.0606,0.3071,0.3071,0.7605,0.7605,0.7756,0.7756,1.5449,1.5449,2.3308,2.3308,2.4469,2.4469,2.4783,2.4783,2.5437,2.5438,2.6623,2.6623,2.6951,2.6951,2.7816,2.7816,2.8083,2.8084,2.8812,2.8812,3.1671,3.1671,3.3929,3.3929,3.5703,3.5704,3.9417,3.9417,4.2196,4.2196,4.6555,4.6555,6.9193,6.9193,8.2623,8.2623,8.8385,8.8385,9.5613,9.5613,9.9073,9.9073,11.62,11.62,12.2216,12.2216,12.7831,12.7831,13.4043,13.4043,14.5093,14.5093,14.5778,14.5778,15.7225,15.7225,15.9609,15.9609,16.6592,16.6592,16.701,16.701,17.7372,17.7372,17.8772,17.8772,18.8765,18.8765,19.0104,19.0104,19.2898,19.2898,20.4962,20.4962,21.0106,21.0106,21.518,21.518,21.9148,21.9148,22.2028,22.2028,22.6703,22.6704,23.5787,23.5788,23.8429,23.8431,24.7407,24.7755
3.5878357799266993,-64.527,-64.5269,-64.5264,-64.5263,-64.4871,-64.4871,-64.4869,-64.4869,-64.4865,-64.4864,-64.4864,-64.4864,-64.4284,-64.4284,-64.4283,-64.4283,-64.341,-64.3409,-10.3035,-10.3035,-8.3213,-8.3213,-6.918,-6.918,-1.5126,-1.5126,-1.1457,-1.1457,-0.5803,-0.5803,0.0588,0.0588,0.3071,0.3071,0.7582,0.7582,0.7825,0.7825,1.5497,1.5497,2.3313,2.3313,2.4475,2.4475,2.4752,2.4752,2.5379,2.538,2.6626,2.6627,2.6942,2.6942,2.7719,2.772,2.8069,2.8069,2.8742,2.8742,3.1565,3.1565,3.3817,3.3817,3.5642,3.5643,3.931,3.931,4.2237,4.2237,4.644,4.644,6.9218,6.9218,8.2548,8.2548,8.831,8.831,9.5464,9.5464,9.8995,9.8995,11.6231,11.6231,12.2197,12.2197,12.7787,12.7787,13.4666,13.4666,14.5553,14.5553,14.592,14.592,15.7208,15.7208,16.0408,16.0408,16.7092,16.7092,16.7694,16.7694,17.77,17.77,17.9095,17.9095,18.8397,18.8397,18.9847,18.9848,19.2718,19.2718,20.4551,20.4551,20.9292,20.9292,21.4582,21.4582,21.8246,21.8246,22.1704,22.1704,22.6755,22.6756,23.5396,23.5396,23.8956,23.8961,24.7739,24.78
3.597788852125045,-64.527,-64.5269,-64.5264,-64.5263,-64.4871,-64.4871,-64.4869,-64.4869,-64.4865,-64.4864,-64.4864,-64.4864,-64.4284,-64.4284,-64.4283,-64.4283,-64.341,-64.3409,-10.299,-10.299,-8.3146,-8.3146,-6.9127,-6.9127,-1.5183,-1.5183,-1.154,-1.154,-0.5849,-0.5849,0.0572,0.0572,0.307,0.307,0.7559,0.7559,0.7891,0.7891,1.5542,1.5542,2.3317,2.3318,2.4481,2.4481,2.4722,2.4722,2.5321,2.5321,2.663,2.663,2.6936,2.6936,2.7625,2.7625,2.8055,2.8055,2.8675,2.8675,3.1465,3.1465,3.3709,3.3709,3.5586,3.5586,3.9209,3.9209,4.2278,4.2278,4.6331,4.6331,6.9242,6.9242,8.2477,8.2478,8.8239,8.8239,9.5321,9.5321,9.892,9.892,11.6258,11.6258,12.2178,12.2178,12.7741,12.7741,13.5276,13.5276,14.5997,14.5997,14.6051,14.6051,15.7187,15.7187,16.1205,16.1205,16.7606,16.7606,16.8368,16.8368,17.7987,17.7987,17.9393,17.9393,18.7978,18.7978,18.9694,18.9694,19.254,19.254,20.4115,20.4115,20.8501,20.8501,21.4016,21.4016,21.7367,21.7367,22.133,22.133,22.6811,22.6811,23.5,23.5001,23.9488,23.95,24.7995,24.8153
3.607741905213517,-64.527,-64.527,-64.5264,-64.5263,-64.4871,-64.4871,-64.4869,-64.4869,-64.4865,-64.4865,-64.4864,-64.4864,-64.4283,-64.4283,-64.4282,-64.4282,-64.3409,-64.3409,-10.2947,-10.2947,-8.3083,-8.3083,-6.9078,-6.9078,-1.5239,-1.5239,-1.1616,-1.1616,-0.5891,-0.5891,0.0557,0.0557,0.3069,0.3069,0.7539,0.7539,0.7954,0.7954,1.5586,1.5586,2.3323,2.3323,2.4487,2.4487,2.4693,2.4694,2.5263,2.5264,2.6634,2.6634,2.6935,2.6935,2.7534,2.7534,2.8041,2.8041,2.8611,2.8611,3.1371,3.1371,3.3606,3.3607,3.5534,3.5534,3.9114,3.9114,4.2317,4.2318,4.6228,4.6228,6.9265,6.9265,8.2411,8.2411,8.8172,8.8172,9.5187,9.5187,9.8848,9.8848,11.6282,11.6282,12.2159,12.2159,12.7694,12.7694,13.5869,13.5869,14.6172,14.6172,14.6425,14.6425,15.7166,15.7166,16.1999,16.1999,16.813,16.813,16.903,16.903,17.8224,17.8224,17.9664,17.9664,18.7535,18.7535,18.9626,18.9626,19.2366,19.2366,20.3654,20.3654,20.7735,20.7735,21.3486,21.3486,21.6516,21.6516,22.0919,22.0919,22.6867,22.6867,23.4604,23.4605,24.0019,24.0024,24.82,24.832
3.6176949583019886,-64.527,-64.527,-64.5264,-64.5263,-64.4871,-64.4871,-64.4869,-64.4869,-64.4865,-64.4865,-64.4864,-64.4864,-64.4284,-64.4283,-64.4282,-64.4282,-64.3409,-64.3409,-10.2907,-10.2907,-8.3023,-8.3023,-6.9031,-6.9031,-1.5294,-1.5294,-1.1687,-1.1687,-0.593,-0.593,0.0543,0.0543,0.3069,0.3069,0.7519,0.7519,0.8013,0.8014,1.5627,1.5627,2.3328,2.3328,2.4493,2.4493,2.4667,2.4667,2.5206,2.5206,2.6638,2.6638,2.6936,2.6936,2.7448,2.7448,2.8027,2.8028,2.8548,2.8548,3.1284,3.1284,3.3509,3.3509,3.5485,3.5485,3.9026,3.9026,4.2356,4.2356,4.6131,4.6131,6.9287,6.9287,8.2349,8.2349,8.8108,8.8108,9.5059,9.5059,9.8781,9.8781,11.6303,11.6303,12.2141,12.2141,12.7647,12.7647,13.6439,13.6439,14.6282,14.6282,14.6835,14.6835,15.7146,15.7146,16.2788,16.2788,16.8661,16.8661,16.9674,16.9674,17.8406,17.8406,17.9903,17.9903,18.709,18.709,18.9629,18.9629,19.2199,19.2199,20.3169,20.3169,20.6999,20.6999,21.2993,21.2993,21.5695,21.5695,22.0484,22.0484,22.6921,22.6922,23.4212,23.4215,24.0544,24.0562,24.8385,24.9495
3.6276480305003345,-64.527,-64.527,-64.5264,-64.5263,-64.4871,-64.4871,-64.4869,-64.4869,-64.4865,-64.4865,-64.4864,-64.4864,-64.4284,-64.4283,-64.4282,-64.4282,-64.3409,-64.3409,-10.2869,-10.2869,-8.2967,-8.2966,-6.8987,-6.8987,-1.5348,-1.5348,-1.1753,-1.1753,-0.5966,-0.5966,0.053,0.053,0.3068,0.3068,0.7501,0.7501,0.807,0.807,1.5665,1.5665,2.3333,2.3333,2.4499,2.4499,2.4642,2.4643,2.515,2.5151,2.6642,2.6642,2.6939,2.6939,2.7369,2.7369,2.8014,2.8015,2.8486,2.8486,3.1203,3.1203,3.3417,3.3417,3.544,3.5441,3.8944,3.8944,4.2393,4.2393,4.6041,4.6041,6.9308,6.9308,8.2291,8.2292,8.8047,8.8047,9.4939,9.4939,9.8718,9.8718,11.6321,11.6321,12.2123,12.2123,12.7602,12.7602,13.6985,13.6985,14.6382,14.6382,14.7226,14.7226,15.7131,15.7131,16.357,16.357,16.9194,16.9194,17.0297,17.0297,17.8526,17.8526,18.0108,18.0108,18.6659,18.6659,18.9697,18.9697,19.204,19.204,20.2661,20.2661,20.6294,20.6294,21.2539,21.2539,21.4906,21.4906,22.0035,22.0035,22.6972,22.6972,23.3829,23.383,24.1056,24.1058,24.8552,24.8701
3.637601083588806,-64.527,-64.5269,-64.5264,-64.5263,-64.4871,-64.487,-64.4869,-64.4869,-64.4865,-64.4865,-64.4864,-64.4863,-64.4283,-64.4283,-64.4282,-64.4282,-64.3409,-64.3409,-10.2834,-10.2834,-8.2914,-8.2914,-6.8947,-6.8947,-1.54,-1.54,-1.1813,-1.1813,-0.5999,-0.5999,0.0519,0.0519,0.3068,0.3068,0.7484,0.7484,0.8122,0.8123,1.5702,1.5702,2.3339,2.3339,2.4505,2.4505,2.462,2.462,2.5096,2.5096,2.6646,2.6646,2.6942,2.6942,2.7299,2.7299,2.8002,2.8002,2.8425,2.8425,3.1129,3.1129,3.3331,3.3331,3.54,3.54,3.8868,3.8868,4.2428,4.2428,4.5956,4.5956,6.9327,6.9327,8.2238,8.2238,8.7991,8.7991,9.4828,9.4828,9.8658,9.8658,11.6337,11.6337,12.2106,12.2106,12.7558,12.7558,13.7503,13.7503,14.6473,14.6473,14.7597,14.7597,15.712,15.712,16.4343,16.4343,16.9725,16.9725,17.0892,17.0892,17.8584,17.8584,18.0277,18.0277,18.6249,18.6249,18.9827,18.9827,19.1892,19.1892,20.2134,20.2134,20.5625,20.5625,21.2123,21.2123,21.4152,21.4152,21.9583,21.9583,22.7019,22.702,23.3459,23.346,24.1553,24.156,24.8711,24.8991
3.647554136677278,-64.527,-64.5269,-64.5263,-64.5263,-64.487,-64.487,-64.4869,-64.4869,-64.4864,-64.4864,-64.4864,-64.4863,-64.4283,-64.4283,-64.4282,-64.4282,-64.3409,-64.3409,-10.2801,-10.2801,-8.2866,-8.2865,-6.8909,-6.8909,-1.5449,-1.5449,-1.1868,-1.1868,-0.6028,-0.6028,0.0508,0.0508,0.3067,0.3067,0.7469,0.7469,0.8172,0.8172,1.5735,1.5735,2.3345,2.3345,2.4511,2.4511,2.46,2.46,2.5044,2.5044,2.665,2.665,2.6941,2.6942,2.7242,2.7242,2.799,2.799,2.8363,2.8364,3.1062,3.1062,3.325,3.325,3.5363,3.5363,3.8798,3.8798,4.2462,4.2462,4.5878,4.5878,6.9346,6.9346,8.2189,8.2189,8.7938,8.7938,9.4725,9.4725,9.8604,9.8604,11.6351,11.6351,12.209,12.209,12.7517,12.7517,13.799,13.7991,14.6555,14.6555,14.7946,14.7946,15.7115,15.7115,16.5104,16.5104,17.025,17.025,17.1455,17.1455,17.8581,17.8581,18.0409,18.0409,18.5866,18.5866,19.0014,19.0014,19.1757,19.1757,20.159,20.159,20.4996,20.4996,21.1745,21.1745,21.3438,21.3438,21.9136,21.9136,22.7062,22.7062,23.3105,23.3106,24.2029,24.2031,24.8823,24.8886
3.6575072088756237,-64.527,-64.5269,-64.5263,-64.5263,-64.487,-64.487,-64.4869,-64.4869,-64.4864,-64.4864,-64.4864,-64.4863,-64.4283,-64.4283,-64.4282,-64.4282,-64.3409,-64.3409,-10.2771,-10.2771,-8.2821,-8.2821,-6.8874,-6.8874,-1.5495,-1.5495,-1.1918,-1.1918,-0.6055,-0.6055,0.0498,0.0498,0.3067,0.3067,0.7455,0.7455,0.8217,0.8217,1.5766,1.5766,2.335,2.335,2.4516,2.4517,2.4582,2.4582,2.4994,2.4994,2.6653,2.6653,2.6934,2.6934,2.7201,2.7201,2.7978,2.7979,2.8302,2.8302,3.1001,3.1001,3.3176,3.3176,3.5329,3.5329,3.8735,3.8735,4.2493,4.2493,4.5807,4.5807,6.9362,6.9363,8.2144,8.2144,8.7889,8.7889,9.463,9.463,9.8553,9.8553,11.6363,11.6363,12.2075,12.2075,12.7478,12.7478,13.8444,13.8444,14.6628,14.6628,14.8271,14.8271,15.7116,15.7116,16.5851,16.5851,17.0764,17.0764,17.1977,17.1977,17.8523,17.8523,18.0503,18.0503,18.5511,18.5511,19.0257,19.0257,19.1636,19.1636,20.1034,20.1034,20.4408,20.4408,21.1404,21.1404,21.2766,21.2766,21.8703,21.8703,22.7099,22.7099,23.2771,23.2771,24.248,24.2487,24.893,24.9124
3.6674602619640955,-64.527,-64.527,-64.5263,-64.5263,-64.4871,-64.4871,-64.4869,-64.4869,-64.4864,-64.4864,-64.4864,-64.4863,-64.4283,-64.4283,-64.4282,-64.4282,-64.3409,-64.3409,-10.2744,-10.2744,-8.278,-8.278,-6.8843,-6.8843,-1.5537,-1.5537,-1.1963,-1.1963,-0.6079,-0.6079,0.049,0.049,0.3066,0.3066,0.7442,0.7442,0.8258,0.8258,1.5794,1.5794,2.3355,2.3355,2.4521,2.4522,2.4567,2.4567,2.4946,2.4946,2.6657,2.6657,2.6917,2.6917,2.718,2.718,2.7968,2.7968,2.8241,2.8241,3.0946,3.0946,3.3108,3.3108,3.5299,3.5299,3.8677,3.8677,4.2521,4.2521,4.5742,4.5742,6.9378,6.9378,8.2104,8.2104,8.7845,8.7845,9.4543,9.4543,9.8507,9.8507,11.6373,11.6373,12.2061,12.2061,12.7442,12.7442,13.8862,13.8862,14.6693,14.6693,14.8571,14.8571,15.7123,15.7123,16.658,16.658,17.1263,17.1263,17.2451,17.2451,17.8418,17.8418,18.0563,18.0563,18.5184,18.5184,19.0549,19.0549,19.1531,19.1531,20.047,20.047,20.3866,20.3866,21.1096,21.1097,21.214,21.214,21.8291,21.8291,22.7132,22.7132,23.246,23.246,24.2899,24.2914,24.9033,24.9522
3.677413315052567,-64.5271,-64.5271,-64.5264,-64.5263,-64.4872,-64.4872,-64.487,-64.487,-64.4865,-64.4864,-64.4864,-64.4864,-64.4283,-64.4283,-64.4282,-64.4282,-64.341,-64.3409,-10.2719,-10.2719,-8.2744,-8.2744,-6.8815,-6.8815,-1.5577,-1.5577,-1.2003,-1.2003,-0.61,-0.61,0.0482,0.0482,0.3066,0.3066,0.7431,0.7431,0.8295,0.8295,1.5819,1.5819,2.336,2.336,2.4526,2.4527,2.4554,2.4554,2.4901,2.4901,2.666,2.666,2.6889,2.6889,2.7177,2.7177,2.7958,2.7958,2.8181,2.8181,3.0897,3.0897,3.3047,3.3047,3.5272,3.5272,3.8626,3.8626,4.2547,4.2547,4.5683,4.5683,6.9392,6.9392,8.2067,8.2067,8.7805,8.7805,9.4466,9.4466,9.8466,9.8466,11.6382,11.6382,12.2048,12.2048,12.741,12.741,13.9241,13.9241,14.6751,14.6751,14.8844,14.8844,15.7135,15.7135,16.7286,16.7286,17.174,17.174,17.2869,17.2869,17.8277,17.8277,18.0593,18.0593,18.4884,18.4884,19.0884,19.0884,19.144,19.144,19.9902,19.9902,20.3373,20.3373,21.0823,21.0823,21.1563,21.1563,21.7906,21.7906,22.716,22.716,23.2173,23.2174,24.3288,24.33,24.9195,25.0023
3.687366387250913,-64.5271,-64.5271,-64.5264,-64.5263,-64.4872,-64.4872,-64.487,-64.487,-64.4865,-64.4864,-64.4864,-64.4864,-64.4283,-64.4283,-64.4282,-64.4282,-64.341,-64.3409,-10.2698,-10.2698,-8.2712,-8.2711,-6.879,-6.879,-1.5612,-1.5612,-1.2039,-1.2039,-0.6118,-0.6118,0.0475,0.0475,0.3065,0.3065,0.7421,0.7421,0.8328,0.8328,1.5841,1.5841,2.3365,2.3365,2.4531,2.4531,2.4543,2.4544,2.486,2.486,2.6662,2.6663,2.6856,2.6857,2.7188,2.7188,2.7949,2.7949,2.8122,2.8122,3.0855,3.0855,3.2992,3.2992,3.5249,3.5249,3.8581,3.8581,4.257,4.2571,4.5631,4.5632,6.9405,6.9405,8.2035,8.2035,8.7769,8.7769,9.4397,9.4397,9.8429,9.8429,11.6389,11.6389,12.2036,12.2036,12.7381,12.7381,13.958,13.958,14.6801,14.6801,14.9089,14.9089,15.7153,15.7153,16.7964,16.7964,17.219,17.219,17.3224,17.3224,17.8114,17.8114,18.0599,18.0599,18.4612,18.4612,19.1255,19.1255,19.1363,19.1363,19.9336,19.9336,20.2931,20.2931,21.0581,21.0581,21.1041,21.1041,21.7553,21.7553,22.7184,22.7184,23.1915,23.1915,24.3637,24.3665,24.9237,25.041
3.6973194403393848,-64.5271,-64.5271,-64.5264,-64.5263,-64.4872,-64.4872,-64.487,-64.487,-64.4865,-64.4864,-64.4864,-64.4863,-64.4284,-64.4284,-64.4283,-64.4282,-64.341,-64.3409,-10.2679,-10.2679,-8.2683,-8.2683,-6.8768,-6.8768,-1.5643,-1.5643,-1.2069,-1.2069,-0.6134,-0.6134,0.0469,0.0469,0.3065,0.3065,0.7412,0.7412,0.8357,0.8357,1.5861,1.5861,2.3368,2.3368,2.4535,2.4535,2.4535,2.4536,2.4822,2.4822,2.6665,2.6665,2.6823,2.6824,2.7208,2.7208,2.7941,2.7942,2.8065,2.8065,3.0819,3.0819,3.2945,3.2945,3.5229,3.5229,3.8542,3.8542,4.2591,4.2591,4.5587,4.5587,6.9416,6.9416,8.2008,8.2008,8.7738,8.7738,9.4337,9.4337,9.8397,9.8397,11.6395,11.6395,12.2026,12.2026,12.7355,12.7355,13.9877,13.9877,14.6844,14.6844,14.9304,14.9304,15.7174,15.7174,16.8606,16.8606,17.2605,17.2605,17.3507,17.3507,17.7941,17.7941,18.0589,18.0589,18.4367,18.4367,19.1299,19.1299,19.1654,19.1654,19.8777,19.8777,20.2545,20.2545,21.037,21.037,21.0577,21.0577,21.7239,21.7239,22.7204,22.7204,23.1687,23.1687,24.3949,24.3966,24.9321,24.9433
3.7072724934278565,-64.5272,-64.5271,-64.5264,-64.5263,-64.4872,-64.4872,-64.4871,-64.4871,-64.4865,-64.4864,-64.4864,-64.4863,-64.4284,-64.4284,-64.4283,-64.4282,-64.341,-64.3409,-10.2663,-10.2663,-8.2659,-8.2659,-6.8749,-6.8749,-1.567,-1.567,-1.2095,-1.2095,-0.6147,-0.6147,0.0465,0.0465,0.3065,0.3065,0.7405,0.7405,0.8382,0.8382,1.5877,1.5877,2.3372,2.3372,2.453,2.453,2.4538,2.4538,2.4789,2.4789,2.6668,2.6668,2.6793,2.6793,2.7233,2.7233,2.7935,2.7935,2.8011,2.8012,3.0788,3.0788,3.2904,3.2904,3.5212,3.5212,3.8509,3.8509,4.2608,4.2609,4.5548,4.5549,6.9425,6.9425,8.1984,8.1984,8.7712,8.7712,9.4286,9.4286,9.837,9.837,11.64,11.64,12.2017,12.2017,12.7333,12.7333,14.0131,14.0131,14.688,14.688,14.9488,14.9488,15.7196,15.7196,16.9203,16.9203,17.2978,17.2978,17.3716,17.3716,17.7771,17.7771,18.0569,18.0569,18.415,18.415,19.1247,19.1247,19.2071,19.2071,19.8232,19.8232,20.2215,20.2215,21.0175,21.0175,21.0191,21.0191,21.6966,21.6966,22.722,22.722,23.1491,23.1491,24.4216,24.4226,24.9505,24.987
3.7172255656262023,-64.5272,-64.5271,-64.5264,-64.5263,-64.4872,-64.4872,-64.4871,-64.4871,-64.4865,-64.4864,-64.4864,-64.4863,-64.4284,-64.4284,-64.4283,-64.4282,-64.341,-64.3409,-10.265,-10.265,-8.264,-8.264,-6.8734,-6.8734,-1.5692,-1.5692,-1.2116,-1.2116,-0.6158,-0.6158,0.0461,0.0461,0.3064,0.3064,0.7399,0.7399,0.8402,0.8402,1.5891,1.5891,2.3375,2.3375,2.4527,2.4527,2.4541,2.4541,2.476,2.476,2.6669,2.667,2.6767,2.6767,2.726,2.726,2.7929,2.7929,2.7962,2.7962,3.0763,3.0764,3.2871,3.2871,3.5198,3.5199,3.8482,3.8482,4.2623,4.2623,4.5517,4.5517,6.9433,6.9433,8.1965,8.1965,8.769,8.769,9.4245,9.4245,9.8347,9.8348,11.6404,11.6404,12.201,12.201,12.7315,12.7315,14.034,14.034,14.6909,14.6909,14.9641,14.964,15.7219,15.7219,16.9742,16.9742,17.33,17.33,17.3849,17.3849,17.7614,17.7614,18.0548,18.0548,18.3965,18.3965,19.1205,19.1205,19.2492,19.2492,19.771,19.771,20.1944,20.1944,20.9839,20.9839,21.0043,21.0043,21.6739,21.6739,22.7232,22.7233,23.1328,23.1328,24.4438,24.445,24.938,24.9447
3.727178618714674,-64.5271,-64.5271,-64.5263,-64.5263,-64.4872,-64.4872,-64.487,-64.487,-64.4865,-64.4864,-64.4864,-64.4863,-64.4284,-64.4284,-64.4283,-64.4282,-64.341,-64.3409,-10.264,-10.264,-8.2625,-8.2624,-6.8723,-6.8723,-1.5709,-1.5709,-1.2132,-1.2132,-0.6166,-0.6166,0.0458,0.0458,0.3064,0.3064,0.7395,0.7395,0.8418,0.8418,1.5902,1.5902,2.3377,2.3377,2.4526,2.4526,2.4543,2.4544,2.4736,2.4736,2.6671,2.6672,2.6746,2.6746,2.7285,2.7285,2.792,2.792,2.7925,2.7925,3.0744,3.0745,3.2845,3.2845,3.5188,3.5188,3.8461,3.8461,4.2634,4.2634,4.5493,4.5493,6.9439,6.9439,8.195,8.195,8.7673,8.7673,9.4212,9.4212,9.833,9.833,11.6407,11.6407,12.2004,12.2004,12.7301,12.7301,14.0504,14.0504,14.6931,14.6931,14.976,14.976,15.7239,15.7239,17.0206,17.0206,17.3563,17.3563,17.3916,17.3917,17.7481,17.7481,18.053,18.053,18.3814,18.3814,19.1173,19.1173,19.2901,19.2901,19.7226,19.7226,20.1733,20.1733,20.9574,20.9574,20.9927,20.9927,21.6559,21.6559,22.7242,22.7242,23.12,23.12,24.4613,24.4629,24.9464,24.9872
3.7371316718031458,-64.5271,-64.5271,-64.5263,-64.5263,-64.4872,-64.4871,-64.4871,-64.487,-64.4865,-64.4864,-64.4864,-64.4863,-64.4284,-64.4284,-64.4283,-64.4282,-64.341,-64.3409,-10.2632,-10.2632,-8.2614,-8.2613,-6.8714,-6.8714,-1.5721,-1.5721,-1.2144,-1.2144,-0.6172,-0.6172,0.0456,0.0456,0.3064,0.3064,0.7391,0.7391,0.8429,0.8429,1.5909,1.5909,2.3379,2.3379,2.4526,2.4526,2.4545,2.4545,2.4718,2.4718,2.6672,2.6673,2.673,2.6731,2.7307,2.7307,2.7886,2.7886,2.7922,2.7922,3.0731,3.0731,3.2826,3.2826,3.518,3.5181,3.8446,3.8446,4.2642,4.2643,4.5476,4.5476,6.9443,6.9443,8.194,8.194,8.7661,8.7661,9.4189,9.4189,9.8318,9.8318,11.6409,11.6409,12.2,12.2,12.7291,12.7291,14.0621,14.0621,14.6947,14.6947,14.9845,14.9845,15.7255,15.7255,17.0571,17.0571,17.3758,17.3758,17.3934,17.3934,17.738,17.738,18.0517,18.0517,18.3702,18.3702,19.115,19.115,19.3266,19.3266,19.6809,19.6809,20.1581,20.1581,20.9381,20.9381,20.9843,20.9843,21.643,21.643,22.7249,22.7249,23.1108,23.1108,24.4741,24.4752,24.9549,24.9715
3.7470847440014916,-64.5271,-64.5271,-64.5263,-64.5263,-64.4872,-64.4871,-64.4871,-64.487,-64.4865,-64.4864,-64.4864,-64.4863,-64.4284,-64.4284,-64.4283,-64.4283,-64.341,-64.3409,-10.2628,-10.2628,-8.2607,-8.2607,-6.8709,-6.8709,-1.5729,-1.5729,-1.2151,-1.2151,-0.6176,-0.6176,0.0454,0.0454,0.3064,0.3064,0.7389,0.7389,0.8436,0.8436,1.5914,1.5914,2.338,2.338,2.4526,2.4526,2.4546,2.4546,2.4707,2.4707,2.6673,2.6673,2.6721,2.6721,2.7322,2.7322,2.7864,2.7864,2.792,2.792,3.0723,3.0723,3.2815,3.2815,3.5175,3.5176,3.8437,3.8437,4.2647,4.2647,4.5465,4.5465,6.9446,6.9446,8.1933,8.1933,8.7654,8.7654,9.4175,9.4175,9.831,9.831,11.6411,11.6411,12.1998,12.1998,12.7285,12.7285,14.0692,14.0692,14.6957,14.6957,14.9897,14.9897,15.7265,15.7265,17.0808,17.0808,17.3879,17.3879,17.3928,17.3928,17.7316,17.7316,18.0509,18.0509,18.3633,18.3633,19.1136,19.1136,19.3537,19.3537,19.6507,19.6507,20.1491,20.1491,20.9265,20.9265,20.9793,20.9793,21.6352,21.6352,22.7252,22.7253,23.1052,23.1052,24.4818,24.4835,24.9463,24.9946
3.7570377970899633,-64.5272,-64.5271,-64.5264,-64.5263,-64.4872,-64.4871,-64.4871,-64.4871,-64.4865,-64.4864,-64.4864,-64.4864,-64.4284,-64.4284,-64.4283,-64.4283,-64.341,-64.341,-10.2626,-10.2626,-8.2605,-8.2605,-6.8707,-6.8707,-1.5731,-1.5731,-1.2153,-1.2153,-0.6177,-0.6177,0.0454,0.0454,0.3064,0.3064,0.7389,0.7389,0.8438,0.8438,1.5915,1.5915,2.338,2.338,2.4526,2.4526,2.4546,2.4546,2.4703,2.4703,2.6673,2.6673,2.6718,2.6718,2.7327,2.7327,2.7856,2.7856,2.7919,2.7919,3.072,3.072,3.2811,3.2811,3.5174,3.5174,3.8433,3.8434,4.2649,4.2649,4.5462,4.5462,6.9446,6.9447,8.1931,8.1931,8.7651,8.7651,9.4171,9.4171,9.8308,9.8308,11.6411,11.6411,12.1997,12.1997,12.7283,12.7283,14.0715,14.0715,14.696,14.696,14.9914,14.9914,15.7269,15.7269,17.0891,17.0891,17.3919,17.3919,17.3922,17.3922,17.7295,17.7295,18.0507,18.0507,18.361,18.361,19.1131,19.1131,19.3641,19.3641,19.6393,19.6393,20.146,20.146,20.9226,20.9226,20.9776,20.9776,21.6326,21.6326,22.7254,22.7254,23.1033,23.1033,24.4841,24.4849,24.948,24.9689
3.7570377970899633,-64.5271,-64.5271,-64.5264,-64.5263,-64.4872,-64.4871,-64.4871,-64.4871,-64.4865,-64.4864,-64.4864,-64.4864,-64.4284,-64.4284,-64.4283,-64.4283,-64.341,-64.341,-10.2626,-10.2626,-8.2605,-8.2605,-6.8707,-6.8707,-1.5731,-1.5731,-1.2153,-1.2153,-0.6177,-0.6177,0.0454,0.0454,0.3064,0.3064,0.7389,0.7389,0.8438,0.8438,1.5915,1.5915,2.338,2.338,2.4526,2.4526,2.4546,2.4546,2.4703,2.4703,2.6673,2.6673,2.6718,2.6718,2.7327,2.7327,2.7856,2.7856,2.7919,2.7919,3.072,3.072,3.2811,3.2811,3.5174,3.5174,3.8433,3.8434,4.2649,4.2649,4.5462,4.5462,6.9446,6.9447,8.1931,8.1931,8.7651,8.7651,9.4171,9.4171,9.8308,9.8308,11.6411,11.6411,12.1997,12.1997,12.7283,12.7283,14.0715,14.0715,14.696,14.696,14.9914,14.9914,15.7269,15.7269,17.0891,17.0891,17.3919,17.3919,17.3922,17.3922,17.7295,17.7295,18.0507,18.0507,18.361,18.361,19.1131,19.1131,19.3641,19.3641,19.6393,19.6393,20.146,20.146,20.9226,20.9226,20.9776,20.9776,21.6326,21.6326,22.7254,22.7254,23.1033,23.1034,24.4844,24.4877,24.9835,25.1763
3.7668887697132623,-64.5271,-64.5271,-64.5264,-64.5263,-64.4872,-64.4871,-64.4871,-64.4871,-64.4865,-64.4864,-64.4864,-64.4863,-64.4284,-64.4284,-64.4283,-64.4283,-64.341,-64.341,-10.2626,-10.2626,-8.2604,-8.2604,-6.8707,-6.8707,-1.5729,-1.5729,-1.2152,-1.2152,-0.6176,-0.6176,0.0452,0.0452,0.3061,0.3061,0.739,0.739,0.8436,0.8436,1.5914,1.5914,2.3375,2.3375,2.451,2.451,2.4567,2.4567,2.4703,2.4703,2.6671,2.6671,2.6718,2.6718,2.7324,2.7324,2.7848,2.7848,2.7931,2.7931,3.0716,3.0716,3.281,3.281,3.5174,3.5175,3.8427,3.8427,4.2649,4.2649,4.5455,4.5456,6.945,6.945,8.1941,8.1941,8.7662,8.7662,9.4178,9.4178,9.8314,9.8314,11.6417,11.6417,12.199,12.199,12.7283,12.7283,14.0701,14.0701,14.695,14.695,14.9913,14.9913,15.7272,15.7272,17.0903,17.0903,17.3509,17.3509,17.431,17.431,17.7248,17.7248,18.0543,18.0543,18.3636,18.3636,19.106,19.106,19.3681,19.3681,19.6388,19.6388,20.1487,20.1487,20.9252,20.9252,20.9788,20.9788,21.631,21.631,22.7245,22.7245,23.1065,23.1066,24.4843,24.4877,24.9461,24.9716
3.7767397423365607,-64.5271,-64.5271,-64.5264,-64.5263,-64.4872,-64.4871,-64.4871,-64.4871,-64.4865,-64.4864,-64.4864,-64.4863,-64.4284,-64.4284,-64.4283,-64.4283,-64.341,-64.341,-10.2625,-10.2625,-8.2602,-8.2602,-6.8705,-6.8705,-1.5722,-1.5722,-1.2146,-1.2146,-0.6173,-0.6173,0.0445,0.0445,0.3051,0.3051,0.7394,0.7394,0.843,0.843,1.591,1.591,2.336,2.336,2.4489,2.4489,2.46,2.46,2.4702,2.4703,2.6663,2.6664,2.6719,2.6719,2.7315,2.7316,2.7834,2.7835,2.7957,2.7957,3.0704,3.0704,3.2807,3.2807,3.5175,3.5176,3.8407,3.8407,4.2649,4.2649,4.5437,4.5437,6.946,6.946,8.1972,8.1972,8.7693,8.7693,9.4201,9.4201,9.8332,9.8332,11.6436,11.6436,12.1969,12.1969,12.7281,12.7281,14.0659,14.066,14.6919,14.6919,14.9912,14.9912,15.7284,15.7284,17.0939,17.0939,17.3092,17.3092,17.4651,17.4651,17.7131,17.7131,18.0638,18.0638,18.3715,18.3715,19.0869,19.0869,19.3768,19.3768,19.6385,19.6385,20.1564,20.1564,20.9328,20.9328,20.9824,20.9824,21.6265,21.6265,22.722,22.722,23.1159,23.1159,24.4823,24.4833,24.9431,24.9774
3.7865907149598597,-64.5271,-64.5271,-64.5263,-64.5263,-64.4872,-64.4871,-64.4871,-64.487,-64.4865,-64.4864,-64.4864,-64.4863,-64.4284,-64.4283,-64.4283,-64.4282,-64.341,-64.3409,-10.2622,-10.2622,-8.2599,-8.2599,-6.8703,-6.8703,-1.5711,-1.5711,-1.2137,-1.2137,-0.6167,-0.6167,0.0434,0.0434,0.3036,0.3036,0.7401,0.7401,0.8419,0.842,1.5904,1.5904,2.3336,2.3336,2.447,2.447,2.4638,2.4638,2.4702,2.4703,2.6653,2.6653,2.6718,2.6718,2.7301,2.7301,2.7823,2.7823,2.7989,2.7989,3.0684,3.0684,3.2803,3.2803,3.5178,3.5178,3.8374,3.8374,4.2649,4.265,4.5407,4.5407,6.9476,6.9476,8.2023,8.2023,8.7744,8.7744,9.424,9.424,9.8364,9.8364,11.6467,11.6467,12.1934,12.1934,12.7279,12.7279,14.059,14.059,14.6868,14.6868,14.991,14.991,15.7302,15.7302,17.0987,17.0987,17.2687,17.2688,17.4896,17.4896,17.7006,17.7006,18.0765,18.0765,18.3848,18.3848,19.0602,19.0602,19.3834,19.3834,19.6419,19.6419,20.1685,20.1685,20.9446,20.9446,20.9888,20.9888,21.6193,21.6193,22.7181,22.7181,23.1311,23.1311,24.4807,24.4824,24.9379,24.9582
3.7964416875831586,-64.5271,-64.5271,-64.5263,-64.5263,-64.4872,-64.4871,-64.4871,-64.487,-64.4865,-64.4864,-64.4864,-64.4863,-64.4284,-64.4283,-64.4283,-64.4282,-64.341,-64.3409,-10.2619,-10.2619,-8.2595,-8.2595,-6.8699,-6.8699,-1.5695,-1.5695,-1.2124,-1.2124,-0.616,-0.616,0.0419,0.0419,0.3014,0.3014,0.741,0.741,0.8405,0.8405,1.5895,1.5895,2.3303,2.3303,2.4451,2.4451,2.4678,2.4678,2.4707,2.4707,2.6639,2.664,2.6716,2.6716,2.7281,2.7281,2.7818,2.7818,2.8023,2.8023,3.0656,3.0656,3.2796,3.2796,3.518,3.518,3.8329,3.8329,4.2649,4.2649,4.5365,4.5365,6.9499,6.9499,8.2094,8.2094,8.7816,8.7816,9.4294,9.4294,9.8407,9.8407,11.651,11.651,12.1886,12.1886,12.7275,12.7275,14.0494,14.0494,14.6798,14.6798,14.9906,14.9906,15.7328,15.7328,17.1024,17.1024,17.2324,17.2324,17.4979,17.498,17.6963,17.6963,18.0896,18.0896,18.4034,18.4034,19.0299,19.0299,19.3812,19.3812,19.6531,19.6531,20.1845,20.1845,20.9591,20.9591,20.9989,20.9989,21.6098,21.6098,22.713,22.713,23.1515,23.1515,24.4771,24.4791,24.9328,25.0068
3.8062926602064575,-64.5271,-64.5271,-64.5264,-64.5263,-64.4872,-64.4871,-64.4871,-64.4871,-64.4865,-64.4864,-64.4864,-64.4864,-64.4284,-64.4283,-64.4283,-64.4282,-64.341,-64.3409,-10.2616,-10.2616,-8.2589,-8.2589,-6.8694,-6.8694,-1.5674,-1.5674,-1.2107,-1.2107,-0.6151,-0.6151,0.0399,0.0399,0.2987,0.2987,0.7422,0.7422,0.8387,0.8387,1.5883,1.5883,2.3263,2.3263,2.4432,2.4432,2.4692,2.4692,2.4741,2.4741,2.6623,2.6624,2.6711,2.6711,2.7254,2.7254,2.7819,2.7819,2.8058,2.8058,3.062,3.062,3.2788,3.2788,3.5183,3.5183,3.8271,3.8271,4.2647,4.2648,4.5313,4.5313,6.9528,6.9528,8.2183,8.2183,8.7908,8.7908,9.4363,9.4363,9.8463,9.8463,11.6565,11.6565,12.1827,12.1827,12.7268,12.7268,14.0371,14.0372,14.6709,14.6709,14.99,14.99,15.7359,15.7359,17.099,17.099,17.2059,17.2059,17.4861,17.4861,17.7057,17.7057,18.1013,18.1013,18.4268,18.4268,18.999,18.999,19.3671,19.3671,19.6738,19.6738,20.2037,20.2037,20.9741,20.9741,21.0143,21.0143,21.5986,21.5986,22.7071,22.7071,23.1766,23.1766,24.4737,24.4867,24.925,24.9825
3.816143649379397,-64.5272,-64.5271,-64.5264,-64.5263,-64.4872,-64.4871,-64.4871,-64.4871,-64.4865,-64.4865,-64.4864,-64.4864,-64.4284,-64.4284,-64.4283,-64.4282,-64.341,-64.3409,-10.2611,-10.2611,-8.2583,-8.2582,-6.8689,-6.8689,-1.5649,-1.5649,-1.2087,-1.2087,-0.6139,-0.6139,0.0374,0.0374,0.2954,0.2954,0.7437,0.7437,0.8364,0.8364,1.5869,1.5869,2.3217,2.3218,2.4411,2.4411,2.4691,2.4692,2.4794,2.4795,2.6606,2.6606,2.6704,2.6704,2.7223,2.7223,2.7827,2.7827,2.8094,2.8094,3.0578,3.0578,3.2778,3.2779,3.5185,3.5185,3.8201,3.8201,4.2644,4.2644,4.5251,4.5251,6.9563,6.9563,8.229,8.229,8.802,8.802,9.4448,9.4448,9.8532,9.8532,11.6632,11.6632,12.1758,12.1758,12.726,12.726,14.0224,14.0224,14.6602,14.6602,14.9891,14.9891,15.7395,15.7396,17.081,17.081,17.1965,17.1965,17.4585,17.4585,17.7259,17.7259,18.1107,18.1107,18.4542,18.4542,18.9695,18.9695,19.3421,19.3421,19.7027,19.7027,20.2256,20.2256,20.9875,20.9875,21.0359,21.0359,21.5865,21.5865,22.7005,22.7005,23.2056,23.2056,24.4697,24.4749,24.9155,24.996
3.8259946220026957,-64.5272,-64.5271,-64.5264,-64.5264,-64.4872,-64.4871,-64.4871,-64.4871,-64.4866,-64.4866,-64.4864,-64.4864,-64.4284,-64.4284,-64.4283,-64.4282,-64.341,-64.3409,-10.2605,-10.2605,-8.2575,-8.2575,-6.8682,-6.8682,-1.5619,-1.5619,-1.2063,-1.2063,-0.6126,-0.6126,0.0344,0.0344,0.2917,0.2917,0.7454,0.7454,0.8337,0.8337,1.5852,1.5852,2.3167,2.3167,2.4389,2.4389,2.4689,2.469,2.4853,2.4854,2.6587,2.6587,2.6694,2.6694,2.7187,2.7187,2.7841,2.7841,2.813,2.813,3.0529,3.0529,3.2767,3.2768,3.5187,3.5187,3.812,3.812,4.2638,4.2638,4.5181,4.5181,6.9604,6.9604,8.2414,8.2414,8.815,8.8151,9.4549,9.4549,9.8613,9.8613,11.671,11.671,12.1679,12.1679,12.7248,12.7248,14.0053,14.0053,14.6479,14.6479,14.988,14.988,15.7436,15.7436,17.0502,17.0502,17.201,17.201,17.4226,17.4226,17.7506,17.7506,18.1179,18.1179,18.4843,18.4843,18.9433,18.9433,19.3089,19.3089,19.737,19.737,20.2499,20.2499,20.9994,20.9994,21.0629,21.0629,21.5743,21.5743,22.6935,22.6935,23.238,23.238,24.4651,24.4654,24.9003,24.908
3.8358455946259946,-64.5272,-64.5271,-64.5265,-64.5264,-64.4872,-64.4871,-64.4871,-64.4871,-64.4866,-64.4866,-64.4865,-64.4864,-64.4284,-64.4284,-64.4283,-64.4282,-64.341,-64.3409,-10.2599,-10.2599,-8.2566,-8.2565,-6.8675,-6.8675,-1.5585,-1.5585,-1.2035,-1.2035,-0.6111,-0.6111,0.0308,0.0308,0.2874,0.2874,0.7474,0.7474,0.8306,0.8307,1.5833,1.5833,2.3113,2.3113,2.4365,2.4365,2.4687,2.4687,2.4916,2.4916,2.6566,2.6566,2.6682,2.6682,2.7149,2.7149,2.786,2.7861,2.8166,2.8167,3.0474,3.0474,3.2755,3.2756,3.5188,3.5189,3.8028,3.8028,4.2627,4.2627,4.5105,4.5105,6.965,6.965,8.2553,8.2553,8.8301,8.8301,9.4665,9.4665,9.8708,9.8708,11.6799,11.6799,12.1594,12.1594,12.7233,12.7233,13.986,13.986,14.6341,14.6341,14.9863,14.9863,15.7479,15.7479,17.0136,17.0136,17.2095,17.2095,17.3858,17.3858,17.7754,17.7754,18.1233,18.1233,18.5155,18.5155,18.9217,18.9217,19.2706,19.2706,19.7741,19.7741,20.2765,20.2765,21.0101,21.0101,21.0933,21.0933,21.563,21.563,22.6861,22.6861,23.2732,23.2732,24.4606,24.4646,24.8938,24.9372
3.8456965672492935,-64.5271,-64.5271,-64.5264,-64.5264,-64.4871,-64.4871,-64.4871,-64.4871,-64.4866,-64.4865,-64.4864,-64.4864,-64.4284,-64.4284,-64.4283,-64.4282,-64.341,-64.3409,-10.2592,-10.2592,-8.2555,-8.2555,-6.8666,-6.8666,-1.5546,-1.5546,-1.2004,-1.2004,-0.6093,-0.6093,0.0266,0.0266,0.2828,0.2828,0.7497,0.7497,0.8272,0.8272,1.5811,1.5811,2.3056,2.3056,2.4338,2.4338,2.4684,2.4684,2.4982,2.4982,2.6544,2.6544,2.6667,2.6667,2.711,2.711,2.7885,2.7885,2.8202,2.8203,3.0413,3.0414,3.2742,3.2742,3.5189,3.5189,3.7927,3.7927,4.2611,4.2612,4.5024,4.5024,6.9701,6.9701,8.2706,8.2706,8.847,8.847,9.4796,9.4796,9.8816,9.8816,11.6898,11.6898,12.1504,12.1504,12.7213,12.7213,13.9646,13.9646,14.619,14.619,14.9841,14.9841,15.7523,15.7523,16.975,16.975,17.2111,17.2111,17.3573,17.3573,17.7975,17.7975,18.1277,18.1277,18.546,18.546,18.9063,18.9063,19.2298,19.2298,19.812,19.812,20.3054,20.3054,21.02,21.02,21.1259,21.1259,21.5537,21.5537,22.6783,22.6783,23.3107,23.3107,24.4559,24.4571,24.8739,24.9061
3.855547539872592,-64.5271,-64.5271,-64.5264,-64.5263,-64.4871,-64.4871,-64.4871,-64.4871,-64.4865,-64.4865,-64.4864,-64.4864,-64.4284,-64.4283,-64.4283,-64.4282,-64.341,-64.3409,-10.2584,-10.2584,-8.2544,-8.2544,-6.8657,-6.8657,-1.5503,-1.5503,-1.197,-1.197,-0.6075,-0.6075,0.0218,0.0218,0.2778,0.2778,0.7522,0.7522,0.8234,0.8234,1.5787,1.5787,2.2997,2.2997,2.4308,2.4309,2.468,2.468,2.505,2.505,2.6519,2.6519,2.6649,2.6649,2.707,2.7071,2.7914,2.7914,2.8238,2.8238,3.0349,3.0349,3.2728,3.2728,3.5188,3.5188,3.7817,3.7817,4.2589,4.2589,4.494,4.494,6.9756,6.9756,8.287,8.287,8.8658,8.8658,9.4942,9.4942,9.8938,9.8938,11.7005,11.7005,12.1412,12.1412,12.7189,12.7189,13.9413,13.9413,14.6028,14.6028,14.9813,14.9813,15.7567,15.7567,16.9361,16.9361,17.1939,17.1939,17.3483,17.3483,17.8151,17.8151,18.1321,18.1321,18.5734,18.5734,18.8985,18.8985,19.1886,19.1886,19.8495,19.8495,20.3366,20.3366,21.0289,21.0289,21.1595,21.1595,21.5476,21.5476,22.6703,22.6703,23.35,23.35,24.4514,24.452,24.8593,24.8699
3.8653985124959096,-64.5271,-64.5271,-64.5264,-64.5264,-64.4871,-64.4871,-64.4871,-64.4871,-64.4866,-64.4866,-64.4864,-64.4864,-64.4284,-64.4283,-64.4283,-64.4282,-64.341,-64.3409,-10.2575,-10.2575,-8.2532,-8.2531,-6.8646,-6.8646,-1.5455,-1.5455,-1.1932,-1.1932,-0.6054,-0.6054,0.0163,0.0163,0.2725,0.2725,0.7549,0.7549,0.8192,0.8192,1.576,1.576,2.2936,2.2936,2.4276,2.4276,2.4675,2.4676,2.5119,2.512,2.6492,2.6492,2.6629,2.6629,2.7032,2.7032,2.7946,2.7946,2.8273,2.8273,3.028,3.028,3.2713,3.2713,3.5185,3.5185,3.7698,3.7698,4.2557,4.2557,4.4855,4.4855,6.9816,6.9816,8.3044,8.3044,8.8864,8.8864,9.5101,9.5101,9.9074,9.9074,11.712,11.712,12.132,12.132,12.716,12.716,13.9162,13.9162,14.5857,14.5857,14.9775,14.9775,15.7608,15.7608,16.8975,16.8975,17.1571,17.1571,17.3593,17.3593,17.827,17.827,18.1374,18.1374,18.5952,18.5952,18.8995,18.8995,19.1497,19.1497,19.8853,19.8853,20.3702,20.3702,21.0364,21.0364,21.1933,21.1933,21.5459,21.5459,22.6619,22.6619,23.3908,23.3909,24.4478,24.449,24.8518,24.8542
3.8752494851192085,-64.5271,-64.5271,-64.5264,-64.5264,-64.4871,-64.4871,-64.4871,-64.4871,-64.4866,-64.4866,-64.4864,-64.4864,-64.4284,-64.4283,-64.4283,-64.4282,-64.341,-64.3409,-10.2565,-10.2565,-8.2518,-8.2518,-6.8635,-6.8635,-1.5403,-1.5403,-1.189,-1.189,-0.6032,-0.6032,0.01,0.01,0.267,0.267,0.7579,0.7579,0.8147,0.8147,1.573,1.573,2.2874,2.2874,2.4241,2.4241,2.467,2.467,2.519,2.5191,2.6462,2.6462,2.6607,2.6608,2.6996,2.6996,2.7981,2.7981,2.8308,2.8308,3.0207,3.0207,3.2696,3.2696,3.5179,3.5179,3.7573,3.7573,4.2515,4.2516,4.4772,4.4772,6.9879,6.9879,8.3224,8.3224,8.9091,8.9091,9.5274,9.5274,9.9226,9.9226,11.7239,11.7239,12.1231,12.1231,12.7126,12.7126,13.8894,13.8894,14.5679,14.5679,14.9729,14.9729,15.7647,15.7647,16.8595,16.8595,17.1095,17.1095,17.3808,17.3808,17.8329,17.8329,18.1445,18.1445,18.6084,18.6084,18.9102,18.9102,19.1156,19.1156,19.9188,19.9188,20.4061,20.4061,21.0424,21.0424,21.2265,21.2265,21.5493,21.5493,22.6532,22.6532,23.4326,23.4326,24.4438,24.4446,24.8274,24.8325
3.8851004577425075,-64.5271,-64.5271,-64.5264,-64.5264,-64.4871,-64.4871,-64.4871,-64.487,-64.4866,-64.4865,-64.4864,-64.4864,-64.4284,-64.4283,-64.4283,-64.4282,-64.341,-64.3409,-10.2555,-10.2555,-8.2503,-8.2503,-6.8623,-6.8623,-1.5346,-1.5346,-1.1845,-1.1845,-0.6008,-0.6008,0.003,0.003,0.2614,0.2614,0.761,0.761,0.8098,0.8099,1.5698,1.5698,2.281,2.2811,2.4203,2.4203,2.4663,2.4663,2.5262,2.5262,2.6428,2.6428,2.6585,2.6585,2.6964,2.6964,2.8018,2.8018,2.8342,2.8342,3.0133,3.0133,3.2679,3.2679,3.5171,3.5171,3.7441,3.7441,4.2462,4.2462,4.4694,4.4694,6.9946,6.9946,8.3409,8.3409,8.9337,8.9337,9.5458,9.5459,9.9394,9.9394,11.7362,11.7362,12.115,12.115,12.7085,12.7085,13.8612,13.8612,14.5496,14.5496,14.9671,14.9671,15.768,15.768,16.8222,16.8222,17.057,17.057,17.4065,17.4065,17.8333,17.8333,18.154,18.154,18.6106,18.6106,18.9303,18.9303,19.0892,19.0892,19.9493,19.9493,20.4442,20.4442,21.0469,21.0469,21.2588,21.2588,21.5586,21.5586,22.644,22.644,23.4753,23.4754,24.441,24.4457,24.8113,24.8831
3.894951430365806,-64.5271,-64.5271,-64.5265,-64.5264,-64.4871,-64.4871,-64.4871,-64.4871,-64.4866,-64.4866,-64.4865,-64.4864,-64.4284,-64.4283,-64.4283,-64.4282,-64.341,-64.3409,-10.2544,-10.2544,-8.2488,-8.2488,-6.861,-6.861,-1.5285,-1.5285,-1.1797,-1.1797,-0.5983,-0.5983,-0.0049,-0.0049,0.2557,0.2557,0.7643,0.7643,0.8048,0.8048,1.5664,1.5664,2.2746,2.2747,2.4162,2.4162,2.4654,2.4654,2.5333,2.5333,2.639,2.639,2.6562,2.6562,2.6935,2.6935,2.8058,2.8058,2.8375,2.8376,3.0056,3.0056,3.266,3.266,3.5159,3.5159,3.7303,3.7304,4.2395,4.2395,4.4621,4.4621,7.0015,7.0015,8.3595,8.3595,8.9603,8.9603,9.5653,9.5653,9.9579,9.9579,11.7485,11.7485,12.1079,12.1079,12.7039,12.7039,13.8317,13.8317,14.5311,14.5311,14.9601,14.9601,15.7707,15.7707,16.7857,16.7857,17.0019,17.0019,17.4325,17.4325,17.8297,17.8297,18.166,18.166,18.6003,18.6003,18.9583,18.9583,19.0735,19.0735,19.9763,19.9763,20.4842,20.4842,21.0502,21.0502,21.29,21.29,21.5737,21.5737,22.6344,22.6345,23.5183,23.5184,24.4389,24.4392,24.793,24.798
3.904802402989105,-64.5271,-64.527,-64.5265,-64.5264,-64.4871,-64.4871,-64.487,-64.487,-64.4867,-64.4866,-64.4865,-64.4864,-64.4283,-64.4283,-64.4283,-64.4282,-64.341,-64.3409,-10.2533,-10.2533,-8.2471,-8.2471,-6.8596,-6.8596,-1.5219,-1.5219,-1.1745,-1.1745,-0.5956,-0.5956,-0.0136,-0.0136,0.2499,0.2499,0.7675,0.7675,0.7996,0.7996,1.5626,1.5626,2.2682,2.2682,2.4119,2.4119,2.4643,2.4643,2.5404,2.5404,2.6348,2.6348,2.6541,2.6541,2.6911,2.6911,2.81,2.81,2.8409,2.8409,2.9978,2.9978,3.264,3.264,3.5144,3.5144,3.7162,3.7162,4.2314,4.2314,4.4556,4.4556,7.0088,7.0088,8.378,8.378,8.9891,8.9891,9.5855,9.5855,9.9784,9.9784,11.7603,11.7603,12.1025,12.1025,12.6987,12.6987,13.8011,13.8011,14.5125,14.5125,14.9518,14.9518,15.7725,15.7725,16.7499,16.7499,16.9456,16.9456,17.4557,17.4557,17.8246,17.8246,18.1808,18.1808,18.5777,18.5777,18.9913,18.9913,19.0708,19.0708,19.9998,19.9998,20.5255,20.5255,21.053,21.053,21.3201,21.3201,21.5942,21.5942,22.6245,22.6245,23.5616,23.5617,24.4382,24.439,24.7761,24.7903
3.9146533921620446,-64.5271,-64.527,-64.5265,-64.5264,-64.4871,-64.4871,-64.487,-64.487,-64.4866,-64.4866,-64.4865,-64.4865,-64.4283,-64.4283,-64.4282,-64.4282,-64.341,-64.3409,-10.252,-10.252,-8.2454,-8.2454,-6.8581,-6.8581,-1.5149,-1.5149,-1.1691,-1.1691,-0.5928,-0.5928,-0.0233,-0.0233,0.2442,0.2442,0.7703,0.7703,0.7948,0.7948,1.5586,1.5587,2.2617,2.2617,2.4073,2.4073,2.463,2.463,2.5472,2.5472,2.6302,2.6303,2.6521,2.6521,2.6891,2.6891,2.8143,2.8143,2.8441,2.8441,2.9899,2.9899,3.2618,3.2619,3.5124,3.5124,3.7018,3.7018,4.2218,4.2218,4.4501,4.4501,7.0162,7.0162,8.3961,8.3961,9.0201,9.0201,9.6063,9.6063,10.0008,10.0008,11.7712,11.7712,12.0991,12.0991,12.6928,12.6928,13.7695,13.7695,14.494,14.494,14.942,14.942,15.7735,15.7735,16.7147,16.7147,16.8888,16.8888,17.473,17.473,17.8215,17.8215,18.1981,18.1981,18.5443,18.5443,19.0247,19.0247,19.0837,19.0837,20.0196,20.0196,20.5673,20.5673,21.0565,21.0565,21.3494,21.3494,21.6191,21.6191,22.6141,22.6141,23.6049,23.6051,24.4382,24.4385,24.7561,24.7588
3.924504364785343,-64.5271,-64.527,-64.5265,-64.5264,-64.4871,-64.4871,-64.4871,-64.4871,-64.4866,-64.4866,-64.4865,-64.4865,-64.4283,-64.4283,-64.4283,-64.4283,-64.341,-64.3409,-10.2507,-10.2507,-8.2435,-8.2435,-6.8566,-6.8566,-1.5075,-1.5075,-1.1633,-1.1633,-0.5899,-0.5899,-0.0339,-0.0339,0.2385,0.2385,0.7717,0.7717,0.7913,0.7913,1.5544,1.5544,2.2552,2.2552,2.4024,2.4025,2.4613,2.4614,2.5537,2.5537,2.6256,2.6256,2.6503,2.6503,2.6875,2.6875,2.8188,2.8188,2.8473,2.8473,2.982,2.982,3.2595,3.2595,3.5099,3.51,3.6871,3.6871,4.2108,4.2109,4.4455,4.4455,7.0238,7.0238,8.4135,8.4135,9.0535,9.0535,9.6275,9.6275,10.0254,10.0254,11.7809,11.7809,12.0984,12.0984,12.6864,12.6864,13.7371,13.7371,14.4759,14.4759,14.9308,14.9308,15.7733,15.7733,16.68,16.68,16.8319,16.8319,17.481,17.4811,17.8242,17.8242,18.2178,18.2178,18.5025,18.5025,19.0538,19.0538,19.114,19.114,20.0355,20.0355,20.6087,20.6087,21.0621,21.0621,21.3783,21.3783,21.6475,21.6475,22.6034,22.6035,23.648,23.6488,24.4399,24.4465,24.7392,24.7993
3.934355337408642,-64.5271,-64.527,-64.5265,-64.5265,-64.4871,-64.4871,-64.4871,-64.4871,-64.4866,-64.4866,-64.4865,-64.4865,-64.4283,-64.4283,-64.4283,-64.4283,-64.341,-64.3409,-10.2494,-10.2494,-8.2416,-8.2416,-6.855,-6.855,-1.4997,-1.4997,-1.1573,-1.1572,-0.587,-0.587,-0.0455,-0.0455,0.2331,0.2331,0.77,0.77,0.7908,0.7908,1.5499,1.5499,2.2488,2.2488,2.3974,2.3974,2.4594,2.4594,2.5595,2.5596,2.6212,2.6212,2.6487,2.6487,2.6863,2.6863,2.8233,2.8233,2.8504,2.8504,2.9742,2.9742,3.257,3.257,3.507,3.507,3.6724,3.6724,4.1985,4.1985,4.4419,4.4419,7.0316,7.0316,8.43,8.43,9.0892,9.0892,9.6487,9.6487,10.0523,10.0523,11.7887,11.7887,12.1007,12.1007,12.6793,12.6793,13.7041,13.7041,14.4583,14.4583,14.918,14.918,15.772,15.772,16.6454,16.6454,16.7754,16.7754,17.4775,17.4775,17.8356,17.8356,18.2395,18.2395,18.455,18.455,19.0802,19.0802,19.1574,19.1574,20.0479,20.0479,20.6485,20.6485,21.0713,21.0713,21.4068,21.4068,21.6781,21.6781,22.5926,22.5926,23.6908,23.6909,24.4422,24.454,24.7314,24.7365
3.944206310031941,-64.5271,-64.527,-64.5265,-64.5264,-64.4871,-64.4871,-64.4871,-64.4871,-64.4866,-64.4866,-64.4865,-64.4865,-64.4283,-64.4283,-64.4283,-64.4282,-64.341,-64.3409,-10.248,-10.248,-8.2396,-8.2396,-6.8533,-6.8533,-1.4914,-1.4914,-1.1509,-1.1509,-0.5839,-0.5839,-0.058,-0.058,0.2278,0.2278,0.7653,0.7653,0.7933,0.7933,1.5451,1.5451,2.2423,2.2423,2.3922,2.3922,2.4571,2.4571,2.5643,2.5644,2.6174,2.6175,2.6473,2.6473,2.6855,2.6855,2.828,2.828,2.8535,2.8535,2.9664,2.9664,3.2544,3.2544,3.5034,3.5034,3.6577,3.6577,4.185,4.185,4.4393,4.4393,7.0395,7.0395,8.4455,8.4455,9.1273,9.1274,9.6697,9.6697,10.0815,10.0815,11.7944,11.7944,12.1065,12.1065,12.6718,12.6718,13.6707,13.6707,14.4414,14.4414,14.9036,14.9036,15.7694,15.7694,16.6105,16.6105,16.7198,16.7198,17.4621,17.4621,17.8563,17.8563,18.2619,18.2619,18.4052,18.4052,19.1074,19.1074,19.2075,19.2075,20.0566,20.0566,20.6856,20.6856,21.0858,21.0858,21.4353,21.4353,21.7099,21.7099,22.5817,22.5818,23.7328,23.7333,24.4462,24.4466,24.6968,24.7119
3.9540572826552394,-64.5271,-64.527,-64.5265,-64.5265,-64.4871,-64.4871,-64.4871,-64.487,-64.4866,-64.4866,-64.4866,-64.4865,-64.4283,-64.4283,-64.4283,-64.4283,-64.341,-64.3409,-10.2465,-10.2465,-8.2375,-8.2375,-6.8516,-6.8516,-1.4827,-1.4827,-1.1442,-1.1442,-0.5808,-0.5808,-0.0716,-0.0716,0.2227,0.2227,0.7589,0.7589,0.7975,0.7975,1.5401,1.5401,2.2359,2.2359,2.3867,2.3868,2.4544,2.4544,2.5675,2.5675,2.615,2.6151,2.6462,2.6462,2.6851,2.6851,2.8327,2.8327,2.8566,2.8566,2.9587,2.9587,3.2515,3.2515,3.4992,3.4992,3.6431,3.6431,4.1705,4.1705,4.4374,4.4374,7.0474,7.0474,8.4596,8.4596,9.168,9.168,9.6903,9.6903,10.1133,10.1133,11.7978,11.7978,12.1157,12.1157,12.6637,12.6637,13.6371,13.6371,14.4252,14.4252,14.8877,14.8877,15.7653,15.7653,16.5747,16.5747,16.6658,16.6658,17.4364,17.4365,17.8848,17.8848,18.2785,18.2785,18.3615,18.3615,19.1363,19.1363,19.2615,19.2615,20.0621,20.0621,20.7189,20.7189,21.1068,21.1068,21.4637,21.4637,21.742,21.742,22.5711,22.5711,23.7742,23.7746,24.4513,24.4551,24.6749,24.6838
3.9639082552785383,-64.5271,-64.527,-64.5265,-64.5265,-64.4871,-64.4871,-64.487,-64.487,-64.4866,-64.4866,-64.4865,-64.4865,-64.4284,-64.4284,-64.4283,-64.4282,-64.341,-64.3409,-10.245,-10.245,-8.2354,-8.2353,-6.8498,-6.8498,-1.4736,-1.4736,-1.1373,-1.1373,-0.5776,-0.5776,-0.0861,-0.0861,0.2179,0.2179,0.7516,0.7516,0.8025,0.8025,1.5348,1.5348,2.2295,2.2295,2.3811,2.3812,2.4513,2.4513,2.5683,2.5684,2.6146,2.6146,2.6453,2.6453,2.6851,2.6852,2.8376,2.8376,2.8596,2.8596,2.9512,2.9512,3.2483,3.2484,3.4943,3.4943,3.6287,3.6287,4.1552,4.1552,4.4363,4.4363,7.0554,7.0554,8.4724,8.4724,9.2111,9.2111,9.7103,9.7103,10.1474,10.1474,11.7989,11.7989,12.1284,12.1284,12.6551,12.6551,13.6036,13.6036,14.4101,14.4101,14.8703,14.8703,15.7598,15.7598,16.537,16.537,16.6146,16.6146,17.403,17.403,17.9183,17.9183,18.2624,18.2624,18.3525,18.3525,19.1664,19.1664,19.3182,19.3182,20.0646,20.0646,20.7478,20.7478,21.1351,21.1351,21.4919,21.4919,21.7736,21.7736,22.5609,22.5609,23.8145,23.8157,24.4578,24.4634,24.6554,24.7606
3.9737592279018368,-64.5271,-64.527,-64.5265,-64.5265,-64.4871,-64.4871,-64.487,-64.487,-64.4866,-64.4866,-64.4865,-64.4865,-64.4284,-64.4284,-64.4283,-64.4282,-64.341,-64.3409,-10.2435,-10.2435,-8.2331,-8.2331,-6.8479,-6.8479,-1.4641,-1.4641,-1.1302,-1.1302,-0.5744,-0.5744,-0.1016,-0.1016,0.2134,0.2134,0.7437,0.7437,0.808,0.808,1.5292,1.5292,2.2232,2.2232,2.3754,2.3754,2.4477,2.4478,2.5667,2.5668,2.6164,2.6164,2.6447,2.6447,2.6856,2.6856,2.8424,2.8424,2.8626,2.8627,2.9439,2.9439,3.2449,3.245,3.4887,3.4887,3.6147,3.6147,4.1393,4.1393,4.4358,4.4359,7.0635,7.0635,8.4837,8.4837,9.2566,9.2566,9.7296,9.7296,10.184,10.184,11.7982,11.7982,12.144,12.144,12.6462,12.6462,13.5704,13.5704,14.3959,14.3959,14.8514,14.8514,15.7527,15.7527,16.4961,16.4961,16.5673,16.5673,17.3638,17.3638,17.9531,17.9531,18.2177,18.2177,18.3771,18.3771,19.197,19.197,19.3768,19.3768,20.0646,20.0646,20.7724,20.7724,21.1707,21.1707,21.52,21.52,21.8041,21.8041,22.5516,22.5516,23.8538,23.8539,24.4643,24.4663,24.6311,24.6363
3.9836102005251353,-64.5271,-64.5271,-64.5265,-64.5265,-64.4872,-64.4871,-64.4871,-64.487,-64.4866,-64.4866,-64.4866,-64.4865,-64.4284,-64.4283,-64.4283,-64.4283,-64.341,-64.3409,-10.2419,-10.2419,-8.2309,-8.2308,-6.846,-6.846,-1.4541,-1.4541,-1.1227,-1.1227,-0.5712,-0.5712,-0.118,-0.118,0.2091,0.2091,0.7354,0.7354,0.814,0.814,1.5233,1.5233,2.2169,2.2169,2.3695,2.3696,2.4437,2.4438,2.5631,2.5632,2.6198,2.6198,2.6443,2.6443,2.6864,2.6864,2.8472,2.8472,2.8656,2.8657,2.9368,2.9368,3.2412,3.2413,3.4823,3.4824,3.6009,3.6009,4.123,4.123,4.4359,4.4359,7.0715,7.0715,8.4935,8.4935,9.3044,9.3044,9.7482,9.7482,10.2228,10.2228,11.7958,11.7958,12.1622,12.1622,12.6368,12.6368,13.5378,13.5378,14.3829,14.3829,14.8312,14.8312,15.744,15.744,16.4513,16.4513,16.5248,16.5248,17.3205,17.3206,17.9823,17.9823,18.1739,18.1739,18.4117,18.4117,19.2277,19.2277,19.4368,19.4368,20.0624,20.0624,20.7933,20.7933,21.2127,21.2127,21.5477,21.5477,21.8326,21.8326,22.5437,22.5437,23.8919,23.8922,24.4723,24.477,24.608,24.6124
3.993461173148434,-64.5271,-64.5271,-64.5266,-64.5265,-64.4872,-64.4871,-64.4871,-64.487,-64.4866,-64.4866,-64.4866,-64.4865,-64.4284,-64.4283,-64.4283,-64.4283,-64.341,-64.3409,-10.2402,-10.2402,-8.2285,-8.2285,-6.8441,-6.8441,-1.4438,-1.4438,-1.1151,-1.1151,-0.568,-0.568,-0.1353,-0.1353,0.2051,0.2051,0.7268,0.7268,0.8203,0.8203,1.5172,1.5172,2.2107,2.2107,2.3636,2.3636,2.4393,2.4394,2.5581,2.5582,2.6243,2.6243,2.6442,2.6443,2.6878,2.6878,2.852,2.852,2.8687,2.8687,2.93,2.93,3.2372,3.2373,3.4753,3.4753,3.5876,3.5876,4.1065,4.1065,4.4364,4.4364,7.0796,7.0796,8.5018,8.5018,9.3543,9.3543,9.7659,9.7659,10.2638,10.2638,11.7923,11.7923,12.1822,12.1822,12.6272,12.6272,13.5062,13.5062,14.3711,14.3711,14.8096,14.8096,15.7334,15.7334,16.4034,16.4034,16.4863,16.4863,17.2743,17.2743,17.9899,17.9899,18.1518,18.1518,18.4509,18.4509,19.2577,19.2577,19.4979,19.4979,20.0588,20.0588,20.8114,20.8114,21.26,21.26,21.5749,21.5749,21.8588,21.8588,22.5376,22.5377,23.9286,23.9288,24.4815,24.4837,24.5846,24.5884
4.003312145771733,-64.5271,-64.5271,-64.5266,-64.5265,-64.4872,-64.4871,-64.487,-64.487,-64.4866,-64.4866,-64.4866,-64.4865,-64.4283,-64.4283,-64.4283,-64.4283,-64.341,-64.3409,-10.2386,-10.2386,-8.2261,-8.2261,-6.8421,-6.8421,-1.4331,-1.4331,-1.1072,-1.1072,-0.5648,-0.5648,-0.1534,-0.1534,0.2013,0.2013,0.7179,0.7179,0.827,0.827,1.5108,1.5108,2.2046,2.2046,2.3576,2.3576,2.4345,2.4346,2.5523,2.5523,2.6291,2.6292,2.6445,2.6445,2.6897,2.6897,2.8567,2.8567,2.8718,2.8718,2.9235,2.9235,3.2329,3.2329,3.4676,3.4677,3.5747,3.5747,4.09,4.09,4.4372,4.4372,7.0876,7.0876,8.5086,8.5086,9.4063,9.4063,9.7829,9.7829,10.3066,10.3066,11.7881,11.7881,12.2034,12.2034,12.6173,12.6173,13.4758,13.4758,14.3606,14.3606,14.7869,14.7869,15.721,15.721,16.3539,16.3539,16.4503,16.4503,17.2259,17.2259,17.9623,17.9623,18.1657,18.1657,18.4937,18.4937,19.2865,19.2865,19.5595,19.5595,20.0545,20.0545,20.8278,20.8278,21.3114,21.3114,21.6015,21.6015,21.8819,21.8819,22.5341,22.5341,23.9631,23.9635,24.4901,24.4923,24.5608,24.5663
4.013163118395031,-64.5271,-64.5271,-64.5266,-64.5265,-64.4872,-64.4871,-64.487,-64.487,-64.4867,-64.4867,-64.4866,-64.4866,-64.4284,-64.4284,-64.4283,-64.4283,-64.341,-64.341,-10.2369,-10.2369,-8.2237,-8.2237,-6.8401,-6.8401,-1.422,-1.422,-1.0992,-1.0992,-0.5617,-0.5617,-0.1724,-0.1724,0.1978,0.1978,0.7088,0.7088,0.834,0.834,1.5041,1.5041,2.1985,2.1985,2.3515,2.3515,2.4293,2.4294,2.5459,2.5459,2.634,2.634,2.6451,2.6451,2.6922,2.6922,2.8612,2.8612,2.875,2.875,2.9172,2.9172,3.2282,3.2282,3.4594,3.4594,3.5621,3.5622,4.0736,4.0737,4.4383,4.4384,7.0955,7.0955,8.514,8.514,9.46,9.46,9.7992,9.7992,10.351,10.351,11.7836,11.7836,12.225,12.225,12.6072,12.6072,13.4472,13.4472,14.3515,14.3515,14.7632,14.7632,15.7067,15.7067,16.304,16.304,16.4158,16.4158,17.176,17.176,17.9128,17.9128,18.2024,18.2024,18.5395,18.5395,19.3137,19.3137,19.6212,19.6212,20.0504,20.0504,20.8432,20.8432,21.3655,21.3655,21.6274,21.6274,21.9015,21.9015,22.5337,22.5337,23.9958,23.9986,24.4991,24.5195,24.5379,24.5819
4.023014107567971,-64.5271,-64.527,-64.5266,-64.5265,-64.4872,-64.4871,-64.487,-64.487,-64.4867,-64.4867,-64.4866,-64.4866,-64.4284,-64.4284,-64.4283,-64.4283,-64.341,-64.341,-10.2352,-10.2352,-8.2212,-8.2212,-6.8381,-6.8381,-1.4105,-1.4105,-1.0909,-1.0909,-0.5586,-0.5586,-0.1921,-0.1921,0.1945,0.1945,0.6994,0.6994,0.8413,0.8413,1.4972,1.4972,2.1925,2.1926,2.3454,2.3454,2.4238,2.4238,2.5392,2.5392,2.6386,2.6386,2.6461,2.6462,2.6953,2.6953,2.8655,2.8655,2.8784,2.8784,2.9115,2.9115,3.2232,3.2232,3.4507,3.4507,3.5499,3.5499,4.0576,4.0576,4.4397,4.4397,7.1034,7.1034,8.518,8.518,9.5152,9.5152,9.815,9.815,10.3968,10.3968,11.7793,11.7793,12.2464,12.2464,12.597,12.597,13.4208,13.4208,14.3437,14.3437,14.7386,14.7386,15.6904,15.6904,16.2545,16.2545,16.382,16.382,17.125,17.125,17.8552,17.8553,18.248,18.248,18.5883,18.5883,19.3388,19.3388,19.6824,19.6824,20.0475,20.0475,20.858,20.858,21.4214,21.4214,21.6523,21.6523,21.9173,21.9173,22.5369,22.537,24.026,24.0397,24.5053,24.5151,24.5189,24.5683
4.03286508019127,-64.5271,-64.527,-64.5266,-64.5266,-64.4871,-64.4871,-64.487,-64.487,-64.4867,-64.4867,-64.4866,-64.4866,-64.4284,-64.4284,-64.4283,-64.4283,-64.341,-64.341,-10.2334,-10.2334,-8.2187,-8.2187,-6.836,-6.836,-1.3987,-1.3987,-1.0825,-1.0825,-0.5557,-0.5557,-0.2124,-0.2124,0.1915,0.1915,0.6899,0.6899,0.8489,0.8489,1.4899,1.4899,2.1867,2.1867,2.3393,2.3393,2.418,2.418,2.5323,2.5323,2.6426,2.6426,2.6477,2.6477,2.6991,2.6991,2.8693,2.8693,2.8817,2.8817,2.9064,2.9064,3.2177,3.2177,3.4416,3.4416,3.5379,3.5379,4.0419,4.0419,4.4412,4.4412,7.1111,7.1111,8.5208,8.5208,9.5714,9.5714,9.8306,9.8306,10.4436,10.4436,11.7755,11.7755,12.2668,12.2668,12.5866,12.5866,13.3971,13.3971,14.3374,14.3374,14.7133,14.7133,15.672,15.672,16.2061,16.2061,16.3484,16.3484,17.0733,17.0733,17.7946,17.7946,18.2976,18.2976,18.6396,18.6396,19.3614,19.3614,19.742,19.742,20.0473,20.0473,20.8728,20.8728,21.4778,21.4778,21.6762,21.6762,21.9292,21.9292,22.5444,22.5444,24.053,24.0585,24.4881,24.4971,24.5214,24.5287
4.042716052814568,-64.5271,-64.527,-64.5266,-64.5266,-64.4871,-64.4871,-64.487,-64.487,-64.4867,-64.4867,-64.4866,-64.4866,-64.4284,-64.4284,-64.4283,-64.4283,-64.341,-64.341,-10.2317,-10.2317,-8.2162,-8.2162,-6.8339,-6.8339,-1.3865,-1.3865,-1.0739,-1.0739,-0.5528,-0.5528,-0.2334,-0.2334,0.1886,0.1886,0.6802,0.6802,0.8568,0.8568,1.4824,1.4824,2.1809,2.1809,2.3332,2.3332,2.4119,2.412,2.5252,2.5252,2.6456,2.6456,2.65,2.6501,2.7036,2.7037,2.8726,2.8726,2.8846,2.8846,2.9025,2.9025,3.2119,3.2119,3.4323,3.4324,3.5259,3.5259,4.0267,4.0267,4.4428,4.4429,7.1188,7.1188,8.5224,8.5224,9.628,9.628,9.8465,9.8465,10.491,10.491,11.7726,11.7726,12.2856,12.2856,12.5761,12.5761,13.3767,13.3767,14.3326,14.3326,14.6874,14.6874,15.6515,15.6515,16.159,16.159,16.3148,16.3148,17.0212,17.0212,17.7328,17.7328,18.3492,18.3492,18.6934,18.6934,19.3811,19.3811,19.7987,19.7987,20.0517,20.0517,20.8876,20.8876,21.5336,21.5336,21.6991,21.6991,21.9377,21.9377,22.5563,22.5563,24.0753,24.0786,24.4686,24.4816,24.5328,24.5913
4.052567025437867,-64.5271,-64.527,-64.5267,-64.5266,-64.4871,-64.4871,-64.487,-64.487,-64.4868,-64.4867,-64.4866,-64.4866,-64.4284,-64.4284,-64.4283,-64.4283,-64.341,-64.341,-10.2299,-10.2299,-8.2137,-8.2137,-6.8318,-6.8318,-1.3739,-1.3739,-1.0652,-1.0652,-0.5501,-0.5501,-0.2549,-0.2549,0.186,0.186,0.6705,0.6705,0.865,0.865,1.4746,1.4746,2.1753,2.1753,2.3271,2.3271,2.4057,2.4057,2.5179,2.518,2.648,2.648,2.6528,2.6529,2.7088,2.7088,2.8753,2.8753,2.8859,2.8859,2.901,2.9011,3.2057,3.2057,3.423,3.423,3.514,3.514,4.0122,4.0122,4.4446,4.4446,7.1263,7.1263,8.5229,8.5229,9.684,9.684,9.8634,9.8634,10.5388,10.5388,11.7708,11.7708,12.3022,12.3022,12.5653,12.5653,13.3601,13.3601,14.3292,14.3292,14.6611,14.6611,15.6287,15.6287,16.1135,16.1135,16.2811,16.2811,16.9688,16.9688,17.6706,17.6706,18.4018,18.4018,18.7494,18.7494,19.3976,19.3976,19.8502,19.8502,20.0633,20.0633,20.9026,20.9026,21.5872,21.5872,21.7209,21.7209,21.9437,21.9437,22.5728,22.5728,24.093,24.0958,24.4507,24.4602,24.5356,24.5462
4.062417998061165,-64.5271,-64.527,-64.5266,-64.5266,-64.4871,-64.4871,-64.487,-64.487,-64.4868,-64.4867,-64.4866,-64.4866,-64.4284,-64.4283,-64.4283,-64.4283,-64.341,-64.3409,-10.2282,-10.2282,-8.2111,-8.2111,-6.8297,-6.8297,-1.361,-1.361,-1.0563,-1.0563,-0.5475,-0.5475,-0.277,-0.277,0.1835,0.1835,0.6607,0.6607,0.8734,0.8734,1.4665,1.4665,2.1698,2.1698,2.3212,2.3212,2.3993,2.3993,2.5106,2.5106,2.6502,2.6502,2.6557,2.6557,2.7145,2.7145,2.8767,2.8767,2.8854,2.8855,2.9029,2.903,3.1991,3.1991,3.4137,3.4137,3.5021,3.5021,3.9984,3.9984,4.4463,4.4464,7.1337,7.1337,8.5224,8.5224,9.7375,9.7375,9.883,9.883,10.5866,10.5866,11.7704,11.7704,12.3159,12.3159,12.5542,12.5542,13.3479,13.3479,14.3272,14.3272,14.6347,14.6347,15.6038,15.6038,16.0699,16.0699,16.2471,16.2471,16.9165,16.9165,17.6084,17.6084,18.4549,18.4549,18.8074,18.8074,19.4107,19.4107,19.8935,19.8935,20.0853,20.0853,20.9178,20.9178,21.6364,21.6364,21.7418,21.7418,21.9491,21.9491,22.5937,22.5937,24.1034,24.1047,24.4307,24.4509,24.5437,24.5951
4.072268970684482,-64.5271,-64.527,-64.5266,-64.5265,-64.4871,-64.4871,-64.487,-64.4869,-64.4867,-64.4867,-64.4866,-64.4866,-64.4283,-64.4283,-64.4283,-64.4283,-64.341,-64.3409,-10.2264,-10.2264,-8.2086,-8.2086,-6.8276,-6.8276,-1.3478,-1.3478,-1.0474,-1.0474,-0.5451,-0.5451,-0.2994,-0.2994,0.1813,0.1813,0.6509,0.6509,0.8822,0.8822,1.4582,1.4582,2.1644,2.1644,2.3153,2.3153,2.3928,2.3928,2.5032,2.5032,2.6524,2.6525,2.6583,2.6583,2.7207,2.7207,2.8757,2.8758,2.8855,2.8855,2.9069,2.9069,3.1922,3.1922,3.4046,3.4046,3.49,3.49,3.9853,3.9853,4.4482,4.4482,7.1409,7.1409,8.5211,8.5211,9.7852,9.7852,9.9084,9.9084,10.6342,10.6342,11.7717,11.7717,12.3264,12.3264,12.5426,12.5426,13.3407,13.3407,14.3266,14.3266,14.6084,14.6084,15.5768,15.5768,16.0283,16.0283,16.2127,16.2127,16.8644,16.8644,17.5466,17.5467,18.5081,18.5081,18.8671,18.8671,19.4205,19.4205,19.9269,19.9269,20.1197,20.1197,20.9333,20.9333,21.6783,21.6783,21.7617,21.7617,21.957,21.957,22.6187,22.6187,24.1062,24.1081,24.4189,24.4367,24.5525,24.5687
4.082119943307781,-64.5271,-64.527,-64.5266,-64.5266,-64.4872,-64.4871,-64.487,-64.4869,-64.4868,-64.4867,-64.4866,-64.4866,-64.4284,-64.4284,-64.4283,-64.4283,-64.341,-64.341,-10.2246,-10.2246,-8.2061,-8.206,-6.8255,-6.8255,-1.3342,-1.3342,-1.0384,-1.0384,-0.5429,-0.5429,-0.3223,-0.3223,0.1792,0.1792,0.6411,0.6411,0.8912,0.8912,1.4495,1.4495,2.1591,2.1591,2.3095,2.3095,2.3863,2.3863,2.4957,2.4958,2.6548,2.6548,2.6607,2.6607,2.7272,2.7272,2.8727,2.8728,2.8868,2.8868,2.9117,2.9118,3.1849,3.185,3.3956,3.3956,3.4777,3.4777,3.973,3.973,4.45,4.45,7.148,7.148,8.5189,8.5189,9.8229,9.8229,9.9435,9.9435,10.6812,10.6812,11.7749,11.7749,12.3334,12.3334,12.5302,12.5303,13.3387,13.3387,14.3272,14.3272,14.5825,14.5825,15.5477,15.5477,15.9888,15.9888,16.1779,16.1779,16.8127,16.8127,17.4854,17.4854,18.5612,18.5612,18.9282,18.9282,19.4271,19.4271,19.9518,19.9518,20.1647,20.1648,20.9491,20.9491,21.7097,21.7097,21.7792,21.7792,21.9717,21.9717,22.6476,22.6478,24.1003,24.1049,24.4146,24.4429,24.555,24.6127
4.091970915931079,-64.5271,-64.527,-64.5267,-64.5266,-64.4871,-64.4871,-64.487,-64.4869,-64.4868,-64.4867,-64.4867,-64.4866,-64.4284,-64.4283,-64.4283,-64.4283,-64.341,-64.3409,-10.2229,-10.2229,-8.2035,-8.2035,-6.8235,-6.8235,-1.3203,-1.3203,-1.0294,-1.0294,-0.541,-0.541,-0.3454,-0.3454,0.1772,0.1772,0.6313,0.6313,0.9005,0.9005,1.4406,1.4406,2.154,2.154,2.3039,2.3039,2.3797,2.3798,2.4883,2.4883,2.6572,2.6573,2.6628,2.6629,2.7341,2.7341,2.869,2.869,2.8887,2.8887,2.917,2.9171,3.1775,3.1775,3.3869,3.3869,3.4652,3.4652,3.9615,3.9615,4.4518,4.4518,7.1548,7.1548,8.5161,8.5161,9.8495,9.8495,9.9892,9.9892,10.7276,10.7276,11.7802,11.7802,12.3368,12.3368,12.5171,12.5171,13.3422,13.3422,14.3289,14.3289,14.5575,14.5575,15.5166,15.5166,15.9514,15.9514,16.1428,16.1428,16.7616,16.7616,17.4248,17.4248,18.6139,18.6139,18.9903,18.9903,19.431,19.431,19.9718,19.9718,20.2169,20.2169,20.9652,20.9652,21.7297,21.7297,21.7919,21.7919,21.9971,21.9971,22.6798,22.6799,24.0864,24.0887,24.4063,24.4116,24.5606,24.5643
4.101821888554378,-64.527,-64.527,-64.5266,-64.5266,-64.4871,-64.4871,-64.487,-64.4869,-64.4867,-64.4867,-64.4866,-64.4866,-64.4284,-64.4283,-64.4283,-64.4283,-64.341,-64.3409,-10.2212,-10.2212,-8.201,-8.201,-6.8214,-6.8214,-1.3061,-1.3061,-1.0203,-1.0203,-0.5393,-0.5393,-0.3686,-0.3686,0.1754,0.1754,0.6217,0.6217,0.91,0.91,1.4314,1.4314,2.1491,2.1491,2.2984,2.2984,2.3732,2.3733,2.4808,2.4808,2.6598,2.6599,2.6649,2.6649,2.7411,2.7411,2.8652,2.8652,2.8906,2.8907,2.9226,2.9226,3.1699,3.1699,3.3785,3.3786,3.4526,3.4526,3.9508,3.9508,4.4536,4.4537,7.1615,7.1615,8.5127,8.5127,9.8682,9.8682,10.0417,10.0417,10.7731,10.7731,11.7877,11.7877,12.3366,12.3366,12.5029,12.5029,13.3511,13.3511,14.3311,14.3311,14.5339,14.5339,15.4838,15.4838,15.9162,15.9162,16.1071,16.1071,16.7112,16.7112,17.3649,17.3649,18.6659,18.6659,19.0528,19.0528,19.4328,19.4328,19.9896,19.9896,20.2729,20.2729,20.9815,20.9815,21.7391,21.7391,21.7989,21.7989,22.0334,22.0334,22.715,22.7151,24.0655,24.0685,24.4045,24.5001,24.577,24.6301
4.111672861177676,-64.5271,-64.527,-64.5266,-64.5266,-64.4871,-64.4871,-64.487,-64.4869,-64.4867,-64.4867,-64.4866,-64.4866,-64.4284,-64.4283,-64.4283,-64.4283,-64.341,-64.3409,-10.2195,-10.2195,-8.1986,-8.1985,-6.8194,-6.8194,-1.2917,-1.2917,-1.0112,-1.0112,-0.538,-0.538,-0.392,-0.392,0.1737,0.1737,0.6122,0.6122,0.9198,0.9198,1.4219,1.4219,2.1443,2.1444,2.2931,2.2931,2.3668,2.3668,2.4734,2.4734,2.6625,2.6625,2.6667,2.6667,2.7483,2.7483,2.8614,2.8614,2.8926,2.8926,2.9282,2.9282,3.1622,3.1622,3.3704,3.3704,3.4398,3.4398,3.941,3.941,4.4554,4.4554,7.1679,7.1679,8.5087,8.5087,9.8825,9.8826,10.0972,10.0973,10.8176,10.8176,11.7975,11.7975,12.3329,12.3329,12.488,12.488,13.3651,13.3651,14.3332,14.3332,14.5126,14.5126,15.4495,15.4495,15.8831,15.8831,16.0711,16.0711,16.6618,16.6618,17.3059,17.3059,18.717,18.7171,19.1149,19.1149,19.4336,19.4336,20.0069,20.0069,20.3306,20.3306,20.9981,20.9981,21.7389,21.7389,21.8023,21.8023,22.0775,22.0775,22.7526,22.7527,24.0391,24.0442,24.403,24.4098,24.573,24.6031
4.121523850350616,-64.5271,-64.527,-64.5267,-64.5266,-64.4871,-64.4871,-64.487,-64.4869,-64.4868,-64.4867,-64.4867,-64.4866,-64.4284,-64.4283,-64.4283,-64.4283,-64.341,-64.3409,-10.2178,-10.2178,-8.1961,-8.1961,-6.8174,-6.8174,-1.277,-1.277,-1.0022,-1.0022,-0.5372,-0.5372,-0.4153,-0.4153,0.1722,0.1722,0.6028,0.6028,0.9298,0.9298,1.4122,1.4122,2.1397,2.1398,2.2879,2.288,2.3605,2.3605,2.466,2.466,2.6652,2.6653,2.6685,2.6685,2.7555,2.7556,2.8577,2.8577,2.8944,2.8945,2.9338,2.9339,3.1546,3.1546,3.3626,3.3626,3.4268,3.4268,3.9319,3.9319,4.4571,4.4572,7.1742,7.1742,8.5043,8.5044,9.8944,9.8944,10.1534,10.1534,10.8614,10.8614,11.8097,11.8097,12.3257,12.3257,12.4725,12.4725,13.384,13.384,14.3342,14.3342,14.4948,14.4948,15.4138,15.4138,15.8522,15.8522,16.0346,16.0346,16.6135,16.6135,17.2477,17.2477,18.767,18.767,19.1753,19.1753,19.435,19.435,20.0244,20.0244,20.3887,20.3887,21.015,21.015,21.731,21.731,21.804,21.804,22.1261,22.1261,22.7925,22.7928,24.0097,24.0264,24.3983,24.4161,24.5809,24.5994
4.131374822973915,-64.527,-64.5269,-64.5267,-64.5266,-64.4871,-64.487,-64.4869,-64.4869,-64.4868,-64.4868,-64.4867,-64.4867,-64.4283,-64.4283,-64.4283,-64.4283,-64.341,-64.3409,-10.2161,-10.2161,-8.1937,-8.1937,-6.8154,-6.8154,-1.262,-1.262,-0.9933,-0.9933,-0.537,-0.537,-0.4383,-0.4383,0.1707,0.1707,0.5937,0.5937,0.9401,0.9401,1.4022,1.4022,2.1353,2.1353,2.283,2.283,2.3543,2.3543,2.4587,2.4587,2.668,2.6681,2.6702,2.6702,2.7628,2.7628,2.8542,2.8542,2.8962,2.8962,2.9395,2.9395,3.147,3.147,3.3549,3.3549,3.4138,3.4138,3.9237,3.9237,4.4588,4.4588,7.1802,7.1802,8.4997,8.4997,9.9047,9.9047,10.2088,10.2088,10.9045,10.9045,11.8239,11.8239,12.3151,12.3151,12.457,12.457,13.4071,13.4071,14.3325,14.3325,14.4821,14.4821,15.3771,15.3771,15.8232,15.8232,15.9977,15.9977,16.5665,16.5665,17.1905,17.1905,18.8155,18.8155,19.2313,19.2313,19.4401,19.4401,20.0424,20.0424,20.4462,20.4462,21.0322,21.0322,21.7176,21.7176,21.8045,21.8045,22.1764,22.1764,22.834,22.8342,23.9784,23.9822,24.3894,24.4018,24.5813,24.5931
4.141225795597213,-64.527,-64.5269,-64.5267,-64.5266,-64.4871,-64.487,-64.4869,-64.4869,-64.4868,-64.4868,-64.4867,-64.4867,-64.4283,-64.4283,-64.4283,-64.4283,-64.341,-64.3409,-10.2145,-10.2145,-8.1914,-8.1914,-6.8135,-6.8135,-1.2469,-1.2469,-0.9844,-0.9844,-0.5377,-0.5377,-0.4607,-0.4607,0.1694,0.1694,0.5849,0.5849,0.9506,0.9506,1.392,1.392,2.1311,2.1311,2.2783,2.2783,2.3483,2.3483,2.4515,2.4515,2.6706,2.6707,2.672,2.672,2.7701,2.7701,2.8509,2.851,2.8978,2.8979,2.945,2.945,3.1398,3.1398,3.3474,3.3474,3.4009,3.4009,3.9161,3.9162,4.4605,4.4605,7.1859,7.1859,8.4947,8.4947,9.9139,9.9139,10.2623,10.2623,10.9473,10.9473,11.8402,11.8402,12.3012,12.3012,12.4418,12.4418,13.4338,13.4338,14.327,14.327,14.4758,14.4758,15.3397,15.3397,15.7961,15.7961,15.9606,15.9606,16.521,16.521,17.1342,17.1342,18.8621,18.8621,19.2784,19.2784,19.4535,19.4535,20.0608,20.0608,20.5024,20.5024,21.0498,21.0498,21.7012,21.7012,21.8033,21.8034,22.2266,22.2267,22.877,22.8771,23.9463,23.9466,24.3796,24.3975,24.5758,24.588
4.151076768220512,-64.527,-64.5269,-64.5267,-64.5266,-64.4871,-64.487,-64.4869,-64.4869,-64.4868,-64.4868,-64.4867,-64.4866,-64.4283,-64.4283,-64.4283,-64.4283,-64.341,-64.3409,-10.213,-10.213,-8.1891,-8.1891,-6.8117,-6.8117,-1.2315,-1.2315,-0.9757,-0.9757,-0.5401,-0.5401,-0.4815,-0.4815,0.1682,0.1682,0.5764,0.5764,0.9613,0.9613,1.3816,1.3816,2.1271,2.1271,2.2738,2.2738,2.3425,2.3425,2.4445,2.4445,2.6726,2.6727,2.6744,2.6744,2.7773,2.7773,2.8479,2.8479,2.8993,2.8994,2.9503,2.9503,3.1329,3.1329,3.3399,3.34,3.3883,3.3883,3.9093,3.9094,4.462,4.462,7.1914,7.1914,8.4896,8.4896,9.9223,9.9223,10.313,10.313,10.9901,10.9901,11.8579,11.8579,12.284,12.284,12.4276,12.4276,13.4634,13.4634,14.3173,14.3173,14.4765,14.4765,15.3017,15.3017,15.7709,15.7709,15.9234,15.9234,16.4773,16.4773,17.0789,17.0789,18.9066,18.9066,19.311,19.311,19.4811,19.4811,20.0797,20.0797,20.5569,20.5569,21.0677,21.0677,21.6833,21.6833,21.8003,21.8003,22.2756,22.2758,22.9209,22.9213,23.9149,23.9299,24.3638,24.382,24.5574,24.6034
4.16092774084381,-64.527,-64.5269,-64.5268,-64.5267,-64.4871,-64.487,-64.4869,-64.4869,-64.4868,-64.4868,-64.4867,-64.4867,-64.4284,-64.4284,-64.4283,-64.4283,-64.341,-64.341,-10.2114,-10.2114,-8.1869,-8.1869,-6.8099,-6.8099,-1.216,-1.216,-0.9672,-0.9672,-0.546,-0.546,-0.4991,-0.4991,0.1671,0.1671,0.5682,0.5682,0.9721,0.9721,1.3709,1.3709,2.1233,2.1233,2.2696,2.2696,2.3368,2.3368,2.4376,2.4376,2.6742,2.6742,2.6771,2.6771,2.7843,2.7844,2.8451,2.8451,2.9007,2.9007,2.9553,2.9553,3.1266,3.1266,3.3323,3.3323,3.376,3.376,3.9032,3.9032,4.4635,4.4635,7.1966,7.1966,8.4843,8.4843,9.93,9.93,10.3603,10.3603,11.0334,11.0334,11.8767,11.8767,12.2641,12.2641,12.4145,12.4145,13.4953,13.4953,14.3043,14.3043,14.4834,14.4834,15.2635,15.2635,15.7474,15.7474,15.8862,15.8862,16.4354,16.4355,17.0246,17.0246,18.9483,18.9483,19.3287,19.3287,19.5237,19.5237,20.0989,20.0989,20.609,20.6091,21.0857,21.0857,21.6654,21.6655,21.7953,21.7953,22.3219,22.322,22.9654,22.9656,23.8853,23.8884,24.3387,24.3625,24.5558,24.6129
4.170778713467109,-64.527,-64.5269,-64.5268,-64.5267,-64.487,-64.487,-64.4869,-64.4869,-64.4868,-64.4868,-64.4868,-64.4867,-64.4284,-64.4284,-64.4283,-64.4283,-64.341,-64.341,-10.21,-10.21,-8.1848,-8.1848,-6.8081,-6.8081,-1.2003,-1.2003,-0.9589,-0.9589,-0.5577,-0.5577,-0.5108,-0.5108,0.1662,0.1662,0.5604,0.5604,0.9832,0.9832,1.3601,1.3601,2.1197,2.1197,2.2656,2.2656,2.3314,2.3314,2.431,2.431,2.6756,2.6756,2.6799,2.6799,2.7913,2.7913,2.8427,2.8427,2.9019,2.9019,2.9599,2.96,3.121,3.121,3.3243,3.3243,3.3644,3.3644,3.8977,3.8977,4.4649,4.4649,7.2015,7.2015,8.4791,8.4791,9.9371,9.9371,10.4036,10.4036,11.0776,11.0776,11.8959,11.8959,12.2421,12.2421,12.4026,12.4026,13.5289,13.5289,14.2895,14.2895,14.4948,14.4948,15.2253,15.2253,15.7253,15.7253,15.8496,15.8496,16.3958,16.3958,16.9714,16.9714,18.9867,18.9867,19.3373,19.3373,19.5756,19.5756,20.1184,20.1184,20.6584,20.6584,21.1037,21.1037,21.6486,21.6486,21.7885,21.7885,22.3647,22.3647,23.0104,23.0108,23.8594,23.8601,24.3199,24.324,24.5536,24.6093
4.180629686090407,-64.527,-64.5269,-64.5268,-64.5267,-64.487,-64.487,-64.4869,-64.4869,-64.4869,-64.4868,-64.4868,-64.4868,-64.4284,-64.4284,-64.4283,-64.4283,-64.341,-64.341,-10.2086,-10.2086,-8.1828,-8.1827,-6.8065,-6.8065,-1.1846,-1.1846,-0.9508,-0.9508,-0.5749,-0.5749,-0.5171,-0.5171,0.1653,0.1653,0.553,0.553,0.9943,0.9943,1.3491,1.3491,2.1163,2.1163,2.2618,2.2618,2.3262,2.3262,2.4246,2.4246,2.6769,2.6769,2.6826,2.6826,2.7979,2.7979,2.8406,2.8406,2.9029,2.9029,2.9641,2.9641,3.1163,3.1163,3.3156,3.3156,3.3538,3.3538,3.8928,3.8928,4.4663,4.4663,7.2062,7.2062,8.4738,8.4738,9.9438,9.9438,10.4424,10.4424,11.1231,11.1231,11.9146,11.9146,12.2189,12.2189,12.3921,12.3921,13.5633,13.5633,14.2744,14.2744,14.5095,14.5095,15.1872,15.1872,15.7043,15.7043,15.8142,15.8142,16.3585,16.3585,16.9192,16.9192,19.0211,19.0211,19.3427,19.3427,19.6314,19.6314,20.1381,20.1381,20.7047,20.7047,21.1213,21.1213,21.6336,21.6336,21.7803,21.7804,22.4027,22.4027,23.0553,23.0557,23.837,23.84,24.2924,24.3158,24.5051,24.6014
4.190480658713706,-64.527,-64.5269,-64.5268,-64.5267,-64.487,-64.487,-64.4869,-64.4869,-64.4868,-64.4868,-64.4868,-64.4868,-64.4284,-64.4284,-64.4283,-64.4283,-64.341,-64.341,-10.2073,-10.2073,-8.1808,-8.1808,-6.8049,-6.8049,-1.1688,-1.1688,-0.9431,-0.9431,-0.5949,-0.5949,-0.5203,-0.5203,0.1645,0.1645,0.5461,0.5461,1.0056,1.0056,1.338,1.338,2.1132,2.1132,2.2584,2.2584,2.3213,2.3213,2.4185,2.4186,2.6781,2.6781,2.6853,2.6853,2.8042,2.8042,2.839,2.839,2.9036,2.9037,2.9676,2.9676,3.1127,3.1128,3.3061,3.3061,3.3445,3.3445,3.8884,3.8884,4.4675,4.4675,7.2105,7.2105,8.4687,8.4687,9.9499,9.9499,10.4765,10.4765,11.1701,11.1701,11.9316,11.9316,12.1955,12.1955,12.3826,12.3826,13.5981,13.5981,14.2602,14.2602,14.5263,14.5263,15.1495,15.1495,15.6836,15.6836,15.7809,15.7809,16.3238,16.3238,16.8682,16.8682,19.0507,19.0507,19.3482,19.3482,19.6877,19.6877,20.158,20.158,20.7476,20.7476,21.1376,21.1376,21.6213,21.6213,21.7716,21.7716,22.4347,22.4348,23.1003,23.1004,23.8199,23.8211,24.2687,24.274,24.4565,24.5041
4.200331631337004,-64.527,-64.5269,-64.5268,-64.5267,-64.487,-64.487,-64.4869,-64.4869,-64.4868,-64.4868,-64.4868,-64.4867,-64.4284,-64.4284,-64.4283,-64.4283,-64.341,-64.341,-10.206,-10.206,-8.179,-8.179,-6.8034,-6.8034,-1.153,-1.153,-0.9357,-0.9357,-0.616,-0.616,-0.5223,-0.5223,0.1638,0.1638,0.5396,0.5396,1.0169,1.0169,1.3268,1.3268,2.1103,2.1103,2.2552,2.2552,2.3167,2.3167,2.4128,2.4128,2.6793,2.6793,2.6879,2.6879,2.81,2.81,2.8381,2.8381,2.9041,2.9042,2.9705,2.9705,3.1104,3.1104,3.2957,3.2957,3.3365,3.3365,3.8845,3.8846,4.4687,4.4687,7.2145,7.2145,8.4637,8.4637,9.9556,9.9556,10.5059,10.5059,11.2185,11.2185,11.9455,11.9455,12.1736,12.1736,12.3742,12.3742,13.6324,13.6324,14.248,14.248,14.5442,14.5442,15.1124,15.1124,15.6621,15.6621,15.7512,15.7512,16.2919,16.2919,16.8184,16.8184,19.0749,19.0749,19.3559,19.3559,19.7425,19.7425,20.1782,20.1782,20.7869,20.7869,21.152,21.152,21.6118,21.6118,21.7636,21.7636,22.4595,22.4597,23.1454,23.1457,23.8082,23.8091,24.2441,24.2489,24.4317,24.4941
4.210182603960303,-64.527,-64.5269,-64.5268,-64.5267,-64.487,-64.487,-64.4869,-64.4869,-64.4868,-64.4868,-64.4868,-64.4868,-64.4284,-64.4284,-64.4283,-64.4283,-64.341,-64.341,-10.2048,-10.2048,-8.1773,-8.1773,-6.802,-6.802,-1.1374,-1.1374,-0.9287,-0.9287,-0.6372,-0.6372,-0.5237,-0.5237,0.1631,0.1631,0.5337,0.5337,1.0282,1.0282,1.3156,1.3156,2.1076,2.1076,2.2522,2.2523,2.3124,2.3124,2.4074,2.4074,2.6804,2.6804,2.6903,2.6903,2.8148,2.8148,2.8382,2.8382,2.9043,2.9043,2.9725,2.9726,3.1094,3.1095,3.2845,3.2845,3.3297,3.3297,3.8811,3.8812,4.4698,4.4698,7.2182,7.2182,8.4589,8.4589,9.9608,9.9608,10.5307,10.5307,11.2683,11.2683,11.9541,11.9541,12.155,12.155,12.3668,12.3668,13.6654,13.6654,14.2385,14.2385,14.5624,14.5624,15.0761,15.0761,15.6384,15.6384,15.727,15.727,16.2632,16.2632,16.7699,16.7699,19.0932,19.0932,19.3668,19.3668,19.7945,19.7945,20.1986,20.1986,20.8229,20.8229,21.1634,21.1634,21.6048,21.6048,21.7583,21.7583,22.4759,22.476,23.1909,23.1912,23.8026,23.8044,24.2221,24.2241,24.386,24.3938
4.220033576583601,-64.527,-64.5269,-64.5268,-64.5267,-64.487,-64.487,-64.4869,-64.4869,-64.4868,-64.4868,-64.4868,-64.4868,-64.4284,-64.4284,-64.4283,-64.4283,-64.341,-64.341,-10.2037,-10.2037,-8.1757,-8.1757,-6.8007,-6.8007,-1.1219,-1.1219,-0.9222,-0.9222,-0.658,-0.658,-0.5249,-0.5249,0.1626,0.1626,0.5283,0.5283,1.0395,1.0395,1.3044,1.3044,2.1052,2.1052,2.2496,2.2496,2.3084,2.3084,2.4024,2.4024,2.6814,2.6814,2.6925,2.6925,2.8182,2.8183,2.8396,2.8397,2.9041,2.9041,2.9739,2.9739,3.11,3.11,3.2729,3.2729,3.324,3.324,3.8782,3.8782,4.4708,4.4708,7.2216,7.2216,8.4544,8.4544,9.9655,9.9655,10.5513,10.5513,11.3189,11.3189,11.9555,11.9555,12.1418,12.1418,12.3602,12.3602,13.6964,13.6964,14.2328,14.2328,14.5802,14.5802,15.0407,15.0407,15.612,15.612,15.7091,15.7091,16.2379,16.2379,16.7227,16.7227,19.1059,19.1059,19.3809,19.3809,19.8426,19.8426,20.2191,20.2191,20.8559,20.8559,21.1709,21.1709,21.5984,21.5984,21.7588,21.7588,22.483,22.4834,23.2374,23.2381,23.8041,23.8137,24.1986,24.2393,24.3521,24.4386
4.229884565756541,-64.5269,-64.5269,-64.5268,-64.5267,-64.487,-64.487,-64.4869,-64.4869,-64.4868,-64.4868,-64.4868,-64.4868,-64.4284,-64.4284,-64.4283,-64.4283,-64.341,-64.341,-10.2027,-10.2027,-8.1742,-8.1742,-6.7996,-6.7996,-1.1068,-1.1068,-0.9163,-0.9163,-0.6782,-0.6782,-0.526,-0.526,0.1621,0.1621,0.5234,0.5234,1.0507,1.0507,1.2933,1.2933,2.103,2.103,2.2472,2.2472,2.3048,2.3048,2.3978,2.3978,2.6823,2.6824,2.6946,2.6946,2.8202,2.8202,2.8427,2.8427,2.9034,2.9035,2.9746,2.9746,3.1119,3.1119,3.261,3.261,3.3191,3.3191,3.8756,3.8757,4.4717,4.4717,7.2247,7.2247,8.4503,8.4503,9.9697,9.9697,10.568,10.568,11.3699,11.3699,11.9482,11.9482,12.1353,12.1353,12.3544,12.3544,13.7244,13.7244,14.2313,14.2313,14.5969,14.5969,15.0066,15.0066,15.5835,15.5835,15.6973,15.6973,16.2163,16.2163,16.6771,16.6771,19.1139,19.1139,19.3976,19.3976,19.886,19.886,20.2396,20.2397,20.8862,20.8862,21.1742,21.1742,21.5904,21.5905,21.7682,21.7682,22.4801,22.4802,23.2843,23.2848,23.8108,23.8128,24.1744,24.1772,24.3061,24.3193
4.23973553837984,-64.5269,-64.5269,-64.5268,-64.5267,-64.487,-64.487,-64.4869,-64.4869,-64.4868,-64.4868,-64.4868,-64.4868,-64.4284,-64.4283,-64.4283,-64.4283,-64.341,-64.3409,-10.2018,-10.2018,-8.1729,-8.1729,-6.7985,-6.7985,-1.0921,-1.0921,-0.911,-0.911,-0.6974,-0.6974,-0.527,-0.527,0.1617,0.1617,0.5191,0.5191,1.0616,1.0616,1.2825,1.2825,2.1011,2.1011,2.2451,2.2451,2.3015,2.3015,2.3936,2.3936,2.6832,2.6832,2.6964,2.6964,2.8211,2.8211,2.8468,2.8469,2.9023,2.9024,2.9747,2.9748,3.1151,3.1152,3.2491,3.2491,3.3148,3.3148,3.8735,3.8735,4.4725,4.4725,7.2273,7.2273,8.4465,8.4465,9.9735,9.9735,10.5813,10.5813,11.4206,11.4206,11.9329,11.9329,12.1348,12.1348,12.3494,12.3494,13.7487,13.7487,14.2347,14.2347,14.6119,14.6119,14.9739,14.9739,15.5546,15.5546,15.6902,15.6902,16.1987,16.1987,16.6331,16.6332,19.1181,19.1181,19.4158,19.4158,19.9241,19.9241,20.2599,20.2599,20.9146,20.9146,21.1732,21.1732,21.5791,21.5791,21.7884,21.7884,22.4673,22.4673,23.3333,23.3352,23.8232,23.8338,24.1514,24.1616,24.2683,24.2865
4.249586511003138,-64.5269,-64.5269,-64.5268,-64.5267,-64.487,-64.487,-64.4869,-64.4869,-64.4868,-64.4868,-64.4868,-64.4868,-64.4284,-64.4283,-64.4283,-64.4283,-64.341,-64.3409,-10.201,-10.201,-8.1717,-8.1717,-6.7976,-6.7976,-1.0781,-1.0781,-0.9064,-0.9064,-0.7154,-0.7154,-0.5279,-0.5279,0.1613,0.1613,0.5154,0.5154,1.0722,1.0722,1.272,1.272,2.0994,2.0994,2.2433,2.2433,2.2986,2.2986,2.3899,2.3899,2.684,2.684,2.698,2.6981,2.8213,2.8213,2.8516,2.8516,2.9007,2.9007,2.9745,2.9746,3.1196,3.1196,3.2373,3.2373,3.3112,3.3112,3.8716,3.8717,4.4731,4.4732,7.2297,7.2297,8.443,8.443,9.9767,9.9767,10.5917,10.5917,11.4704,11.4704,11.9117,11.9117,12.1383,12.1383,12.3451,12.3451,13.7689,13.7689,14.2427,14.2427,14.625,14.625,14.9428,14.9429,15.5267,15.5267,15.6868,15.6868,16.1855,16.1855,16.5912,16.5912,19.1196,19.1196,19.4344,19.4344,19.9564,19.9564,20.2793,20.2793,20.9415,20.9415,21.1683,21.1683,21.5645,21.5645,21.8193,21.8193,22.4446,22.4449,23.3841,23.3857,23.8352,23.8379,24.1221,24.1282,24.226,24.2669
4.259437483626437,-64.5269,-64.5269,-64.5268,-64.5267,-64.487,-64.487,-64.4869,-64.4869,-64.4868,-64.4868,-64.4868,-64.4868,-64.4284,-64.4283,-64.4283,-64.4283,-64.341,-64.341,-10.2004,-10.2004,-8.1707,-8.1707,-6.7967,-6.7967,-1.0651,-1.0651,-0.9027,-0.9027,-0.7316,-0.7316,-0.5287,-0.5287,0.1611,0.1611,0.5123,0.5123,1.0821,1.0821,1.262,1.262,2.098,2.098,2.2417,2.2417,2.2961,2.2961,2.3868,2.3868,2.6847,2.6847,2.6994,2.6994,2.8213,2.8213,2.8566,2.8567,2.8986,2.8986,2.9742,2.9742,3.1251,3.1251,3.2257,3.2257,3.3082,3.3082,3.8701,3.8702,4.4737,4.4738,7.2317,7.2317,8.4401,8.4401,9.9795,9.9795,10.5995,10.5995,11.5183,11.5183,11.8869,11.8869,12.1436,12.1436,12.3415,12.3415,13.7846,13.7846,14.2548,14.2548,14.6361,14.6361,14.9138,14.9138,15.5009,15.5009,15.6859,15.6859,16.1769,16.1769,16.5518,16.5518,19.1194,19.1194,19.4522,19.4522,19.983,19.983,20.2972,20.2972,20.9676,20.9676,21.1602,21.1603,21.5478,21.5478,21.8594,21.8594,22.4132,22.4132,23.4387,23.4401,23.8547,23.8726,24.0904,24.1266,24.2052,24.2479
4.269288456249735,-64.5269,-64.5268,-64.5267,-64.5267,-64.4869,-64.4869,-64.4869,-64.4868,-64.4868,-64.4868,-64.4867,-64.4867,-64.4284,-64.4283,-64.4283,-64.4283,-64.341,-64.3409,-10.1998,-10.1998,-8.1699,-8.1698,-6.7961,-6.7961,-1.0534,-1.0534,-0.8998,-0.8998,-0.7458,-0.7458,-0.5294,-0.5294,0.1608,0.1608,0.5097,0.5098,1.0913,1.0913,1.2529,1.2529,2.0968,2.0968,2.2405,2.2405,2.294,2.2941,2.3841,2.3842,2.6853,2.6853,2.7006,2.7006,2.8213,2.8213,2.8617,2.8617,2.8959,2.8959,2.9737,2.9737,3.1314,3.1315,3.2146,3.2146,3.3057,3.3057,3.8689,3.869,4.4742,4.4743,7.2333,7.2333,8.4376,8.4376,9.9818,9.9818,10.6052,10.6052,11.5635,11.5635,11.8604,11.8604,12.1492,12.1492,12.3387,12.3387,13.7963,13.7963,14.2695,14.2695,14.6454,14.6454,14.8871,14.8871,15.4782,15.4782,15.6867,15.6867,16.1729,16.1729,16.5154,16.5154,19.1183,19.1183,19.4684,19.4684,20.0039,20.0039,20.3128,20.3128,20.993,20.993,21.1497,21.1497,21.5305,21.5305,21.9067,21.9067,22.3734,22.3734,23.491,23.4931,23.8656,23.8667,24.0466,24.059,24.1767,24.1948
4.279139428873052,-64.5269,-64.5268,-64.5267,-64.5267,-64.4869,-64.4869,-64.4868,-64.4868,-64.4868,-64.4868,-64.4867,-64.4867,-64.4283,-64.4283,-64.4283,-64.4283,-64.341,-64.3409,-10.1993,-10.1993,-8.1692,-8.1692,-6.7955,-6.7955,-1.0434,-1.0434,-0.8979,-0.8979,-0.7574,-0.7574,-0.5301,-0.5301,0.1607,0.1607,0.5078,0.5078,1.0992,1.0992,1.245,1.245,2.096,2.096,2.2395,2.2395,2.2924,2.2924,2.3821,2.3821,2.6858,2.6858,2.7014,2.7015,2.8212,2.8212,2.8666,2.8667,2.8928,2.8928,2.9734,2.9734,3.1383,3.1383,3.2041,3.2041,3.3037,3.3037,3.8681,3.8681,4.4746,4.4746,7.2346,7.2346,8.4356,8.4356,9.9835,9.9835,10.6093,10.6093,11.6047,11.6047,11.8338,11.8338,12.1541,12.1541,12.3364,12.3364,13.8044,13.8044,14.2849,14.2849,14.6535,14.6535,14.8633,14.8633,15.4595,15.4595,15.6884,15.6884,16.1731,16.1731,16.4832,16.4832,19.1168,19.1168,19.4821,19.4821,20.0195,20.0195,20.3254,20.3254,21.0177,21.0177,21.1372,21.1372,21.5143,21.5143,21.9598,21.9598,22.3267,22.3267,23.5459,23.5476,23.879,23.8874,24.0013,24.0096,24.1625,24.1873
4.288990401496351,-64.5269,-64.5268,-64.5268,-64.5267,-64.4869,-64.4869,-64.4869,-64.4868,-64.4868,-64.4868,-64.4867,-64.4867,-64.4284,-64.4283,-64.4283,-64.4283,-64.341,-64.3409,-10.199,-10.199,-8.1687,-8.1687,-6.7951,-6.7951,-1.0356,-1.0356,-0.8969,-0.8969,-0.7659,-0.7659,-0.5305,-0.5305,0.1605,0.1605,0.5064,0.5064,1.1054,1.1054,1.2388,1.2388,2.0953,2.0953,2.2388,2.2388,2.2912,2.2912,2.3805,2.3806,2.6861,2.6862,2.702,2.7021,2.8212,2.8212,2.8713,2.8714,2.8892,2.8893,2.9731,2.9731,3.1452,3.1452,3.1946,3.1946,3.3023,3.3023,3.8674,3.8674,4.4749,4.4749,7.2355,7.2355,8.4342,8.4342,9.9848,9.9848,10.6118,10.6118,11.6401,11.6401,11.809,11.809,12.158,12.158,12.3348,12.3348,13.8096,13.8096,14.2984,14.2984,14.6605,14.6605,14.8434,14.8434,15.4453,15.4453,15.6903,15.6903,16.1765,16.1765,16.4567,16.4567,19.1153,19.1153,19.4927,19.4927,20.0302,20.0302,20.3345,20.3345,21.041,21.041,21.1235,21.1235,21.5008,21.5008,22.0168,22.0169,22.2742,22.2743,23.5985,23.6022,23.8778,23.8804,23.9617,23.9671,24.1508,24.1567
4.298841374119649,-64.5269,-64.5268,-64.5267,-64.5267,-64.4869,-64.4868,-64.4868,-64.4868,-64.4868,-64.4868,-64.4867,-64.4867,-64.4283,-64.4283,-64.4283,-64.4283,-64.341,-64.3409,-10.1988,-10.1988,-8.1684,-8.1684,-6.7949,-6.7949,-1.0307,-1.0307,-0.8965,-0.8965,-0.7711,-0.7711,-0.5308,-0.5308,0.1605,0.1605,0.5056,0.5056,1.1095,1.1095,1.2348,1.2348,2.0949,2.0949,2.2384,2.2384,2.2905,2.2905,2.3796,2.3797,2.6864,2.6864,2.7024,2.7024,2.8212,2.8212,2.8757,2.8757,2.8856,2.8856,2.973,2.973,3.1511,3.1511,3.1872,3.1872,3.3014,3.3014,3.867,3.8671,4.4751,4.4751,7.236,7.236,8.4333,8.4333,9.9855,9.9855,10.6132,10.6132,11.666,11.666,11.7896,11.7896,12.1604,12.1604,12.3338,12.3338,13.8124,13.8124,14.3077,14.3077,14.6662,14.6662,14.8293,14.8293,15.4364,15.4364,15.6917,15.6917,16.1808,16.1808,16.4385,16.4385,19.1142,19.1142,19.4994,19.4994,20.0363,20.0363,20.34,20.34,21.0607,21.0607,21.1101,21.1101,21.4916,21.4916,22.0752,22.0752,22.2187,22.2187,23.6433,23.6446,23.8584,23.8601,23.9414,23.9435,24.1472,24.1482
4.308692346742948,-64.5269,-64.5268,-64.5268,-64.5267,-64.4869,-64.4869,-64.4868,-64.4868,-64.4868,-64.4868,-64.4868,-64.4867,-64.4283,-64.4283,-64.4283,-64.4283,-64.341,-64.3409,-10.1987,-10.1987,-8.1683,-8.1683,-6.7948,-6.7948,-1.029,-1.029,-0.8964,-0.8964,-0.7728,-0.7728,-0.5309,-0.5309,0.1604,0.1604,0.5053,0.5053,1.1109,1.1109,1.2334,1.2334,2.0948,2.0948,2.2382,2.2382,2.2902,2.2903,2.3793,2.3793,2.6864,2.6865,2.7025,2.7025,2.8212,2.8213,2.8782,2.8783,2.8832,2.8832,2.973,2.973,3.1537,3.1538,3.1841,3.1841,3.3011,3.3011,3.8669,3.8669,4.4751,4.4751,7.2362,7.2362,8.433,8.433,9.9858,9.9858,10.6137,10.6137,11.6758,11.6758,11.7819,11.7819,12.1612,12.1612,12.3335,12.3335,13.8133,13.8133,14.311,14.311,14.6687,14.6687,14.8239,14.8239,15.4333,15.4333,15.6922,15.6922,16.1829,16.1829,16.4317,16.4317,19.1138,19.1138,19.5018,19.5018,20.0382,20.0382,20.3417,20.3417,21.0703,21.0702,21.103,21.103,21.4882,21.4882,22.1154,22.1154,22.1794,22.1794,23.6642,23.6662,23.8429,23.8447,23.9385,23.941,24.1455,24.1495
4.308692346742948,-64.5269,-64.5268,-64.5268,-64.5267,-64.4869,-64.4869,-64.4868,-64.4868,-64.4868,-64.4868,-64.4868,-64.4867,-64.4283,-64.4283,-64.4283,-64.4283,-64.341,-64.3409,-10.1987,-10.1987,-8.1683,-8.1683,-6.7948,-6.7948,-1.029,-1.029,-0.8964,-0.8964,-0.7728,-0.7728,-0.5309,-0.5309,0.1604,0.1604,0.5053,0.5053,1.1109,1.1109,1.2334,1.2334,2.0948,2.0948,2.2382,2.2382,2.2902,2.2903,2.3793,2.3793,2.6864,2.6865,2.7025,2.7025,2.8212,2.8213,2.8782,2.8783,2.8832,2.8832,2.973,2.973,3.1537,3.1538,3.1841,3.1841,3.3011,3.3011,3.8669,3.8669,4.4751,4.4751,7.2362,7.2362,8.433,8.433,9.9858,9.9858,10.6137,10.6137,11.6758,11.6758,11.7819,11.7819,12.1612,12.1612,12.3335,12.3335,13.8133,13.8133,14.311,14.311,14.6687,14.6687,14.8239,14.8239,15.4333,15.4333,15.6922,15.6922,16.1829,16.1829,16.4317,16.4317,19.1138,19.1138,19.5018,19.5018,20.0382,20.0382,20.3417,20.3417,21.0703,21.0703,21.103,21.103,21.4882,21.4882,22.1154,22.1154,22.1794,22.1794,23.6647,23.6658,23.8428,23.8453,23.9386,23.9389,24.1455,24.148
4.318632058365523,-64.5269,-64.5268,-64.5268,-64.5267,-64.4869,-64.4869,-64.4869,-64.4868,-64.4868,-64.4868,-64.4868,-64.4867,-64.4283,-64.4283,-64.4283,-64.4283,-64.341,-64.3409,-10.1988,-10.1988,-8.1684,-8.1684,-6.7949,-6.7949,-1.0307,-1.0307,-0.8964,-0.8964,-0.7711,-0.7711,-0.5308,-0.5308,0.1605,0.1605,0.5056,0.5056,1.1095,1.1095,1.2348,1.2348,2.0949,2.0949,2.2384,2.2384,2.2905,2.2905,2.3796,2.3796,2.6864,2.6864,2.7024,2.7024,2.8212,2.8212,2.8757,2.8757,2.8855,2.8856,2.973,2.973,3.1511,3.1511,3.1872,3.1872,3.3014,3.3014,3.867,3.8671,4.4751,4.4751,7.236,7.236,8.4333,8.4333,9.9855,9.9855,10.6133,10.6133,11.6671,11.6671,11.7884,11.7884,12.1604,12.1604,12.3338,12.3338,13.8124,13.8124,14.3075,14.3075,14.6655,14.6655,14.8301,14.8301,15.4366,15.4366,15.6916,15.6916,16.18,16.18,16.4393,16.4393,19.1143,19.1143,19.4992,19.4992,20.0364,20.0364,20.3401,20.3401,21.0617,21.0617,21.1088,21.1088,21.492,21.492,22.072,22.0721,22.2219,22.2219,23.6417,23.6437,23.8639,23.8732,23.9409,23.9467,24.1471,24.1689
4.328571769988098,-64.5269,-64.5268,-64.5268,-64.5267,-64.4869,-64.4869,-64.4869,-64.4868,-64.4868,-64.4868,-64.4868,-64.4867,-64.4284,-64.4283,-64.4283,-64.4283,-64.341,-64.3409,-10.199,-10.199,-8.1687,-8.1687,-6.7951,-6.7951,-1.0358,-1.0358,-0.8963,-0.8963,-0.7663,-0.7663,-0.5305,-0.5305,0.1605,0.1605,0.5064,0.5064,1.1054,1.1054,1.2388,1.2388,2.0953,2.0953,2.2388,2.2388,2.2912,2.2913,2.3806,2.3806,2.6861,2.6861,2.7021,2.7021,2.821,2.821,2.8718,2.8718,2.8891,2.8892,2.973,2.973,3.1452,3.1452,3.1946,3.1946,3.3024,3.3024,3.8674,3.8674,4.4749,4.4749,7.2355,7.2355,8.4342,8.4342,9.9848,9.9848,10.6122,10.6122,11.6472,11.6472,11.8015,11.8015,12.1577,12.1577,12.335,12.335,13.8098,13.8098,14.2974,14.2974,14.656,14.656,14.848,14.848,15.4465,15.4465,15.6899,15.6899,16.1712,16.1712,16.4618,16.4618,19.1159,19.1159,19.491,19.491,20.031,20.031,20.3354,20.3354,21.0455,21.0455,21.1165,21.1165,21.5037,21.5037,22.0042,22.0042,22.287,22.287,23.5875,23.5897,23.9086,23.9204,23.9384,23.9458,24.1529,24.1545
4.338511514709946,-64.5269,-64.5268,-64.5267,-64.5267,-64.4869,-64.4869,-64.4868,-64.4868,-64.4868,-64.4867,-64.4867,-64.4867,-64.4284,-64.4283,-64.4283,-64.4283,-64.341,-64.3409,-10.1994,-10.1994,-8.1693,-8.1693,-6.7956,-6.7956,-1.0436,-1.0436,-0.8962,-0.8962,-0.7587,-0.7587,-0.5299,-0.5299,0.1607,0.1607,0.5076,0.5076,1.0993,1.0993,1.2449,1.2449,2.096,2.096,2.2396,2.2396,2.2925,2.2926,2.3823,2.3823,2.6856,2.6856,2.7017,2.7017,2.8204,2.8204,2.868,2.868,2.8927,2.8927,2.9728,2.9728,3.1384,3.1385,3.204,3.204,3.304,3.304,3.868,3.868,4.4746,4.4746,7.2346,7.2346,8.4358,8.4358,9.9836,9.9836,10.6105,10.6105,11.6229,11.6229,11.8143,11.8143,12.1531,12.1531,12.3369,12.3369,13.8052,13.8052,14.2814,14.2814,14.6419,14.6419,14.8754,14.8754,15.4633,15.4633,15.6872,15.6872,16.1582,16.1582,16.4974,16.4974,19.1187,19.1187,19.4768,19.4768,20.0224,20.0224,20.3283,20.3283,21.0274,21.0274,21.12,21.12,21.5232,21.5232,21.9317,21.9317,22.355,22.355,23.5212,23.5228,23.926,23.9267,23.9727,23.9772,24.1584,24.1648
4.3484512263325215,-64.5269,-64.5268,-64.5267,-64.5267,-64.487,-64.4869,-64.4868,-64.4868,-64.4868,-64.4868,-64.4867,-64.4867,-64.4283,-64.4283,-64.4283,-64.4283,-64.341,-64.3409,-10.1999,-10.1999,-8.1701,-8.17,-6.7962,-6.7962,-1.0537,-1.0537,-0.8963,-0.8963,-0.7486,-0.7486,-0.5292,-0.5292,0.1609,0.1609,0.5094,0.5094,1.0916,1.0916,1.2526,1.2526,2.0969,2.0969,2.2406,2.2407,2.2943,2.2944,2.3846,2.3846,2.6848,2.6848,2.7012,2.7012,2.8193,2.8194,2.8646,2.8646,2.896,2.896,2.9725,2.9725,3.1318,3.1318,3.2142,3.2142,3.3064,3.3064,3.8689,3.8689,4.4742,4.4742,7.2333,7.2333,8.438,8.438,9.9821,9.9821,10.6084,10.6084,11.5973,11.5973,11.8242,11.8242,12.1468,12.1468,12.3395,12.3395,13.7982,13.7982,14.2605,14.2605,14.6252,14.6252,14.9092,14.9092,15.4866,15.4866,15.6837,15.6837,16.1433,16.1433,16.5433,16.5433,19.1229,19.1229,19.456,19.456,20.011,20.011,20.3194,20.3194,21.009,21.009,21.1185,21.1185,21.5492,21.5492,21.8574,21.8574,22.4234,22.4234,23.4498,23.4504,23.9164,23.9221,24.0313,24.0338,24.1698,24.1766
4.358390937955097,-64.5269,-64.5269,-64.5267,-64.5267,-64.487,-64.4869,-64.4869,-64.4868,-64.4868,-64.4868,-64.4867,-64.4867,-64.4284,-64.4283,-64.4283,-64.4283,-64.341,-64.341,-10.2006,-10.2006,-8.1711,-8.1711,-6.797,-6.797,-1.0653,-1.0653,-0.8967,-0.8967,-0.7366,-0.7366,-0.5282,-0.5282,0.1611,0.1611,0.5115,0.5115,1.0828,1.0828,1.2614,1.2614,2.098,2.098,2.242,2.242,2.2967,2.2967,2.3876,2.3877,2.6837,2.6837,2.7006,2.7006,2.8176,2.8176,2.8619,2.8619,2.899,2.899,2.972,2.972,3.1257,3.1257,3.225,3.225,3.3095,3.3095,3.8699,3.8699,4.4737,4.4737,7.2317,7.2317,8.4409,8.4409,9.9801,9.9801,10.6057,10.6057,11.5714,11.5714,11.83,11.83,12.1388,12.1388,12.3426,12.3426,13.7885,13.7885,14.2359,14.2359,14.6076,14.6076,14.9476,14.9476,15.5157,15.5157,15.6796,15.6796,16.1287,16.1287,16.5974,16.5974,19.1286,19.1286,19.4286,19.4286,19.9969,19.9969,20.3094,20.3094,20.9906,20.9906,21.1121,21.1121,21.5792,21.5792,21.7836,21.7836,22.4909,22.491,23.3763,23.377,23.9006,23.9054,24.0893,24.0929,24.1902,24.2092
4.368330649577672,-64.5269,-64.5269,-64.5267,-64.5267,-64.487,-64.487,-64.4869,-64.4868,-64.4868,-64.4868,-64.4867,-64.4867,-64.4284,-64.4284,-64.4283,-64.4283,-64.341,-64.341,-10.2014,-10.2014,-8.1723,-8.1723,-6.798,-6.798,-1.078,-1.078,-0.8975,-0.8975,-0.7229,-0.7229,-0.527,-0.527,0.1614,0.1614,0.5141,0.5141,1.0732,1.0732,1.2708,1.2708,2.0994,2.0994,2.2437,2.2437,2.2996,2.2996,2.3914,2.3914,2.6822,2.6822,2.7001,2.7001,2.815,2.8151,2.86,2.8601,2.9017,2.9017,2.971,2.971,3.1204,3.1204,3.2361,3.2361,3.3134,3.3134,3.8712,3.8712,4.4731,4.4731,7.2297,7.2297,8.4445,8.4445,9.9778,9.9778,10.6026,10.6026,11.5459,11.5459,11.8316,11.8316,12.1293,12.1293,12.3462,12.3462,13.7756,13.7756,14.2082,14.2082,14.5899,14.5899,14.9895,14.9895,15.5494,15.5494,15.6755,15.6755,16.1161,16.1161,16.6577,16.6577,19.1359,19.1359,19.3943,19.3943,19.9804,19.9804,20.2987,20.2987,20.9725,20.9725,21.1013,21.1013,21.6051,21.6051,21.718,21.718,22.5561,22.5562,23.3034,23.305,23.8818,23.8844,24.1418,24.1631,24.227,24.2818
4.37827039429952,-64.527,-64.5269,-64.5267,-64.5267,-64.487,-64.487,-64.4869,-64.4869,-64.4868,-64.4868,-64.4867,-64.4867,-64.4284,-64.4284,-64.4283,-64.4283,-64.341,-64.341,-10.2025,-10.2025,-8.1738,-8.1738,-6.7992,-6.7992,-1.0915,-1.0915,-0.8989,-0.8989,-0.708,-0.708,-0.5256,-0.5256,0.1618,0.1618,0.5169,0.5169,1.0633,1.0633,1.2806,1.2806,2.1011,2.1011,2.2458,2.2458,2.303,2.303,2.3958,2.3958,2.6804,2.6804,2.6996,2.6996,2.8117,2.8117,2.8591,2.8591,2.9041,2.9042,2.9697,2.9698,3.1159,3.1159,3.2474,3.2475,3.3181,3.3182,3.8727,3.8728,4.4724,4.4724,7.2274,7.2274,8.4487,8.4487,9.9752,9.9752,10.599,10.599,11.521,11.521,11.8287,11.8287,12.1187,12.1187,12.3499,12.3499,13.7593,13.7593,14.1783,14.1783,14.5724,14.5724,15.0344,15.0344,15.585,15.585,15.6726,15.6726,16.1071,16.1071,16.7232,16.7232,19.1449,19.1449,19.3533,19.3533,19.9617,19.9617,20.2881,20.2881,20.9547,20.9547,21.0862,21.0862,21.5903,21.5903,21.6971,21.6971,22.6166,22.6167,23.2319,23.2331,23.8555,23.8587,24.178,24.1945,24.2779,24.3096
4.388210105922095,-64.527,-64.5269,-64.5267,-64.5267,-64.487,-64.487,-64.487,-64.4869,-64.4868,-64.4867,-64.4867,-64.4867,-64.4284,-64.4284,-64.4283,-64.4283,-64.341,-64.341,-10.2037,-10.2037,-8.1756,-8.1756,-6.8006,-6.8006,-1.1052,-1.1052,-0.9007,-0.9007,-0.692,-0.692,-0.524,-0.524,0.1622,0.1622,0.5201,0.5201,1.0531,1.0531,1.2907,1.2907,2.103,2.103,2.2482,2.2482,2.3069,2.3069,2.401,2.401,2.6783,2.6783,2.6992,2.6992,2.8075,2.8076,2.859,2.859,2.9062,2.9063,2.9681,2.9681,3.1124,3.1124,3.2589,3.2589,3.3238,3.3238,3.8745,3.8745,4.4716,4.4716,7.2247,7.2247,8.4535,8.4536,9.9723,9.9723,10.595,10.595,11.4969,11.4969,11.8216,11.8216,12.1073,12.1073,12.3534,12.3534,13.7393,13.7393,14.1466,14.1466,14.5554,14.5554,15.0824,15.0824,15.6167,15.6167,15.6753,15.6753,16.103,16.103,16.7928,16.7928,19.1554,19.1554,19.3057,19.3057,19.9407,19.9407,20.2778,20.2778,20.937,20.937,21.0667,21.0667,21.5291,21.5291,21.727,21.727,22.6688,22.6689,23.1666,23.1671,23.8272,23.8297,24.2043,24.2093,24.3489,24.3933
4.39814981754467,-64.527,-64.5269,-64.5267,-64.5267,-64.487,-64.487,-64.487,-64.4869,-64.4868,-64.4868,-64.4867,-64.4867,-64.4285,-64.4284,-64.4283,-64.4283,-64.3411,-64.341,-10.205,-10.205,-8.1776,-8.1776,-6.8022,-6.8022,-1.1192,-1.1192,-0.9029,-0.9029,-0.6751,-0.6751,-0.5223,-0.5223,0.1628,0.1628,0.5236,0.5236,1.0427,1.0427,1.3008,1.3008,2.1051,2.1051,2.251,2.251,2.3114,2.3114,2.4069,2.4069,2.6758,2.6758,2.6989,2.6989,2.8028,2.8028,2.8595,2.8596,2.908,2.908,2.966,2.966,3.1098,3.1098,3.2705,3.2705,3.3303,3.3303,3.8765,3.8766,4.4707,4.4707,7.2217,7.2217,8.4591,8.4591,9.9692,9.9692,10.5906,10.5906,11.4738,11.4738,11.8103,11.8103,12.0956,12.0956,12.3567,12.3567,13.7157,13.7157,14.1136,14.1136,14.5386,14.5386,15.1335,15.1335,15.6324,15.6324,15.6935,15.6935,16.1054,16.1054,16.8659,16.8659,19.1673,19.1673,19.2523,19.2523,19.9178,19.9178,20.2684,20.2684,20.9186,20.9186,21.0426,21.0426,21.4607,21.4607,21.7694,21.7694,22.706,22.7061,23.1139,23.1144,23.7975,23.7981,24.2308,24.2372,24.3992,24.4111
4.408089562266518,-64.527,-64.5269,-64.5267,-64.5267,-64.4871,-64.487,-64.4869,-64.4869,-64.4868,-64.4868,-64.4867,-64.4867,-64.4285,-64.4284,-64.4283,-64.4283,-64.3411,-64.341,-10.2066,-10.2066,-8.1799,-8.1799,-6.804,-6.804,-1.1331,-1.1331,-0.9055,-0.9055,-0.6577,-0.6577,-0.5205,-0.5205,0.1634,0.1634,0.5273,0.5273,1.0324,1.0324,1.3108,1.3108,2.1075,2.1075,2.2541,2.2541,2.3165,2.3165,2.4135,2.4135,2.673,2.673,2.6987,2.6987,2.7975,2.7976,2.8607,2.8607,2.9093,2.9093,2.9638,2.9638,3.1083,3.1083,3.282,3.282,3.3378,3.3378,3.8788,3.8788,4.4697,4.4697,7.2184,7.2184,8.4653,8.4653,9.9659,9.9659,10.5856,10.5856,11.4517,11.4517,11.795,11.795,12.0838,12.0838,12.3595,12.3595,13.6884,13.6884,14.0795,14.0795,14.522,14.522,15.1877,15.1877,15.6338,15.6338,15.7239,15.7239,16.1156,16.1156,16.9421,16.9421,19.1745,19.1745,19.1993,19.1993,19.893,19.893,20.2599,20.2599,20.8984,20.8984,21.0136,21.0136,21.395,21.3951,21.8155,21.8155,22.7182,22.7186,23.0836,23.0838,23.7661,23.7678,24.2544,24.2627,24.475,24.5231
4.418029273889093,-64.527,-64.5269,-64.5267,-64.5267,-64.4871,-64.487,-64.4869,-64.4869,-64.4868,-64.4868,-64.4867,-64.4867,-64.4285,-64.4284,-64.4283,-64.4283,-64.3411,-64.341,-10.2083,-10.2083,-8.1825,-8.1825,-6.8061,-6.8061,-1.1468,-1.1468,-0.9083,-0.9083,-0.6398,-0.6398,-0.5185,-0.5185,0.1641,0.1641,0.5312,0.5312,1.0222,1.0222,1.3208,1.3208,2.1101,2.1101,2.2577,2.2577,2.322,2.322,2.4208,2.4208,2.6699,2.67,2.6985,2.6986,2.7919,2.7919,2.8622,2.8623,2.9101,2.9101,2.9614,2.9614,3.1077,3.1077,3.2935,3.2935,3.3462,3.3462,3.8814,3.8814,4.4686,4.4686,7.2148,7.2148,8.4721,8.4721,9.9625,9.9625,10.5801,10.5801,11.4306,11.4306,11.776,11.776,12.0724,12.0724,12.3617,12.3617,13.6579,13.6579,14.0447,14.0447,14.5052,14.5052,15.2445,15.2445,15.6313,15.6313,15.7545,15.7545,16.1349,16.1349,17.0211,17.0211,19.1234,19.1234,19.2008,19.2008,19.8665,19.8665,20.2526,20.2526,20.8739,20.8739,20.9808,20.9809,21.3357,21.3357,21.8633,21.8633,22.6987,22.6989,23.0814,23.0817,23.7347,23.7356,24.2773,24.2832,24.541,24.6087
4.427968985511669,-64.527,-64.5269,-64.5267,-64.5267,-64.4871,-64.487,-64.4869,-64.4869,-64.4868,-64.4868,-64.4867,-64.4867,-64.4285,-64.4285,-64.4283,-64.4283,-64.3411,-64.341,-10.2102,-10.2102,-8.1853,-8.1853,-6.8083,-6.8083,-1.1604,-1.1604,-0.9114,-0.9114,-0.6215,-0.6215,-0.5164,-0.5164,0.1649,0.1649,0.5352,0.5352,1.0121,1.0121,1.3304,1.3305,2.113,2.113,2.2616,2.2616,2.3281,2.3281,2.4287,2.4288,2.6666,2.6667,2.6985,2.6985,2.786,2.786,2.8641,2.8641,2.9103,2.9103,2.9591,2.9591,3.108,3.108,3.3049,3.3049,3.3556,3.3556,3.8842,3.8842,4.4674,4.4674,7.2109,7.2109,8.4797,8.4797,9.959,9.959,10.5742,10.5742,11.4105,11.4105,11.7533,11.7533,12.0615,12.0615,12.3632,12.3632,13.6243,13.6243,14.0092,14.0092,14.4882,14.4882,15.3028,15.3028,15.6295,15.6295,15.7806,15.7806,16.1635,16.1635,17.1024,17.1024,19.0542,19.0542,19.2169,19.2169,19.8387,19.8387,20.2465,20.2465,20.8407,20.8407,20.9477,20.9477,21.2843,21.2843,21.9119,21.9119,22.6529,22.6529,23.1017,23.1017,23.7052,23.7054,24.296,24.2976,24.6058,24.6168
4.4379087302335165,-64.5271,-64.527,-64.5267,-64.5267,-64.4871,-64.4871,-64.487,-64.4869,-64.4868,-64.4868,-64.4867,-64.4867,-64.4285,-64.4285,-64.4283,-64.4283,-64.3411,-64.341,-10.2123,-10.2123,-8.1884,-8.1884,-6.8108,-6.8108,-1.1736,-1.1736,-0.9146,-0.9146,-0.603,-0.603,-0.5142,-0.5142,0.1658,0.1658,0.5394,0.5394,1.0022,1.0022,1.3399,1.3399,2.116,2.116,2.266,2.266,2.3347,2.3347,2.4374,2.4374,2.6631,2.6631,2.6986,2.6986,2.7799,2.7799,2.8662,2.8662,2.9098,2.9098,2.9571,2.9571,3.1091,3.1091,3.3162,3.3162,3.3659,3.3659,3.8872,3.8873,4.4662,4.4662,7.2067,7.2067,8.4878,8.4878,9.9554,9.9554,10.5677,10.5677,11.3915,11.3915,11.7274,11.7274,12.0513,12.0513,12.3641,12.3641,13.5881,13.5881,13.9733,13.9733,14.4708,14.4708,15.3603,15.3603,15.6317,15.6317,15.8012,15.8012,16.2005,16.2005,17.1861,17.1861,18.9799,18.9799,19.2347,19.2347,19.8099,19.8099,20.2416,20.2416,20.7944,20.7944,20.9188,20.9188,21.2413,21.2413,21.9607,21.9607,22.592,22.592,23.132,23.1326,23.6789,23.6816,24.3085,24.313,24.6161,24.6418
4.447848441856092,-64.527,-64.5269,-64.5267,-64.5267,-64.4871,-64.487,-64.4869,-64.4869,-64.4868,-64.4868,-64.4867,-64.4867,-64.4285,-64.4285,-64.4283,-64.4283,-64.3411,-64.341,-10.2146,-10.2146,-8.1918,-8.1918,-6.8135,-6.8135,-1.1864,-1.1864,-0.9179,-0.9179,-0.5843,-0.5843,-0.5119,-0.5119,0.1668,0.1668,0.5436,0.5436,0.9926,0.9926,1.349,1.349,2.1192,2.1192,2.2707,2.2708,2.3418,2.3418,2.4467,2.4468,2.6593,2.6594,2.6988,2.6988,2.7737,2.7737,2.8684,2.8684,2.9086,2.9086,2.9556,2.9556,3.111,3.111,3.3275,3.3276,3.3772,3.3772,3.8906,3.8906,4.4649,4.4649,7.2022,7.2022,8.4966,8.4966,9.9518,9.9518,10.5606,10.5606,11.3734,11.3734,11.6984,11.6984,12.042,12.042,12.3643,12.3643,13.5497,13.5497,13.9372,13.9372,14.4528,14.4528,15.4126,15.4126,15.6425,15.6425,15.8168,15.8168,16.2443,16.2443,17.2719,17.2719,18.9017,18.9017,19.2529,19.2529,19.7806,19.7806,20.2379,20.2379,20.7348,20.7348,20.8955,20.8955,21.2058,21.2058,22.0087,22.0087,22.5244,22.5245,23.1628,23.1635,23.6587,23.6598,24.3141,24.3322,24.6162,24.6443
4.457788153478667,-64.527,-64.5269,-64.5267,-64.5266,-64.4871,-64.487,-64.4869,-64.4869,-64.4868,-64.4867,-64.4867,-64.4867,-64.4285,-64.4284,-64.4283,-64.4283,-64.3411,-64.341,-10.2171,-10.2171,-8.1955,-8.1955,-6.8164,-6.8164,-1.1988,-1.1988,-0.9212,-0.9212,-0.5657,-0.5657,-0.5094,-0.5094,0.1678,0.1678,0.5478,0.5478,0.9832,0.9832,1.3578,1.3578,2.1226,2.1226,2.276,2.276,2.3494,2.3495,2.4567,2.4567,2.6555,2.6555,2.699,2.6991,2.7674,2.7674,2.8706,2.8706,2.9068,2.9068,2.9547,2.9547,3.1136,3.1136,3.3388,3.3389,3.3892,3.3892,3.8943,3.8943,4.4636,4.4636,7.1974,7.1974,8.506,8.506,9.9482,9.9482,10.5531,10.5531,11.3563,11.3563,11.6667,11.6667,12.0336,12.0336,12.3638,12.3638,13.5095,13.5095,13.9007,13.9007,14.4342,14.4342,15.4529,15.4529,15.6687,15.6687,15.8286,15.8286,16.2925,16.2925,17.3598,17.3598,18.8202,18.8202,19.2708,19.2708,19.7514,19.7514,20.2353,20.2353,20.6657,20.6657,20.8761,20.8761,21.1762,21.1763,22.0545,22.0546,22.4557,22.4558,23.1873,23.1883,23.6468,23.6474,24.3132,24.316,24.6305,24.6833
4.467727865101242,-64.527,-64.5269,-64.5267,-64.5266,-64.4871,-64.487,-64.4869,-64.4869,-64.4868,-64.4867,-64.4867,-64.4867,-64.4285,-64.4285,-64.4283,-64.4283,-64.3411,-64.341,-10.2198,-10.2198,-8.1995,-8.1995,-6.8195,-6.8195,-1.2108,-1.2108,-0.9245,-0.9245,-0.5474,-0.5474,-0.5064,-0.5064,0.169,0.169,0.552,0.552,0.9741,0.9741,1.3662,1.3662,2.1262,2.1262,2.2816,2.2816,2.3576,2.3576,2.4672,2.4672,2.6515,2.6515,2.6994,2.6994,2.761,2.761,2.8726,2.8726,2.9045,2.9045,2.9545,2.9545,3.1168,3.1169,3.3502,3.3503,3.402,3.402,3.8983,3.8983,4.4622,4.4622,7.1924,7.1924,8.516,8.516,9.9447,9.9447,10.545,10.545,11.34,11.34,11.6326,11.6326,12.0262,12.0262,12.3627,12.3627,13.4677,13.4677,13.8642,13.8642,14.4151,14.4151,15.4767,15.4767,15.7144,15.7144,15.8377,15.8377,16.3432,16.3432,17.4498,17.4498,18.7359,18.7359,19.2871,19.2871,19.7232,19.7232,20.2339,20.2339,20.5907,20.5907,20.8589,20.8589,21.1512,21.1512,22.0951,22.0951,22.3914,22.3915,23.2011,23.2013,23.6463,23.6466,24.3018,24.305,24.6524,24.6747
4.47766760982309,-64.5269,-64.5269,-64.5267,-64.5266,-64.487,-64.487,-64.4869,-64.4869,-64.4867,-64.4867,-64.4867,-64.4867,-64.4285,-64.4284,-64.4283,-64.4283,-64.3411,-64.341,-10.2226,-10.2226,-8.2037,-8.2037,-6.8229,-6.8229,-1.2224,-1.2224,-0.9276,-0.9276,-0.5302,-0.5302,-0.5024,-0.5024,0.1703,0.1703,0.5562,0.5562,0.9653,0.9653,1.3741,1.3741,2.13,2.13,2.2877,2.2877,2.3662,2.3662,2.4782,2.4783,2.6474,2.6474,2.6999,2.6999,2.7546,2.7546,2.8742,2.8743,2.902,2.902,2.9549,2.9549,3.1207,3.1207,3.3618,3.3618,3.4153,3.4153,3.9026,3.9026,4.4608,4.4608,7.1871,7.1871,8.5266,8.5267,9.9412,9.9412,10.5365,10.5365,11.3244,11.3244,11.5964,11.5964,12.0197,12.0197,12.3609,12.3609,13.4249,13.4249,13.8275,13.8275,14.3955,14.3955,15.4868,15.4868,15.7765,15.7765,15.8451,15.8452,16.3948,16.3948,17.5418,17.5418,18.6494,18.6494,19.3,19.3,19.697,19.697,20.2337,20.2337,20.5129,20.5129,20.8429,20.8429,21.1295,21.1295,22.1218,22.1218,22.3413,22.3413,23.2023,23.2024,23.6577,23.6578,24.2859,24.2889,24.679,24.6973
4.487607321445665,-64.5269,-64.5268,-64.5267,-64.5266,-64.4869,-64.4869,-64.4869,-64.4868,-64.4867,-64.4867,-64.4867,-64.4867,-64.4285,-64.4284,-64.4283,-64.4283,-64.3411,-64.341,-10.2257,-10.2257,-8.2083,-8.2082,-6.8265,-6.8265,-1.2334,-1.2334,-0.9306,-0.9306,-0.5162,-0.5162,-0.4951,-0.4951,0.1717,0.1717,0.5603,0.5603,0.9569,0.9569,1.3817,1.3817,2.1339,2.1339,2.2942,2.2943,2.3753,2.3753,2.4897,2.4898,2.6433,2.6433,2.7005,2.7005,2.7482,2.7482,2.8751,2.8751,2.9,2.9,2.9559,2.9559,3.1251,3.1251,3.3735,3.3735,3.4292,3.4292,3.9073,3.9073,4.4594,4.4594,7.1815,7.1815,8.5379,8.5379,9.9378,9.9378,10.5276,10.5276,11.3095,11.3095,11.5584,11.5584,12.0142,12.0142,12.3585,12.3585,13.3812,13.3812,13.7908,13.7908,14.3754,14.3754,15.4888,15.4888,15.8447,15.8447,15.8555,15.8555,16.4461,16.4461,17.6358,17.6358,18.5611,18.5611,19.3077,19.3077,19.6742,19.6742,20.2343,20.2343,20.4344,20.4344,20.8277,20.8277,21.1103,21.1103,22.1181,22.1181,22.3228,22.3228,23.1914,23.1915,23.6805,23.6811,24.2669,24.2678,24.7099,24.7306
4.4975470330682406,-64.5269,-64.5268,-64.5267,-64.5266,-64.4869,-64.4869,-64.4869,-64.4868,-64.4867,-64.4867,-64.4867,-64.4867,-64.4284,-64.4284,-64.4283,-64.4283,-64.341,-64.341,-10.229,-10.229,-8.2131,-8.2131,-6.8303,-6.8303,-1.244,-1.244,-0.9334,-0.9334,-0.5083,-0.5083,-0.4818,-0.4818,0.1733,0.1733,0.5642,0.5642,0.9488,0.9488,1.3888,1.3888,2.1379,2.1379,2.3012,2.3012,2.3849,2.3849,2.5017,2.5017,2.6391,2.6391,2.7012,2.7012,2.7418,2.7418,2.8747,2.8748,2.899,2.899,2.9573,2.9573,3.1299,3.1299,3.3854,3.3854,3.4436,3.4436,3.9123,3.9124,4.458,4.458,7.1758,7.1758,8.5497,8.5497,9.9346,9.9346,10.5183,10.5183,11.295,11.295,11.5189,11.5189,12.0097,12.0097,12.3555,12.3555,13.3371,13.3371,13.754,13.754,14.3549,14.3549,15.4867,15.4867,15.8557,15.8557,15.9282,15.9282,16.4961,16.4962,17.7315,17.7315,18.4715,18.4715,19.3078,19.3078,19.656,19.656,20.2347,20.2347,20.358,20.3581,20.8132,20.8132,21.0929,21.0929,22.0801,22.0801,22.3406,22.3406,23.1707,23.1707,23.7116,23.7117,24.2443,24.2454,24.7412,24.7456
4.507486777790088,-64.5269,-64.5269,-64.5267,-64.5266,-64.487,-64.4869,-64.4869,-64.4868,-64.4867,-64.4867,-64.4867,-64.4866,-64.4284,-64.4284,-64.4283,-64.4283,-64.341,-64.341,-10.2324,-10.2324,-8.2182,-8.2182,-6.8343,-6.8343,-1.2541,-1.2541,-0.9359,-0.9359,-0.504,-0.504,-0.4648,-0.4648,0.1749,0.1749,0.568,0.568,0.941,0.941,1.3954,1.3955,2.142,2.142,2.3086,2.3087,2.3949,2.3949,2.5139,2.5139,2.6348,2.6348,2.7021,2.7021,2.7354,2.7354,2.873,2.873,2.8993,2.8993,2.9591,2.9591,3.1353,3.1353,3.3976,3.3976,3.4583,3.4583,3.9177,3.9178,4.4567,4.4567,7.1698,7.1698,8.562,8.562,9.9314,9.9314,10.5086,10.5086,11.2807,11.2807,11.4781,11.4781,12.0061,12.0061,12.3519,12.3519,13.2927,13.2927,13.7172,13.7172,14.3342,14.3342,15.4824,15.4824,15.8606,15.8606,16.0093,16.0093,16.5445,16.5446,17.8288,17.8288,18.3813,18.3813,19.2986,19.2986,19.6429,19.6429,20.2273,20.2273,20.293,20.2931,20.7997,20.7997,21.0771,21.0771,22.0253,22.0253,22.3775,22.3776,23.143,23.1431,23.7483,23.7519,24.2198,24.2319,24.7765,24.8422
4.517426489412664,-64.5269,-64.5269,-64.5266,-64.5266,-64.487,-64.4869,-64.4869,-64.4868,-64.4867,-64.4867,-64.4867,-64.4866,-64.4284,-64.4284,-64.4283,-64.4283,-64.341,-64.341,-10.2361,-10.2361,-8.2236,-8.2236,-6.8386,-6.8386,-1.2638,-1.2638,-0.9382,-0.9382,-0.501,-0.501,-0.4468,-0.4468,0.1766,0.1766,0.5717,0.5717,0.9336,0.9336,1.4016,1.4016,2.1463,2.1463,2.3165,2.3165,2.4053,2.4054,2.5264,2.5265,2.6306,2.6306,2.7031,2.7031,2.7291,2.7291,2.8701,2.8701,2.9008,2.9008,2.9614,2.9614,3.1411,3.1411,3.4101,3.4101,3.4735,3.4735,3.9236,3.9236,4.4554,4.4554,7.1636,7.1636,8.5749,8.5749,9.9284,9.9284,10.4987,10.4987,11.2665,11.2665,11.4365,11.4365,12.0034,12.0034,12.3478,12.3478,13.2484,13.2484,13.6804,13.6804,14.3133,14.3133,15.4772,15.4772,15.8651,15.8651,16.0915,16.0915,16.5911,16.5911,17.927,17.927,18.2914,18.2914,19.2795,19.2795,19.6342,19.6342,20.183,20.183,20.2697,20.2697,20.7875,20.7875,21.0624,21.0624,21.9659,21.9659,22.4218,22.4218,23.1104,23.1106,23.7887,23.7898,24.1942,24.1952,24.8045,24.814
4.527366201035239,-64.5269,-64.5269,-64.5266,-64.5266,-64.487,-64.487,-64.4869,-64.4868,-64.4867,-64.4867,-64.4866,-64.4866,-64.4284,-64.4284,-64.4283,-64.4283,-64.341,-64.341,-10.2399,-10.2399,-8.2293,-8.2293,-6.8431,-6.8431,-1.2729,-1.2729,-0.9401,-0.9401,-0.4983,-0.4983,-0.4284,-0.4284,0.1785,0.1785,0.5751,0.5751,0.9266,0.9266,1.4073,1.4073,2.1506,2.1506,2.3248,2.3248,2.4162,2.4162,2.5391,2.5391,2.6263,2.6264,2.7043,2.7044,2.7229,2.723,2.8665,2.8665,2.9031,2.9031,2.964,2.964,3.1474,3.1474,3.4228,3.4229,3.4889,3.4889,3.9298,3.9298,4.4541,4.4542,7.1572,7.1572,8.5883,8.5883,9.9255,9.9255,10.4886,10.4886,11.2519,11.2519,11.3944,11.3944,12.0016,12.0016,12.3432,12.3432,13.2043,13.2043,13.6436,13.6436,14.2924,14.2924,15.4716,15.4716,15.8693,15.8693,16.1729,16.1729,16.6359,16.6359,18.0236,18.0236,18.2046,18.2046,19.2512,19.2512,19.6277,19.6277,20.1176,20.1176,20.2734,20.2734,20.7775,20.7775,21.0487,21.0487,21.9067,21.9067,22.469,22.4691,23.0747,23.0748,23.8304,23.8342,24.1673,24.1687,24.8351,24.9429
4.537305945757087,-64.5269,-64.5269,-64.5266,-64.5266,-64.487,-64.487,-64.4869,-64.4868,-64.4867,-64.4867,-64.4866,-64.4866,-64.4284,-64.4284,-64.4283,-64.4283,-64.341,-64.341,-10.2439,-10.2439,-8.2353,-8.2352,-6.8478,-6.8478,-1.2816,-1.2816,-0.9417,-0.9417,-0.4958,-0.4958,-0.4101,-0.4101,0.1805,0.1805,0.5783,0.5784,0.9199,0.9199,1.4126,1.4126,2.155,2.155,2.3335,2.3335,2.4274,2.4274,2.5518,2.5518,2.6221,2.6222,2.7056,2.7057,2.7171,2.7171,2.8626,2.8626,2.9059,2.9059,2.9669,2.9669,3.1541,3.1541,3.4359,3.4359,3.5046,3.5046,3.9364,3.9364,4.453,4.453,7.1507,7.1507,8.6022,8.6022,9.9227,9.9227,10.4784,10.4784,11.2361,11.2361,11.3527,11.3527,12.0006,12.0006,12.338,12.338,13.1608,13.1608,13.6068,13.6068,14.2715,14.2715,15.4657,15.4657,15.8732,15.8732,16.2516,16.2516,16.6794,16.6794,18.0798,18.0799,18.1601,18.1601,19.2151,19.2152,19.6203,19.6203,20.0528,20.0529,20.2835,20.2835,20.7706,20.7706,21.0361,21.0361,21.8497,21.8497,22.5173,22.5174,23.0369,23.0369,23.872,23.8728,24.1396,24.1402,24.8641,24.8792
4.547245657379662,-64.527,-64.5269,-64.5266,-64.5266,-64.487,-64.487,-64.4869,-64.4869,-64.4867,-64.4867,-64.4866,-64.4866,-64.4284,-64.4284,-64.4283,-64.4283,-64.341,-64.341,-10.2482,-10.2482,-8.2415,-8.2415,-6.8527,-6.8527,-1.2898,-1.2898,-0.9428,-0.9428,-0.4934,-0.4934,-0.3918,-0.3918,0.1826,0.1826,0.5813,0.5813,0.9136,0.9136,1.4173,1.4173,2.1594,2.1595,2.3426,2.3426,2.439,2.439,2.5643,2.5643,2.618,2.618,2.7065,2.7065,2.7122,2.7122,2.8586,2.8586,2.9091,2.9091,2.9703,2.9703,3.1612,3.1613,3.4492,3.4493,3.5206,3.5206,3.9435,3.9435,4.452,4.452,7.1439,7.1439,8.6167,8.6167,9.9201,9.9201,10.4681,10.4681,11.2179,11.2179,11.3127,11.3127,12.0004,12.0004,12.3323,12.3323,13.118,13.118,13.5701,13.5701,14.2509,14.2509,15.4599,15.4599,15.8769,15.8769,16.3256,16.3256,16.7223,16.7223,18.0112,18.0112,18.2425,18.2425,19.173,19.173,19.6092,19.6092,19.9931,19.9931,20.296,20.296,20.7682,20.7682,21.0243,21.0243,21.796,21.796,22.5657,22.5657,22.9977,22.9979,23.9139,23.9148,24.1115,24.1123,24.8944,24.9075
4.557185369002237,-64.5269,-64.5269,-64.5266,-64.5266,-64.487,-64.487,-64.4868,-64.4868,-64.4867,-64.4867,-64.4866,-64.4866,-64.4284,-64.4284,-64.4283,-64.4283,-64.341,-64.3409,-10.2526,-10.2526,-8.248,-8.248,-6.8579,-6.8579,-1.2975,-1.2975,-0.9436,-0.9436,-0.4909,-0.4909,-0.3736,-0.3736,0.1847,0.1847,0.584,0.584,0.9077,0.9077,1.4216,1.4216,2.164,2.164,2.3521,2.3521,2.4508,2.4509,2.5764,2.5764,2.614,2.614,2.7041,2.7041,2.7113,2.7113,2.8548,2.8548,2.9125,2.9126,2.974,2.974,3.1688,3.1688,3.4629,3.4629,3.5367,3.5367,3.9511,3.9511,4.4512,4.4512,7.137,7.137,8.6315,8.6316,9.9176,9.9176,10.4578,10.4578,11.1949,11.1949,11.2768,11.2768,12.0008,12.0008,12.3262,12.3262,13.0761,13.0761,13.5335,13.5335,14.2305,14.2305,15.454,15.454,15.8804,15.8804,16.3926,16.3926,16.7654,16.7654,17.9281,17.9281,18.3417,18.3417,19.1264,19.1265,19.5918,19.5918,19.9403,19.9403,20.3091,20.3091,20.7715,20.7715,21.0136,21.0136,21.7461,21.7461,22.6136,22.6136,22.9578,22.9578,23.9542,23.9549,24.0829,24.0836,24.9124,24.924
4.5671250806248125,-64.5269,-64.5269,-64.5266,-64.5266,-64.487,-64.487,-64.4868,-64.4868,-64.4867,-64.4867,-64.4866,-64.4866,-64.4283,-64.4283,-64.4283,-64.4283,-64.341,-64.3409,-10.2572,-10.2572,-8.2549,-8.2548,-6.8633,-6.8633,-1.3049,-1.3049,-0.9438,-0.9438,-0.4885,-0.4885,-0.3557,-0.3557,0.1871,0.1871,0.5865,0.5865,0.9021,0.9021,1.4254,1.4254,2.1685,2.1686,2.3619,2.3619,2.463,2.463,2.5878,2.5878,2.6103,2.6103,2.6996,2.6996,2.7133,2.7134,2.8511,2.8511,2.9162,2.9162,2.9783,2.9783,3.1768,3.1769,3.4768,3.4768,3.5531,3.5531,3.9592,3.9592,4.4506,4.4506,7.13,7.13,8.6469,8.6469,9.9153,9.9153,10.4476,10.4476,11.1643,11.1643,11.2477,11.2477,12.0017,12.0017,12.3196,12.3196,13.0354,13.0354,13.4969,13.4969,14.2105,14.2105,15.448,15.448,15.8838,15.8838,16.4502,16.4502,16.8093,16.8093,17.8474,17.8474,18.441,18.441,19.0773,19.0773,19.5667,19.5667,19.8955,19.8955,20.3212,20.3212,20.7821,20.7821,21.0042,21.0042,21.7004,21.7004,22.6605,22.6605,22.9176,22.9176,23.992,23.9933,24.0561,24.0567,24.9314,24.9347
4.57706482534666,-64.5269,-64.5269,-64.5266,-64.5265,-64.487,-64.487,-64.4868,-64.4868,-64.4867,-64.4867,-64.4866,-64.4866,-64.4283,-64.4283,-64.4283,-64.4283,-64.341,-64.3409,-10.262,-10.262,-8.2619,-8.2619,-6.8689,-6.8689,-1.3118,-1.3118,-0.9436,-0.9436,-0.4859,-0.4859,-0.338,-0.338,0.1895,0.1895,0.5886,0.5886,0.8968,0.8968,1.4287,1.4287,2.1732,2.1732,2.3719,2.372,2.4753,2.4753,2.5974,2.5974,2.6074,2.6074,2.6954,2.6954,2.7163,2.7163,2.8478,2.8478,2.9199,2.9199,2.983,2.983,3.1853,3.1853,3.4909,3.4909,3.5697,3.5697,3.9678,3.9678,4.4502,4.4502,7.1228,7.1228,8.6627,8.6627,9.913,9.913,10.4376,10.4376,11.1263,11.1263,11.2256,11.2256,12.0028,12.0029,12.3128,12.3128,12.9961,12.9961,13.4605,13.4605,14.1909,14.1909,15.4419,15.4419,15.8869,15.8869,16.4966,16.4966,16.8533,16.8533,17.7726,17.7726,18.537,18.537,19.0281,19.0281,19.5337,19.5337,19.8592,19.8592,20.3308,20.3308,20.8006,20.8006,20.9967,20.9967,21.6589,21.6589,22.7059,22.7059,22.8773,22.8773,24.0089,24.0099,24.0473,24.0477,24.94,24.9433
4.587004536969236,-64.527,-64.5269,-64.5266,-64.5266,-64.487,-64.487,-64.4869,-64.4868,-64.4867,-64.4867,-64.4866,-64.4866,-64.4283,-64.4283,-64.4283,-64.4283,-64.341,-64.3409,-10.267,-10.267,-8.2693,-8.2693,-6.8747,-6.8747,-1.3183,-1.3183,-0.9429,-0.9429,-0.4833,-0.4833,-0.3205,-0.3205,0.192,0.192,0.5905,0.5905,0.892,0.892,1.4316,1.4316,2.1778,2.1778,2.3822,2.3823,2.4877,2.4878,2.6002,2.6002,2.6101,2.6101,2.6922,2.6922,2.7198,2.7199,2.8447,2.8448,2.9237,2.9237,2.9882,2.9882,3.1942,3.1942,3.5053,3.5053,3.5863,3.5864,3.9769,3.9769,4.4501,4.4501,7.1155,7.1155,8.6788,8.6789,9.9109,9.9109,10.4277,10.4277,11.0832,11.0832,11.2077,11.2077,12.0041,12.0041,12.3057,12.3057,12.9583,12.9583,13.4242,13.4242,14.172,14.172,15.4355,15.4355,15.8898,15.8898,16.5311,16.5311,16.8947,16.8947,17.707,17.707,18.6245,18.6245,18.9833,18.9833,19.4936,19.4936,19.8313,19.8313,20.337,20.337,20.8263,20.8263,20.9924,20.9924,21.6217,21.6217,22.7491,22.7491,22.8374,22.8374,23.9864,23.9869,24.0768,24.0774,24.9427,24.9537
4.596944248591811,-64.527,-64.5269,-64.5266,-64.5265,-64.487,-64.487,-64.4869,-64.4868,-64.4867,-64.4867,-64.4866,-64.4866,-64.4283,-64.4283,-64.4283,-64.4283,-64.341,-64.3409,-10.2722,-10.2722,-8.2769,-8.2769,-6.8807,-6.8807,-1.3245,-1.3245,-0.9416,-0.9416,-0.4806,-0.4806,-0.3032,-0.3032,0.1946,0.1946,0.592,0.592,0.8874,0.8874,1.434,1.434,2.1824,2.1825,2.3927,2.3927,2.5002,2.5003,2.5975,2.5975,2.6164,2.6164,2.6905,2.6905,2.7242,2.7242,2.8421,2.8421,2.9275,2.9275,2.9941,2.9941,3.2036,3.2036,3.5199,3.52,3.6032,3.6032,3.9866,3.9866,4.4504,4.4504,7.1081,7.1081,8.6954,8.6954,9.9089,9.9089,10.4181,10.4181,11.0374,11.0374,11.1921,11.1921,12.0051,12.0051,12.2985,12.2985,12.9222,12.9222,13.3882,13.3882,14.1537,14.1537,15.4286,15.4286,15.8924,15.8924,16.554,16.554,16.9283,16.9283,17.6553,17.6553,18.6923,18.6924,18.9532,18.9532,19.4483,19.4483,19.8116,19.8116,20.3397,20.3397,20.8558,20.8558,20.9944,20.9944,21.5886,21.5886,22.7849,22.7849,22.8027,22.8027,23.9571,23.9573,24.111,24.1117,24.9351,24.9383
4.606883993313659,-64.527,-64.5269,-64.5266,-64.5266,-64.487,-64.487,-64.4869,-64.4869,-64.4867,-64.4867,-64.4866,-64.4866,-64.4283,-64.4283,-64.4283,-64.4283,-64.341,-64.3409,-10.2775,-10.2775,-8.2848,-8.2848,-6.8869,-6.8869,-1.3303,-1.3303,-0.9398,-0.9398,-0.4777,-0.4777,-0.2863,-0.2863,0.1974,0.1974,0.5932,0.5932,0.8832,0.8832,1.436,1.436,2.1871,2.1871,2.4033,2.4034,2.5127,2.5127,2.5942,2.5942,2.6211,2.6211,2.6905,2.6905,2.7292,2.7292,2.84,2.84,2.9314,2.9314,3.0007,3.0007,3.2135,3.2135,3.5347,3.5348,3.6201,3.6201,3.9969,3.9969,4.451,4.451,7.1006,7.1006,8.7123,8.7123,9.9069,9.9069,10.4088,10.4088,10.9899,10.9899,11.1776,11.1776,12.0055,12.0055,12.2915,12.2915,12.888,12.888,13.3523,13.3523,14.1361,14.1361,15.421,15.421,15.8949,15.8949,16.5663,16.5663,16.9478,16.9478,17.6225,17.6225,18.7195,18.7195,18.9572,18.9572,19.4,19.4,19.8006,19.8006,20.3392,20.3392,20.8821,20.8821,21.0091,21.0091,21.5595,21.5595,22.7561,22.7561,22.8299,22.8299,23.9271,23.9274,24.1447,24.1453,24.9166,24.9229
4.616823704936234,-64.5269,-64.5269,-64.5266,-64.5266,-64.487,-64.487,-64.4868,-64.4868,-64.4867,-64.4867,-64.4866,-64.4866,-64.4284,-64.4284,-64.4283,-64.4283,-64.341,-64.3409,-10.2831,-10.2831,-8.2929,-8.2929,-6.8934,-6.8934,-1.3358,-1.3358,-0.9374,-0.9374,-0.4747,-0.4747,-0.2696,-0.2696,0.2002,0.2002,0.5941,0.5941,0.8793,0.8793,1.4376,1.4376,2.1918,2.1918,2.414,2.4141,2.525,2.5251,2.5909,2.5909,2.6232,2.6233,2.6925,2.6926,2.7351,2.7351,2.8384,2.8384,2.9354,2.9354,3.008,3.008,3.2239,3.2239,3.5498,3.5498,3.637,3.6371,4.0077,4.0078,4.452,4.452,7.093,7.093,8.7296,8.7296,9.905,9.9051,10.3998,10.3998,10.9414,10.9414,11.1636,11.1636,12.0049,12.0049,12.285,12.285,12.8558,12.8558,13.3167,13.3167,14.1193,14.1193,15.4124,15.4124,15.8972,15.8972,16.5691,16.5691,16.9476,16.9476,17.6128,17.6128,18.7023,18.7023,18.9955,18.9955,19.3515,19.3516,19.7999,19.7999,20.3363,20.3363,20.8973,20.8973,21.0426,21.0426,21.5342,21.5342,22.7176,22.7176,22.8632,22.8632,23.8972,23.8974,24.1772,24.1778,24.8875,24.8911
4.626763416558809,-64.5269,-64.5269,-64.5266,-64.5265,-64.487,-64.487,-64.4868,-64.4868,-64.4867,-64.4867,-64.4866,-64.4866,-64.4284,-64.4284,-64.4283,-64.4283,-64.341,-64.3409,-10.2888,-10.2888,-8.3013,-8.3013,-6.9,-6.9,-1.341,-1.341,-0.9344,-0.9344,-0.4716,-0.4716,-0.2533,-0.2533,0.2032,0.2032,0.5947,0.5947,0.8758,0.8758,1.4387,1.4387,2.1965,2.1965,2.4247,2.4248,2.5371,2.5371,2.5878,2.5878,2.6232,2.6232,2.6963,2.6963,2.7417,2.7417,2.8373,2.8374,2.9395,2.9395,3.0161,3.0161,3.2349,3.2349,3.5649,3.5649,3.6541,3.6541,4.0192,4.0192,4.4535,4.4535,7.0853,7.0853,8.7472,8.7472,9.9032,9.9032,10.3913,10.3913,10.8923,10.8923,11.1498,11.1498,12.0028,12.0028,12.2793,12.2793,12.8257,12.8257,13.2814,13.2814,14.1033,14.1033,15.4025,15.4025,15.8993,15.8993,16.5632,16.5632,16.9265,16.9265,17.6259,17.6259,18.6632,18.6633,19.0388,19.0388,19.3086,19.3086,19.8117,19.8117,20.3319,20.3319,20.9022,20.9022,21.0932,21.0932,21.5124,21.5124,22.6795,22.6795,22.8918,22.8918,23.8679,23.868,24.2081,24.2086,24.848,24.8507
4.636703161280657,-64.5269,-64.5269,-64.5266,-64.5265,-64.487,-64.487,-64.4869,-64.4868,-64.4867,-64.4867,-64.4866,-64.4866,-64.4285,-64.4284,-64.4283,-64.4283,-64.3411,-64.341,-10.2946,-10.2946,-8.3099,-8.3099,-6.9068,-6.9068,-1.346,-1.346,-0.9308,-0.9308,-0.4682,-0.4682,-0.2373,-0.2373,0.2062,0.2062,0.595,0.595,0.8725,0.8725,1.4394,1.4394,2.2012,2.2012,2.4354,2.4354,2.5486,2.5486,2.5848,2.5848,2.6215,2.6215,2.7012,2.7012,2.7489,2.7489,2.8369,2.8369,2.9436,2.9436,3.025,3.025,3.2463,3.2464,3.5802,3.5802,3.6711,3.6712,4.0313,4.0313,4.4556,4.4556,7.0776,7.0776,8.765,8.765,9.9014,9.9014,10.3831,10.3831,10.8427,10.8427,11.136,11.136,11.9989,11.9989,12.2747,12.2747,12.7978,12.7978,13.2465,13.2465,14.0883,14.0883,15.3909,15.3909,15.9012,15.9012,16.5494,16.5494,16.8882,16.8882,17.6569,17.6569,18.6178,18.6178,19.0602,19.0602,19.2816,19.2816,19.8388,19.8388,20.3267,20.3267,20.9018,20.9018,21.1543,21.1543,21.494,21.494,22.6421,22.6421,22.9142,22.9142,23.8403,23.8405,24.2378,24.2388,24.8016,24.8023
4.646642872903232,-64.5269,-64.5269,-64.5266,-64.5266,-64.487,-64.487,-64.4869,-64.4868,-64.4868,-64.4867,-64.4866,-64.4865,-64.4285,-64.4284,-64.4283,-64.4283,-64.341,-64.341,-10.3007,-10.3007,-8.3188,-8.3187,-6.9139,-6.9139,-1.3507,-1.3507,-0.9265,-0.9265,-0.4646,-0.4646,-0.2216,-0.2216,0.2093,0.2093,0.5949,0.5949,0.8696,0.8696,1.4397,1.4397,2.2059,2.206,2.4459,2.4459,2.5595,2.5595,2.582,2.582,2.6188,2.6188,2.707,2.707,2.7565,2.7565,2.8373,2.8373,2.9479,2.9479,3.0347,3.0347,3.2584,3.2584,3.5956,3.5956,3.6882,3.6882,4.0441,4.0441,4.4583,4.4583,7.0698,7.0698,8.7831,8.7831,9.8996,9.8996,10.3753,10.3753,10.7928,10.7928,11.1222,11.1222,11.9926,11.9926,12.2716,12.2716,12.7721,12.7721,13.2121,13.2121,14.0742,14.0742,15.3773,15.3773,15.903,15.903,16.5281,16.5281,16.8382,16.8382,17.6988,17.6988,18.5723,18.5723,19.0447,19.0447,19.2788,19.2788,19.8828,19.8828,20.3212,20.3212,20.8993,20.8994,21.2215,21.2215,21.4787,21.4787,22.6055,22.6055,22.929,22.929,23.815,23.8152,24.2663,24.2666,24.7497,24.7514
4.6565825845258075,-64.5269,-64.5269,-64.5266,-64.5266,-64.487,-64.487,-64.4869,-64.4868,-64.4868,-64.4867,-64.4866,-64.4865,-64.4285,-64.4284,-64.4283,-64.4283,-64.341,-64.341,-10.3069,-10.3069,-8.3278,-8.3278,-6.9211,-6.9211,-1.3552,-1.3552,-0.9217,-0.9217,-0.4608,-0.4608,-0.2062,-0.2062,0.2125,0.2125,0.5945,0.5945,0.867,0.867,1.4397,1.4397,2.2107,2.2107,2.4562,2.4562,2.5694,2.5694,2.5794,2.5795,2.6157,2.6157,2.7134,2.7134,2.7641,2.7641,2.8386,2.8386,2.9523,2.9523,3.0452,3.0452,3.2712,3.2712,3.611,3.611,3.7053,3.7053,4.0574,4.0575,4.4617,4.4617,7.0619,7.0619,8.8015,8.8015,9.8978,9.8978,10.368,10.368,10.7427,10.7427,11.1084,11.1084,11.9838,11.9838,12.2703,12.2703,12.7486,12.7486,13.1783,13.1783,14.061,14.061,15.3613,15.3613,15.9045,15.9045,16.5,16.5,16.7816,16.7816,17.7454,17.7454,18.5299,18.5299,19.0004,19.0004,19.2908,19.2908,19.9435,19.9435,20.316,20.316,20.8965,20.8965,21.2918,21.2918,21.4667,21.4667,22.5699,22.5699,22.9348,22.9349,23.793,23.7932,24.2942,24.2997,24.6922,24.699
4.666522296148383,-64.5269,-64.5268,-64.5266,-64.5265,-64.487,-64.4869,-64.4868,-64.4868,-64.4867,-64.4867,-64.4865,-64.4865,-64.4284,-64.4284,-64.4283,-64.4283,-64.341,-64.341,-10.3132,-10.3132,-8.3371,-8.3371,-6.9285,-6.9285,-1.3595,-1.3595,-0.9161,-0.9161,-0.4567,-0.4567,-0.1912,-0.1912,0.2157,0.2157,0.5938,0.5938,0.8647,0.8647,1.4392,1.4392,2.2154,2.2154,2.4662,2.4663,2.576,2.576,2.579,2.579,2.6129,2.6129,2.7203,2.7203,2.7715,2.7715,2.8409,2.8409,2.957,2.957,3.0565,3.0565,3.2846,3.2846,3.6265,3.6265,3.7223,3.7223,4.0715,4.0715,4.4658,4.4658,7.0541,7.0541,8.82,8.82,9.8959,9.8959,10.3611,10.3611,10.6924,10.6924,11.0944,11.0944,11.9723,11.9723,12.2708,12.2708,12.7273,12.7273,13.1451,13.1451,14.0488,14.0488,15.3424,15.3424,15.9058,15.9058,16.4654,16.4654,16.7219,16.7219,17.7913,17.7913,18.4926,18.4926,18.9414,18.9414,19.3054,19.3054,20.0182,20.0182,20.3116,20.3116,20.8941,20.8941,21.3616,21.3616,21.4596,21.4596,22.5352,22.5353,22.9305,22.9306,23.7754,23.7754,24.3186,24.3189,24.635,24.6355
4.676462040870231,-64.5269,-64.5268,-64.5265,-64.5265,-64.4869,-64.4869,-64.4868,-64.4868,-64.4867,-64.4867,-64.4865,-64.4865,-64.4284,-64.4284,-64.4283,-64.4282,-64.341,-64.3409,-10.3197,-10.3197,-8.3466,-8.3466,-6.936,-6.936,-1.3637,-1.3637,-0.9099,-0.9099,-0.4524,-0.4524,-0.1765,-0.1765,0.2191,0.2191,0.5928,0.5928,0.8626,0.8626,1.4384,1.4384,2.2201,2.2201,2.4759,2.476,2.5744,2.5744,2.5847,2.5847,2.6113,2.6113,2.7276,2.7276,2.7784,2.7784,2.8444,2.8444,2.9621,2.9621,3.0684,3.0684,3.2988,3.2988,3.642,3.642,3.7393,3.7393,4.0862,4.0862,4.4708,4.4708,7.0462,7.0462,8.8387,8.8387,9.8939,9.894,10.3546,10.3546,10.6422,10.6422,11.0803,11.0803,11.9581,11.9581,12.273,12.273,12.708,12.708,13.1127,13.1127,14.0377,14.0377,15.3201,15.3201,15.9068,15.9068,16.4251,16.4252,16.6616,16.6616,17.8324,17.8324,18.4621,18.4621,18.8758,18.8758,19.3181,19.3182,20.1032,20.1032,20.3086,20.3086,20.8927,20.8928,21.4159,21.4159,21.471,21.471,22.5016,22.5016,22.9154,22.9155,23.7629,23.7631,24.3421,24.3455,24.5826,24.5856
4.686401752492806,-64.5269,-64.5268,-64.5265,-64.5265,-64.487,-64.487,-64.4868,-64.4868,-64.4867,-64.4866,-64.4865,-64.4865,-64.4284,-64.4284,-64.4283,-64.4282,-64.341,-64.3409,-10.3264,-10.3264,-8.3563,-8.3563,-6.9438,-6.9438,-1.3677,-1.3677,-0.9031,-0.9031,-0.4478,-0.4478,-0.1622,-0.1622,0.2225,0.2225,0.5915,0.5915,0.8609,0.8609,1.4372,1.4372,2.2248,2.2249,2.4852,2.4852,2.5723,2.5724,2.5876,2.5876,2.6122,2.6122,2.7352,2.7352,2.7845,2.7846,2.8492,2.8492,2.9676,2.9676,3.081,3.081,3.3137,3.3137,3.6574,3.6574,3.7562,3.7562,4.1016,4.1016,4.4767,4.4767,7.0383,7.0383,8.8574,8.8575,9.8919,9.8919,10.3484,10.3484,10.592,10.592,11.0662,11.0662,11.9416,11.9416,12.2767,12.2767,12.6908,12.6908,13.0811,13.0811,14.0275,14.0275,15.2941,15.2941,15.9073,15.9073,16.3801,16.3801,16.6019,16.6019,17.8655,17.8655,18.4391,18.4391,18.8071,18.8071,19.3293,19.3293,20.1923,20.1924,20.3097,20.3097,20.8929,20.8929,21.4268,21.4268,21.5274,21.5274,22.469,22.469,22.8894,22.8894,23.7552,23.7554,24.3578,24.3584,24.53,24.5313
4.696341464115381,-64.5269,-64.5269,-64.5265,-64.5265,-64.487,-64.487,-64.4868,-64.4868,-64.4867,-64.4866,-64.4865,-64.4864,-64.4284,-64.4284,-64.4283,-64.4282,-64.341,-64.3409,-10.3332,-10.3332,-8.3663,-8.3662,-6.9517,-6.9517,-1.3717,-1.3717,-0.8956,-0.8956,-0.4428,-0.4428,-0.1483,-0.1483,0.2259,0.2259,0.5898,0.5898,0.8595,0.8595,1.4357,1.4357,2.2295,2.2296,2.494,2.494,2.5705,2.5705,2.5872,2.5872,2.6156,2.6156,2.7431,2.7431,2.7898,2.7899,2.8552,2.8552,2.9737,2.9737,3.0941,3.0941,3.3295,3.3295,3.6727,3.6727,3.773,3.773,4.1176,4.1176,4.4836,4.4836,7.0304,7.0304,8.8763,8.8763,9.8897,9.8897,10.3427,10.3427,10.542,10.542,11.0519,11.0519,11.923,11.923,12.2816,12.2816,12.6755,12.6755,13.0506,13.0506,14.0184,14.0184,15.264,15.264,15.907,15.907,16.3313,16.3313,16.5438,16.5438,17.8885,17.8885,18.4231,18.4231,18.7384,18.7384,19.34,19.34,20.2634,20.2634,20.3342,20.3342,20.895,20.895,21.4252,21.4252,21.597,21.597,22.4373,22.4373,22.8535,22.8535,23.7523,23.7524,24.357,24.3593,24.4992,24.5017
4.706281208837229,-64.5269,-64.5268,-64.5265,-64.5265,-64.487,-64.487,-64.4868,-64.4868,-64.4867,-64.4866,-64.4865,-64.4864,-64.4284,-64.4284,-64.4283,-64.4282,-64.341,-64.3409,-10.3401,-10.3401,-8.3763,-8.3763,-6.9597,-6.9597,-1.3756,-1.3756,-0.8874,-0.8874,-0.4376,-0.4376,-0.1346,-0.1346,0.2293,0.2293,0.5878,0.5878,0.8584,0.8584,1.4339,1.4339,2.2343,2.2343,2.5022,2.5023,2.5687,2.5687,2.585,2.585,2.6202,2.6202,2.751,2.751,2.7943,2.7943,2.8624,2.8624,2.9805,2.9805,3.1077,3.1077,3.3462,3.3462,3.688,3.688,3.7897,3.7897,4.1342,4.1342,4.4916,4.4916,7.0225,7.0225,8.8952,8.8952,9.8873,9.8873,10.3372,10.3372,10.4923,10.4923,11.0376,11.0376,11.9026,11.9026,12.2871,12.2871,12.6621,12.6621,13.0213,13.0213,14.0102,14.0102,15.2294,15.2294,15.9054,15.9054,16.2801,16.2801,16.4877,16.4877,17.9007,17.9007,18.4112,18.4112,18.6727,18.6727,19.3515,19.3515,20.2808,20.2808,20.4149,20.4149,20.8997,20.8997,21.423,21.423,21.6664,21.6664,22.4061,22.4061,22.8094,22.8095,23.7531,23.7532,24.3282,24.3294,24.4987,24.5063
4.716220920459804,-64.5269,-64.5269,-64.5265,-64.5265,-64.487,-64.487,-64.4869,-64.4868,-64.4867,-64.4866,-64.4865,-64.4864,-64.4284,-64.4284,-64.4283,-64.4283,-64.341,-64.3409,-10.3471,-10.3471,-8.3866,-8.3866,-6.9679,-6.9679,-1.3795,-1.3795,-0.8785,-0.8785,-0.4321,-0.4321,-0.1214,-0.1214,0.2328,0.2328,0.5855,0.5855,0.8576,0.8576,1.4317,1.4317,2.239,2.239,2.5099,2.5099,2.5671,2.5671,2.5823,2.5823,2.6249,2.625,2.7589,2.7589,2.7981,2.7982,2.8704,2.8704,2.9884,2.9884,3.1215,3.1215,3.3637,3.3638,3.703,3.703,3.8063,3.8063,4.1515,4.1515,4.5007,4.5007,7.0146,7.0146,8.9141,8.9141,9.8847,9.8847,10.3318,10.3318,10.443,10.443,11.0233,11.0233,11.881,11.881,12.2928,12.2928,12.6504,12.6504,12.9933,12.9934,14.0031,14.0031,15.1902,15.1902,15.9018,15.9018,16.2276,16.2276,16.4342,16.4342,17.9031,17.9031,18.3967,18.3967,18.6157,18.6157,19.3647,19.3647,20.282,20.282,20.512,20.5121,20.9075,20.9075,21.422,21.422,21.7331,21.7331,22.3749,22.3749,22.7599,22.7599,23.7565,23.7569,24.2798,24.2816,24.5182,24.5221
4.7261606320823795,-64.5269,-64.5268,-64.5265,-64.5265,-64.487,-64.487,-64.4869,-64.4868,-64.4867,-64.4866,-64.4865,-64.4864,-64.4284,-64.4284,-64.4283,-64.4283,-64.341,-64.3409,-10.3543,-10.3543,-8.397,-8.397,-6.9762,-6.9762,-1.3834,-1.3834,-0.8689,-0.8689,-0.4262,-0.4262,-0.1084,-0.1084,0.2363,0.2363,0.5829,0.5829,0.857,0.857,1.4293,1.4293,2.2437,2.2437,2.5167,2.5168,2.5655,2.5656,2.5796,2.5796,2.6294,2.6294,2.7665,2.7665,2.8015,2.8015,2.879,2.879,2.9975,2.9975,3.1355,3.1355,3.3823,3.3824,3.7179,3.7179,3.8228,3.8228,4.1694,4.1695,4.511,4.511,7.0068,7.0068,8.9329,8.9329,9.8817,9.8817,10.3262,10.3262,10.3946,10.3946,11.0091,11.0091,11.8584,11.8584,12.2983,12.2983,12.6404,12.6404,12.967,12.967,13.997,13.997,15.1464,15.1464,15.8947,15.8947,16.1751,16.1751,16.3842,16.3842,17.8975,17.8975,18.3694,18.3694,18.5754,18.5754,19.3801,19.3801,20.2805,20.2805,20.6093,20.6093,20.9194,20.9194,21.4225,21.4225,21.7952,21.7952,22.3429,22.3429,22.7083,22.7084,23.7609,23.7615,24.2234,24.225,24.5494,24.5782
4.736100376804227,-64.5269,-64.5269,-64.5265,-64.5265,-64.487,-64.487,-64.4869,-64.4868,-64.4867,-64.4867,-64.4865,-64.4865,-64.4284,-64.4284,-64.4283,-64.4283,-64.341,-64.341,-10.3616,-10.3616,-8.4076,-8.4076,-6.9847,-6.9847,-1.3872,-1.3872,-0.8587,-0.8587,-0.42,-0.42,-0.0959,-0.0959,0.2398,0.2398,0.58,0.58,0.8568,0.8568,1.4265,1.4265,2.2484,2.2484,2.5228,2.5228,2.564,2.5641,2.5774,2.5774,2.6334,2.6334,2.7736,2.7736,2.8045,2.8045,2.8878,2.8878,3.0081,3.0081,3.1495,3.1495,3.4019,3.402,3.7325,3.7325,3.8392,3.8392,4.188,4.188,4.5225,4.5225,6.999,6.999,8.9516,8.9516,9.8784,9.8784,10.3184,10.3184,10.3491,10.3491,10.9949,10.9949,11.8353,11.8353,12.3029,12.3029,12.632,12.632,12.9425,12.9425,13.9917,13.9917,15.098,15.098,15.8819,15.8819,16.1244,16.1245,16.3385,16.3385,17.8861,17.8861,18.3233,18.3233,18.5557,18.5557,19.398,19.398,20.278,20.278,20.7013,20.7013,20.9373,20.9374,21.4251,21.4251,21.8509,21.8509,22.3087,22.3087,22.6592,22.6592,23.7656,23.7658,24.163,24.1636,24.5852,24.5882
4.746040088426803,-64.5269,-64.5269,-64.5265,-64.5265,-64.487,-64.487,-64.4869,-64.4868,-64.4867,-64.4867,-64.4865,-64.4865,-64.4285,-64.4284,-64.4284,-64.4283,-64.3411,-64.341,-10.369,-10.369,-8.4183,-8.4183,-6.9933,-6.9933,-1.3911,-1.3911,-0.8478,-0.8478,-0.4134,-0.4134,-0.0836,-0.0836,0.2433,0.2433,0.5768,0.5769,0.8569,0.8569,1.4235,1.4235,2.2531,2.2531,2.5277,2.5278,2.5627,2.5627,2.5759,2.5759,2.6369,2.637,2.7801,2.7801,2.8074,2.8074,2.8964,2.8965,3.0204,3.0204,3.1634,3.1634,3.4226,3.4226,3.7468,3.7468,3.8555,3.8555,4.2072,4.2072,4.5353,4.5353,6.9912,6.9912,8.97,8.97,9.8745,9.8745,10.291,10.291,10.324,10.324,10.9809,10.9809,11.8119,11.8119,12.3062,12.3062,12.6253,12.6253,12.92,12.92,13.9874,13.9874,15.0454,15.0454,15.8603,15.8603,16.0781,16.0781,16.2983,16.2983,17.8705,17.8705,18.2628,18.2628,18.5504,18.5504,19.418,19.418,20.2746,20.2746,20.7826,20.7826,20.9645,20.9645,21.4304,21.4304,21.8979,21.8979,22.271,22.271,22.6173,22.6173,23.7692,23.7693,24.1001,24.1002,24.6236,24.6253
4.755979800049378,-64.5269,-64.5269,-64.5265,-64.5265,-64.487,-64.487,-64.4869,-64.4868,-64.4867,-64.4867,-64.4865,-64.4865,-64.4285,-64.4284,-64.4284,-64.4283,-64.3411,-64.341,-10.3765,-10.3765,-8.4292,-8.4292,-7.002,-7.002,-1.3951,-1.3951,-0.8362,-0.8362,-0.4065,-0.4065,-0.0717,-0.0717,0.2468,0.2468,0.5734,0.5734,0.8572,0.8572,1.4202,1.4202,2.2578,2.2578,2.5314,2.5314,2.5616,2.5616,2.5753,2.5753,2.6401,2.6401,2.7858,2.7858,2.8103,2.8103,2.9047,2.9047,3.0345,3.0345,3.1772,3.1772,3.4443,3.4443,3.7608,3.7608,3.8718,3.8718,4.2271,4.2271,4.5495,4.5495,6.9834,6.9834,8.9882,8.9882,9.8698,9.8698,10.2468,10.2468,10.3167,10.3167,10.9672,10.9672,11.7885,11.7885,12.3077,12.3077,12.62,12.62,12.8999,12.8999,13.984,13.984,14.9888,14.9888,15.8265,15.8265,16.0385,16.0385,16.2645,16.2645,17.8521,17.8521,18.1952,18.1952,18.5516,18.5516,19.4398,19.4398,20.2703,20.2703,20.8465,20.8465,21.0048,21.0048,21.439,21.439,21.9329,21.9329,22.2301,22.2302,22.5874,22.5875,23.7716,23.7753,24.0356,24.0369,24.6702,24.7211
4.765919511671953,-64.5269,-64.5268,-64.5265,-64.5265,-64.4869,-64.4869,-64.4868,-64.4868,-64.4866,-64.4866,-64.4865,-64.4865,-64.4284,-64.4284,-64.4283,-64.4283,-64.341,-64.341,-10.3841,-10.3841,-8.4402,-8.4402,-7.0109,-7.0109,-1.3991,-1.3991,-0.824,-0.824,-0.3992,-0.3992,-0.0601,-0.0601,0.2503,0.2503,0.5696,0.5696,0.8579,0.8579,1.4167,1.4167,2.2626,2.2626,2.5337,2.5337,2.561,2.561,2.5757,2.5757,2.643,2.643,2.7906,2.7906,2.8134,2.8134,2.9124,2.9125,3.0506,3.0506,3.1907,3.1907,3.4671,3.4671,3.7746,3.7746,3.888,3.888,4.2476,4.2476,4.5649,4.5649,6.9758,6.9758,9.006,9.006,9.8643,9.8643,10.2017,10.2017,10.3114,10.3114,10.9537,10.9537,11.7653,11.7654,12.307,12.307,12.6161,12.6161,12.8824,12.8824,13.9813,13.9813,14.9287,14.9287,15.7795,15.7795,16.0064,16.0064,16.2377,16.2377,17.8314,17.8314,18.1251,18.1251,18.5545,18.5545,19.4627,19.4627,20.2649,20.2649,20.8912,20.8912,21.0574,21.0574,21.4518,21.4518,21.9508,21.9508,22.1901,22.1901,22.5723,22.5724,23.7725,23.773,23.969,23.9692,24.7184,24.7293
4.775859256393801,-64.5269,-64.5268,-64.5265,-64.5264,-64.4869,-64.4869,-64.4868,-64.4868,-64.4866,-64.4866,-64.4865,-64.4865,-64.4284,-64.4284,-64.4283,-64.4283,-64.341,-64.341,-10.3918,-10.3918,-8.4513,-8.4513,-7.0198,-7.0198,-1.4032,-1.4032,-0.8111,-0.8111,-0.3915,-0.3915,-0.0488,-0.0488,0.2537,0.2537,0.5656,0.5656,0.8589,0.8589,1.413,1.413,2.2673,2.2673,2.5344,2.5344,2.561,2.561,2.5769,2.577,2.6455,2.6455,2.7945,2.7946,2.8167,2.8167,2.9195,2.9196,3.0685,3.0685,3.2038,3.2039,3.4909,3.4909,3.788,3.788,3.9042,3.9042,4.2688,4.2688,4.5817,4.5817,6.9681,6.9681,9.0234,9.0234,9.8575,9.8575,10.1579,10.1579,10.3064,10.3064,10.9407,10.9407,11.7427,11.7427,12.3038,12.3038,12.6132,12.6132,12.8679,12.8679,13.9793,13.9793,14.8657,14.8657,15.7209,15.7209,15.9795,15.9795,16.2183,16.2183,17.8083,17.8083,18.0556,18.0556,18.5568,18.5568,19.4861,19.4861,20.2582,20.2582,20.9225,20.9225,21.1131,21.1131,21.4691,21.4691,21.9458,21.9458,22.1587,22.1587,22.5725,22.5725,23.7722,23.7726,23.9002,23.9015,24.7685,24.8315
4.785798968016376,-64.5268,-64.5267,-64.5265,-64.5264,-64.4869,-64.4868,-64.4868,-64.4867,-64.4866,-64.4866,-64.4865,-64.4865,-64.4284,-64.4284,-64.4283,-64.4283,-64.341,-64.3409,-10.3996,-10.3996,-8.4625,-8.4625,-7.0288,-7.0288,-1.4074,-1.4074,-0.7975,-0.7975,-0.3834,-0.3834,-0.0379,-0.0379,0.257,0.257,0.5613,0.5613,0.8602,0.8602,1.409,1.409,2.2721,2.2721,2.5338,2.5338,2.5614,2.5614,2.579,2.579,2.6478,2.6478,2.7977,2.7977,2.8201,2.8201,2.926,2.926,3.0881,3.0882,3.2166,3.2166,3.5156,3.5156,3.8011,3.8011,3.9205,3.9205,4.2906,4.2906,4.5998,4.5998,6.9605,6.9605,9.0401,9.0401,9.849,9.849,10.116,10.116,10.3012,10.3012,10.9282,10.9282,11.7206,11.7206,12.2981,12.2981,12.6111,12.6111,12.8567,12.8567,13.9779,13.9779,14.8004,14.8004,15.6539,15.6539,15.9551,15.9551,16.2058,16.2058,17.7817,17.7817,17.9893,17.9893,18.5575,18.5575,19.5092,19.5092,20.2499,20.2499,20.9458,20.9458,21.1634,21.1634,21.4898,21.4898,21.9175,21.9175,22.141,22.141,22.5867,22.5867,23.7705,23.7707,23.831,23.8318,24.8148,24.8867
4.795738679638951,-64.5268,-64.5268,-64.5265,-64.5264,-64.4869,-64.4868,-64.4868,-64.4868,-64.4866,-64.4866,-64.4865,-64.4865,-64.4284,-64.4284,-64.4283,-64.4283,-64.341,-64.341,-10.4075,-10.4075,-8.4738,-8.4738,-7.0379,-7.0379,-1.4117,-1.4117,-0.7834,-0.7834,-0.375,-0.375,-0.0272,-0.0272,0.2603,0.2603,0.5567,0.5567,0.8617,0.8617,1.4048,1.4048,2.2768,2.2768,2.5324,2.5324,2.562,2.562,2.5817,2.5817,2.6498,2.6498,2.8001,2.8001,2.8235,2.8235,2.9319,2.9319,3.1094,3.1094,3.229,3.229,3.5411,3.5411,3.8139,3.8139,3.9368,3.9368,4.313,4.313,4.6192,4.6192,6.953,6.953,9.056,9.056,9.8383,9.8383,10.0769,10.0769,10.2958,10.2958,10.9163,10.9163,11.6994,11.6994,12.2898,12.2898,12.6091,12.6091,12.849,12.849,13.9771,13.9771,14.7334,14.7334,15.5812,15.5812,15.9312,15.9312,16.1995,16.1995,17.7495,17.7496,17.9293,17.9293,18.5563,18.5563,19.5314,19.5314,20.24,20.24,20.963,20.963,21.2048,21.2048,21.5095,21.5095,21.8778,21.8778,22.1323,22.1323,22.613,22.613,23.7476,23.748,23.7823,23.7826,24.8516,24.9627
4.805678424360799,-64.5268,-64.5267,-64.5265,-64.5264,-64.4868,-64.4868,-64.4868,-64.4867,-64.4866,-64.4866,-64.4864,-64.4864,-64.4284,-64.4284,-64.4283,-64.4283,-64.341,-64.3409,-10.4154,-10.4154,-8.4852,-8.4852,-7.0471,-7.0471,-1.4161,-1.4161,-0.7686,-0.7686,-0.3663,-0.3663,-0.0169,-0.0169,0.2635,0.2635,0.5519,0.5519,0.8636,0.8636,1.4004,1.4004,2.2816,2.2816,2.5305,2.5305,2.5628,2.5628,2.5848,2.5849,2.6517,2.6517,2.802,2.8021,2.8269,2.8269,2.9373,2.9373,3.132,3.132,3.241,3.241,3.5674,3.5674,3.8265,3.8265,3.9532,3.9532,4.3361,4.3361,4.6398,4.6398,6.9456,6.9456,9.0709,9.0709,9.8246,9.8246,10.0414,10.0414,10.29,10.29,10.9051,10.9051,11.679,11.679,12.279,12.279,12.6068,12.6068,12.8449,12.8449,13.9765,13.9765,14.6652,14.6652,15.5045,15.5045,15.9069,15.9069,16.1984,16.1984,17.7092,17.7092,17.8789,17.8789,18.5532,18.5532,19.5521,19.5521,20.2284,20.2284,20.9734,20.9734,21.2371,21.2371,21.5203,21.5203,21.8429,21.8429,22.1259,22.1259,22.6499,22.6499,23.6779,23.6787,23.7815,23.7833,24.8721,24.9022
4.8156181359833745,-64.5268,-64.5267,-64.5265,-64.5264,-64.4868,-64.4868,-64.4868,-64.4867,-64.4866,-64.4866,-64.4864,-64.4864,-64.4284,-64.4284,-64.4283,-64.4283,-64.341,-64.3409,-10.4234,-10.4234,-8.4966,-8.4966,-7.0564,-7.0564,-1.4207,-1.4207,-0.7533,-0.7533,-0.3571,-0.3571,-0.0068,-0.0068,0.2666,0.2666,0.5469,0.5469,0.8657,0.8657,1.3958,1.3958,2.2864,2.2864,2.5284,2.5284,2.5636,2.5636,2.5882,2.5882,2.6534,2.6534,2.8035,2.8035,2.8301,2.8301,2.9422,2.9422,3.1558,3.1558,3.2527,3.2527,3.5942,3.5942,3.839,3.839,3.9698,3.9698,4.3598,4.3598,4.6616,4.6616,6.9382,6.9382,9.0845,9.0845,9.8074,9.8074,10.0104,10.0104,10.2836,10.2836,10.8948,10.8948,11.6597,11.6597,12.2661,12.2661,12.6037,12.6037,12.8446,12.8446,13.976,13.976,14.5966,14.5966,15.4253,15.4253,15.8817,15.8817,16.2013,16.2013,17.6596,17.6596,17.8398,17.8398,18.5482,18.5482,19.5708,19.5708,20.215,20.215,20.9751,20.9751,21.2609,21.2609,21.5156,21.5156,21.8254,21.8254,22.1175,22.1175,22.6959,22.6959,23.6024,23.6027,23.7886,23.7895,24.7818,24.8016
4.82555784760595,-64.5268,-64.5268,-64.5265,-64.5264,-64.4869,-64.4869,-64.4868,-64.4868,-64.4866,-64.4866,-64.4865,-64.4865,-64.4284,-64.4284,-64.4283,-64.4283,-64.341,-64.341,-10.4314,-10.4314,-8.5081,-8.5081,-7.0657,-7.0657,-1.4253,-1.4253,-0.7374,-0.7374,-0.3477,-0.3477,0.003,0.003,0.2697,0.2697,0.5416,0.5417,0.8681,0.8681,1.391,1.391,2.2912,2.2912,2.5262,2.5262,2.5644,2.5645,2.5917,2.5917,2.6549,2.6549,2.8046,2.8047,2.833,2.8331,2.9468,2.9468,3.1804,3.1804,3.2641,3.2641,3.6214,3.6214,3.8515,3.8515,3.9867,3.9867,4.3842,4.3842,4.6845,4.6845,6.9309,6.9309,9.0966,9.0966,9.7865,9.7865,9.9842,9.9842,10.2766,10.2766,10.8854,10.8854,11.6415,11.6415,12.2512,12.2512,12.5996,12.5996,12.8479,12.8479,13.9754,13.9754,14.528,14.528,15.3444,15.3444,15.8557,15.8557,16.2074,16.2074,17.6027,17.6027,17.8104,17.8104,18.5416,18.5416,19.587,19.587,20.1999,20.1999,20.9658,20.9658,21.2748,21.2748,21.4992,21.4992,21.8274,21.8274,22.1051,22.1051,22.7501,22.7502,23.525,23.5252,23.8019,23.802,24.6995,24.7026
4.835497592327798,-64.5268,-64.5268,-64.5265,-64.5264,-64.4869,-64.4868,-64.4868,-64.4868,-64.4866,-64.4866,-64.4864,-64.4864,-64.4284,-64.4284,-64.4283,-64.4283,-64.341,-64.3409,-10.4395,-10.4395,-8.5197,-8.5197,-7.0751,-7.0751,-1.4302,-1.4302,-0.7209,-0.7209,-0.3378,-0.3378,0.0125,0.0125,0.2726,0.2726,0.5362,0.5362,0.8709,0.8709,1.3861,1.3861,2.296,2.296,2.524,2.524,2.5654,2.5654,2.5953,2.5953,2.6563,2.6564,2.8055,2.8056,2.8358,2.8358,2.9511,2.9511,3.2056,3.2057,3.2755,3.2755,3.6487,3.6487,3.8644,3.8644,4.0038,4.0038,4.4092,4.4092,4.7084,4.7084,6.9237,6.9237,9.1067,9.1067,9.7622,9.7622,9.9629,9.9629,10.269,10.269,10.8771,10.8771,11.6244,11.6244,12.2347,12.2347,12.5942,12.5942,12.8544,12.8544,13.9743,13.9743,14.4603,14.4603,15.2625,15.2625,15.8288,15.8288,16.216,16.216,17.5418,17.5418,17.7876,17.7876,18.5335,18.5335,19.6004,19.6004,20.1831,20.1831,20.9432,20.9432,21.2749,21.2749,21.4856,21.4856,21.842,21.842,22.0876,22.0876,22.8117,22.8117,23.4466,23.4468,23.8214,23.8216,24.6089,24.6113
4.845437303950373,-64.5268,-64.5267,-64.5265,-64.5264,-64.4869,-64.4868,-64.4868,-64.4868,-64.4866,-64.4866,-64.4864,-64.4864,-64.4284,-64.4283,-64.4283,-64.4283,-64.341,-64.3409,-10.4477,-10.4477,-8.5313,-8.5313,-7.0845,-7.0845,-1.4351,-1.4351,-0.7039,-0.7039,-0.3276,-0.3276,0.0218,0.0218,0.2754,0.2754,0.5305,0.5305,0.8739,0.8739,1.381,1.381,2.3009,2.3009,2.5218,2.5218,2.5663,2.5664,2.5988,2.5989,2.6576,2.6577,2.8062,2.8062,2.8382,2.8382,2.9552,2.9552,3.2308,3.2308,3.2873,3.2874,3.6757,3.6757,3.8777,3.8777,4.0212,4.0212,4.4349,4.4349,4.7333,4.7333,6.9165,6.9165,9.1144,9.1144,9.7356,9.7356,9.9457,9.9457,10.2607,10.2607,10.87,10.87,11.6086,11.6086,12.2169,12.2169,12.5874,12.5874,12.8636,12.8636,13.9722,13.9722,14.3941,14.3941,15.1803,15.1803,15.8011,15.8011,16.2263,16.2263,17.4794,17.4794,17.7692,17.7692,18.5242,18.5242,19.6106,19.6106,20.1648,20.1648,20.9058,20.9058,21.2599,21.2599,21.4861,21.4861,21.8618,21.8618,22.0648,22.0648,22.8788,22.8788,23.3685,23.3685,23.8476,23.8483,24.5148,24.5179
4.855377015572948,-64.5268,-64.5268,-64.5265,-64.5264,-64.4869,-64.4869,-64.4868,-64.4868,-64.4866,-64.4866,-64.4864,-64.4864,-64.4284,-64.4284,-64.4283,-64.4283,-64.341,-64.3409,-10.4558,-10.4558,-8.5429,-8.5429,-7.094,-7.094,-1.4402,-1.4402,-0.6864,-0.6864,-0.3171,-0.3171,0.0308,0.0308,0.2781,0.2781,0.5247,0.5247,0.8771,0.8771,1.3758,1.3758,2.3057,2.3057,2.5198,2.5198,2.5674,2.5674,2.6024,2.6024,2.6588,2.6588,2.8067,2.8067,2.8404,2.8404,2.959,2.959,3.2548,3.2548,3.3007,3.3007,3.7021,3.7021,3.8919,3.8919,4.039,4.039,4.4611,4.4611,4.7591,4.7591,6.9094,6.9094,9.1191,9.1191,9.7081,9.7081,9.9317,9.9317,10.2517,10.2517,10.864,10.864,11.5941,11.5941,12.1981,12.1981,12.5794,12.5794,12.8752,12.8752,13.9681,13.9681,14.3305,14.3305,15.0983,15.0983,15.7725,15.7725,16.2381,16.2381,17.4171,17.4171,17.7538,17.7538,18.5136,18.5136,19.6172,19.6172,20.145,20.145,20.8536,20.8536,21.2354,21.2354,21.5001,21.5001,21.8825,21.8825,22.0369,22.0369,22.9484,22.9485,23.2929,23.293,23.8799,23.8813,24.4201,24.4222
4.865316727195523,-64.5268,-64.5268,-64.5264,-64.5264,-64.4869,-64.4868,-64.4868,-64.4868,-64.4866,-64.4866,-64.4864,-64.4864,-64.4284,-64.4284,-64.4283,-64.4283,-64.341,-64.3409,-10.464,-10.464,-8.5546,-8.5545,-7.1035,-7.1035,-1.4454,-1.4454,-0.6684,-0.6684,-0.3063,-0.3063,0.0395,0.0395,0.2807,0.2807,0.5186,0.5187,0.8806,0.8806,1.3705,1.3705,2.3106,2.3106,2.5178,2.5179,2.5684,2.5685,2.6058,2.6059,2.6599,2.6599,2.8071,2.8071,2.8422,2.8423,2.9627,2.9627,3.2757,3.2757,3.3175,3.3175,3.7274,3.7274,3.9074,3.9074,4.0573,4.0573,4.4879,4.4879,4.7857,4.7857,6.9024,6.9024,9.1202,9.1202,9.6811,9.6811,9.9201,9.9201,10.242,10.242,10.8594,10.8594,11.5808,11.5808,12.1786,12.1786,12.57,12.57,12.8884,12.8884,13.9611,13.9611,14.2707,14.2708,15.0171,15.0171,15.743,15.743,16.2508,16.2508,17.3559,17.3559,17.7407,17.7407,18.502,18.502,19.6197,19.6197,20.124,20.124,20.7886,20.7886,21.2082,21.2082,21.5218,21.5218,21.9015,21.9015,22.0058,22.0058,23.0113,23.0114,23.2279,23.228,23.9176,23.9183,24.3277,24.3292
4.875256471917371,-64.5268,-64.5267,-64.5264,-64.5264,-64.4869,-64.4868,-64.4868,-64.4867,-64.4866,-64.4865,-64.4864,-64.4864,-64.4284,-64.4284,-64.4283,-64.4283,-64.341,-64.3409,-10.4722,-10.4722,-8.5662,-8.5662,-7.113,-7.113,-1.4508,-1.4508,-0.6499,-0.6499,-0.2952,-0.2952,0.048,0.048,0.2831,0.2831,0.5125,0.5125,0.8844,0.8844,1.365,1.365,2.3155,2.3156,2.516,2.5161,2.5695,2.5696,2.6093,2.6093,2.6609,2.661,2.8073,2.8073,2.8439,2.8439,2.9662,2.9662,3.2917,3.2917,3.3393,3.3393,3.7511,3.7511,3.9246,3.9247,4.0762,4.0762,4.5153,4.5153,4.8129,4.8129,6.8954,6.8954,9.117,9.117,9.6559,9.656,9.91,9.91,10.2317,10.2317,10.8561,10.8561,11.5689,11.5689,12.1585,12.1585,12.5593,12.5593,12.9028,12.9028,13.9495,13.9495,14.2166,14.2166,14.9374,14.9374,15.7125,15.7125,16.2642,16.2642,17.2963,17.2963,17.7295,17.7295,18.4894,18.4894,19.6178,19.6178,20.1019,20.1019,20.7143,20.7143,21.1811,21.1811,21.5461,21.5461,21.9137,21.9137,21.9769,21.9769,23.0341,23.0342,23.2052,23.2052,23.9565,23.9565,24.2407,24.2414
4.8851961835399464,-64.5268,-64.5267,-64.5264,-64.5264,-64.4869,-64.4868,-64.4867,-64.4867,-64.4866,-64.4865,-64.4864,-64.4864,-64.4284,-64.4284,-64.4283,-64.4283,-64.341,-64.3409,-10.4804,-10.4804,-8.5779,-8.5778,-7.1225,-7.1225,-1.4562,-1.4562,-0.631,-0.631,-0.2837,-0.2837,0.0563,0.0563,0.2854,0.2854,0.5062,0.5062,0.8885,0.8885,1.3595,1.3595,2.3205,2.3205,2.5144,2.5144,2.5707,2.5707,2.6128,2.6128,2.6619,2.6619,2.8073,2.8073,2.8452,2.8452,2.9696,2.9696,3.3038,3.3038,3.3652,3.3652,3.7727,3.7727,3.9441,3.9441,4.0956,4.0956,4.5432,4.5432,4.8409,4.8409,6.8886,6.8886,9.109,9.109,9.6336,9.6336,9.9011,9.9011,10.2208,10.2208,10.8541,10.8541,11.5583,11.5583,12.1382,12.1382,12.5474,12.5474,12.9179,12.9179,13.9311,13.9311,14.1701,14.1701,14.8596,14.8596,15.681,15.681,16.2781,16.2781,17.2388,17.2388,17.7199,17.7199,18.476,18.476,19.6108,19.6108,20.0789,20.0789,20.6338,20.6338,21.1545,21.1545,21.5698,21.5698,21.9035,21.9035,21.9679,21.9679,22.9902,22.9902,23.2492,23.2492,23.9869,23.9873,24.1723,24.1727
4.895135895162522,-64.5267,-64.5267,-64.5264,-64.5264,-64.4868,-64.4868,-64.4867,-64.4866,-64.4866,-64.4865,-64.4864,-64.4864,-64.4284,-64.4284,-64.4283,-64.4283,-64.341,-64.3409,-10.4886,-10.4886,-8.5895,-8.5895,-7.132,-7.132,-1.4618,-1.4618,-0.6117,-0.6117,-0.272,-0.272,0.0643,0.0643,0.2875,0.2875,0.4997,0.4997,0.8927,0.8927,1.3539,1.3539,2.3255,2.3255,2.5129,2.513,2.5719,2.5719,2.6161,2.6161,2.6627,2.6628,2.8072,2.8073,2.8463,2.8463,2.9728,2.9728,3.3137,3.3137,3.3934,3.3934,3.792,3.792,3.9659,3.9659,4.1158,4.1158,4.5715,4.5715,4.8693,4.8693,6.8818,6.8818,9.0957,9.0957,9.6145,9.6145,9.893,9.893,10.2094,10.2094,10.8534,10.8534,11.5489,11.5489,12.1179,12.1179,12.5342,12.5342,12.9331,12.9331,13.9042,13.9042,14.1327,14.1327,14.7846,14.7846,15.6486,15.6486,16.2923,16.2923,17.1835,17.1835,17.7118,17.7118,18.4617,18.4617,19.5982,19.5982,20.0552,20.0552,20.5503,20.5503,21.1278,21.1278,21.5901,21.5901,21.8721,21.8721,21.9797,21.9797,22.9199,22.9199,23.3157,23.3157,23.981,23.9813,24.1519,24.1536
4.90507563988437,-64.5267,-64.5266,-64.5264,-64.5263,-64.4868,-64.4868,-64.4867,-64.4866,-64.4865,-64.4865,-64.4864,-64.4863,-64.4284,-64.4284,-64.4283,-64.4283,-64.341,-64.3409,-10.4968,-10.4968,-8.6011,-8.6011,-7.1415,-7.1415,-1.4675,-1.4675,-0.5921,-0.5921,-0.2601,-0.2601,0.0721,0.0721,0.2896,0.2896,0.4932,0.4932,0.8972,0.8972,1.3481,1.3481,2.3305,2.3306,2.5116,2.5117,2.5731,2.5731,2.6194,2.6195,2.6635,2.6636,2.807,2.8071,2.8471,2.8472,2.9759,2.9759,3.3224,3.3224,3.4229,3.4229,3.8088,3.8088,3.9901,3.9901,4.1368,4.1368,4.6003,4.6003,4.8983,4.8983,6.875,6.875,9.0769,9.0769,9.599,9.599,9.8857,9.8857,10.1977,10.1977,10.854,10.854,11.5409,11.5409,12.0976,12.0976,12.5196,12.5196,12.948,12.948,13.869,13.869,14.1044,14.1044,14.7132,14.7132,15.6153,15.6153,16.3065,16.3065,17.1307,17.1307,17.7053,17.7053,18.4466,18.4466,19.5794,19.5795,20.0306,20.0306,20.4662,20.4662,21.1002,21.1002,21.6042,21.6042,21.8382,21.8382,21.9971,21.9971,22.8436,22.8437,23.3778,23.3778,23.9397,23.9399,24.184,24.1851
4.915015351506945,-64.5267,-64.5266,-64.5264,-64.5263,-64.4868,-64.4868,-64.4867,-64.4866,-64.4865,-64.4865,-64.4864,-64.4863,-64.4284,-64.4284,-64.4283,-64.4283,-64.341,-64.3409,-10.505,-10.505,-8.6126,-8.6126,-7.151,-7.151,-1.4734,-1.4734,-0.5721,-0.5721,-0.2478,-0.2478,0.0797,0.0797,0.2914,0.2914,0.4865,0.4866,0.902,0.902,1.3424,1.3424,2.3356,2.3356,2.5105,2.5105,2.5743,2.5743,2.6227,2.6227,2.6643,2.6643,2.8067,2.8068,2.8477,2.8478,2.9789,2.9789,3.3303,3.3303,3.4532,3.4532,3.8234,3.8234,4.0164,4.0164,4.1587,4.1587,4.6295,4.6295,4.9276,4.9276,6.8684,6.8684,9.0528,9.0528,9.5867,9.5867,9.8791,9.8791,10.1857,10.1857,10.8558,10.8558,11.5341,11.5341,12.0775,12.0775,12.5036,12.5036,12.962,12.962,13.8273,13.8273,14.0826,14.0826,14.6464,14.6464,15.581,15.581,16.3205,16.3205,17.0804,17.0804,17.7001,17.7001,18.4307,18.4307,19.5539,19.5539,20.005,20.005,20.3838,20.3838,21.0709,21.0709,21.6083,21.6083,21.8098,21.8098,22.016,22.016,22.7664,22.7664,23.4187,23.4188,23.9058,23.906,24.2361,24.2368
4.92495506312952,-64.5267,-64.5267,-64.5264,-64.5263,-64.4868,-64.4868,-64.4867,-64.4866,-64.4865,-64.4865,-64.4864,-64.4864,-64.4284,-64.4284,-64.4283,-64.4283,-64.341,-64.3409,-10.5132,-10.5132,-8.6242,-8.6241,-7.1605,-7.1605,-1.4793,-1.4793,-0.5518,-0.5518,-0.2354,-0.2354,0.0871,0.0871,0.2932,0.2932,0.4798,0.4798,0.9069,0.9069,1.3365,1.3365,2.3407,2.3407,2.5095,2.5095,2.5755,2.5755,2.6259,2.6259,2.6649,2.6649,2.8063,2.8063,2.8481,2.8481,2.9816,2.9816,3.3378,3.3378,3.4838,3.4839,3.836,3.836,4.0444,4.0444,4.1818,4.1818,4.659,4.659,4.9573,4.9573,6.8618,6.8618,9.0238,9.0238,9.577,9.577,9.8735,9.8735,10.1735,10.1735,10.8588,10.8588,11.5285,11.5285,12.0579,12.0579,12.4861,12.4861,12.9748,12.9748,13.7816,13.7816,14.0644,14.0644,14.5852,14.5852,15.5459,15.5459,16.3343,16.3343,17.0328,17.0328,17.6965,17.6965,18.4139,18.4139,19.5213,19.5213,19.9775,19.9775,20.305,20.305,21.0396,21.0396,21.5997,21.5997,21.7915,21.7915,22.0353,22.0353,22.6901,22.6901,23.4233,23.4235,23.9054,23.9055,24.2948,24.2952
4.934894807851368,-64.5267,-64.5266,-64.5264,-64.5263,-64.4868,-64.4868,-64.4866,-64.4866,-64.4865,-64.4865,-64.4864,-64.4863,-64.4284,-64.4284,-64.4283,-64.4283,-64.341,-64.3409,-10.5213,-10.5213,-8.6356,-8.6356,-7.1699,-7.1699,-1.4853,-1.4853,-0.5312,-0.5312,-0.2227,-0.2227,0.0943,0.0943,0.2947,0.2947,0.473,0.473,0.912,0.912,1.3307,1.3307,2.3459,2.3459,2.5087,2.5087,2.5767,2.5767,2.629,2.629,2.6655,2.6655,2.8058,2.8058,2.8482,2.8482,2.9842,2.9842,3.3451,3.3451,3.5148,3.5148,3.8471,3.8471,4.0735,4.0735,4.2062,4.2062,4.6889,4.6889,4.9873,4.9873,6.8552,6.8552,8.9905,8.9905,9.569,9.569,9.8691,9.8691,10.1614,10.1614,10.8629,10.8629,11.5242,11.5242,12.0387,12.0387,12.4672,12.4672,12.9857,12.9857,13.7339,13.7339,14.0473,14.0473,14.5308,14.5309,15.5101,15.5101,16.3476,16.3476,16.9878,16.9878,17.6943,17.6943,18.3962,18.3962,19.4812,19.4812,19.9471,19.9471,20.2322,20.2322,21.0056,21.0056,21.5789,21.5789,21.7836,21.7836,22.0545,22.0545,22.6162,22.6162,23.3893,23.3893,23.9428,23.9429,24.3549,24.3549
4.944834519473943,-64.5267,-64.5266,-64.5264,-64.5263,-64.4868,-64.4868,-64.4866,-64.4866,-64.4865,-64.4865,-64.4864,-64.4863,-64.4284,-64.4284,-64.4283,-64.4283,-64.341,-64.3409,-10.5294,-10.5294,-8.647,-8.647,-7.1793,-7.1793,-1.4914,-1.4914,-0.5104,-0.5104,-0.2099,-0.2099,0.1013,0.1013,0.2962,0.2962,0.4661,0.4661,0.9173,0.9173,1.3248,1.3248,2.3511,2.3511,2.508,2.508,2.5779,2.5779,2.6321,2.6321,2.6661,2.6661,2.8052,2.8052,2.8481,2.8482,2.9866,2.9866,3.3521,3.3521,3.5459,3.5459,3.8569,3.857,4.1033,4.1033,4.2321,4.2321,4.719,4.719,5.0174,5.0174,6.8487,6.8487,8.9535,8.9535,9.5616,9.5616,9.8663,9.8663,10.1494,10.1494,10.868,10.868,11.521,11.521,12.0201,12.0201,12.4466,12.4466,12.9943,12.9943,13.6855,13.6855,14.0298,14.0298,14.4842,14.4842,15.4736,15.4736,16.3603,16.3603,16.9454,16.9454,17.6936,17.6936,18.3776,18.3776,19.4339,19.4339,19.912,19.912,20.1676,20.1676,20.9686,20.9686,21.5501,21.5502,21.7825,21.7825,22.0725,22.0725,22.5461,22.5461,23.329,23.329,24.0057,24.0059,24.4139,24.4147
4.954774231096518,-64.5266,-64.5266,-64.5264,-64.5263,-64.4868,-64.4867,-64.4866,-64.4865,-64.4865,-64.4865,-64.4863,-64.4863,-64.4284,-64.4284,-64.4283,-64.4283,-64.341,-64.3409,-10.5375,-10.5375,-8.6583,-8.6583,-7.1886,-7.1886,-1.4976,-1.4976,-0.4893,-0.4893,-0.1969,-0.1969,0.108,0.1081,0.2975,0.2975,0.4592,0.4592,0.9229,0.9229,1.3188,1.3188,2.3563,2.3564,2.5075,2.5075,2.5791,2.5792,2.635,2.6351,2.6665,2.6666,2.8045,2.8045,2.8479,2.8479,2.9887,2.9887,3.3591,3.3591,3.577,3.577,3.8659,3.8659,4.1333,4.1333,4.2597,4.2597,4.7493,4.7493,5.0477,5.0477,6.8423,6.8423,8.9134,8.9134,9.5538,9.5538,9.8655,9.8655,10.1375,10.1375,10.8741,10.8741,11.519,11.519,12.0021,12.0021,12.4245,12.4245,13.0002,13.0002,13.6367,13.6368,14.0112,14.0112,14.4457,14.4458,15.4367,15.4367,16.3722,16.3722,16.9058,16.9058,17.6945,17.6945,18.358,18.358,19.3795,19.3795,19.8708,19.8708,20.1127,20.1127,20.9285,20.9285,21.5182,21.5182,21.784,21.784,22.0875,22.0875,22.4819,22.4819,23.2551,23.2551,24.0808,24.081,24.4712,24.4735
4.964713942719094,-64.5266,-64.5265,-64.5263,-64.5263,-64.4867,-64.4867,-64.4866,-64.4865,-64.4865,-64.4865,-64.4863,-64.4863,-64.4284,-64.4284,-64.4283,-64.4283,-64.341,-64.3409,-10.5455,-10.5455,-8.6695,-8.6695,-7.1979,-7.1979,-1.5039,-1.5039,-0.4681,-0.4681,-0.1837,-0.1837,0.1146,0.1146,0.2987,0.2987,0.4523,0.4523,0.9285,0.9285,1.3129,1.3129,2.3616,2.3617,2.5071,2.5071,2.5803,2.5804,2.6379,2.638,2.667,2.667,2.8037,2.8037,2.8474,2.8475,2.9906,2.9906,3.3661,3.3661,3.6079,3.6079,3.8742,3.8743,4.1632,4.1632,4.289,4.289,4.7798,4.7798,5.0781,5.0781,6.8359,6.8359,8.8708,8.8708,9.5447,9.5447,9.8669,9.8669,10.126,10.126,10.8811,10.8811,11.5181,11.5181,11.9848,11.9848,12.4008,12.4008,13.003,13.003,13.5876,13.5876,13.9922,13.9923,14.4155,14.4155,15.3995,15.3995,16.3831,16.3831,16.8687,16.8687,17.6969,17.6969,18.3371,18.3371,19.3187,19.3187,19.8233,19.8233,20.0678,20.0678,20.8853,20.8853,21.4858,21.4858,21.7855,21.7855,22.0965,22.0965,22.4269,22.4269,23.1748,23.1749,24.1591,24.1596,24.5252,24.5267
4.9746536874409415,-64.5266,-64.5265,-64.5263,-64.5263,-64.4867,-64.4867,-64.4866,-64.4865,-64.4865,-64.4865,-64.4863,-64.4863,-64.4284,-64.4284,-64.4283,-64.4283,-64.341,-64.3409,-10.5534,-10.5534,-8.6806,-8.6806,-7.2071,-7.2071,-1.5102,-1.5102,-0.4468,-0.4468,-0.1703,-0.1703,0.1211,0.1211,0.2997,0.2997,0.4453,0.4453,0.9343,0.9343,1.307,1.307,2.367,2.367,2.5069,2.5069,2.5815,2.5816,2.6407,2.6408,2.6674,2.6675,2.8028,2.8028,2.8468,2.8468,2.9922,2.9922,3.3732,3.3732,3.6386,3.6386,3.8821,3.8821,4.1928,4.1928,4.3202,4.3202,4.8104,4.8105,5.1084,5.1085,6.8296,6.8296,8.8261,8.8261,9.5335,9.5335,9.8708,9.8708,10.1149,10.1149,10.8888,10.8888,11.5182,11.5182,11.9682,11.9682,12.3755,12.3755,13.0023,13.0023,13.5376,13.5376,13.9741,13.9741,14.3929,14.3929,15.3623,15.3623,16.3929,16.3929,16.8342,16.8342,17.7008,17.7008,18.315,18.315,19.2522,19.2522,19.7707,19.7707,20.0314,20.0314,20.8391,20.8391,21.4547,21.4547,21.7854,21.7854,22.0949,22.0949,22.3861,22.3861,23.0923,23.0923,24.2344,24.2349,24.5774,24.5796
4.984593399063517,-64.5266,-64.5265,-64.5263,-64.5263,-64.4867,-64.4866,-64.4866,-64.4865,-64.4865,-64.4865,-64.4863,-64.4863,-64.4284,-64.4284,-64.4283,-64.4283,-64.341,-64.3409,-10.5613,-10.5613,-8.6916,-8.6916,-7.2162,-7.2162,-1.5165,-1.5165,-0.4253,-0.4253,-0.1569,-0.1569,0.1273,0.1273,0.3006,0.3006,0.4383,0.4384,0.9403,0.9403,1.3011,1.3011,2.3723,2.3724,2.5068,2.5069,2.5827,2.5828,2.6435,2.6435,2.6678,2.6679,2.8018,2.8018,2.846,2.8461,2.9934,2.9934,3.3804,3.3804,3.669,3.669,3.8897,3.8897,4.2222,4.2222,4.3531,4.3531,4.8412,4.8412,5.1388,5.1388,6.8233,6.8233,8.7797,8.7797,9.5199,9.5199,9.877,9.877,10.1045,10.1045,10.8973,10.8973,11.5193,11.5193,11.9524,11.9524,12.3489,12.3489,12.9982,12.9982,13.4864,13.4864,13.9584,13.9584,14.3766,14.3766,15.3251,15.3251,16.4014,16.4015,16.8024,16.8024,17.7063,17.7063,18.2915,18.2915,19.1811,19.1811,19.7149,19.715,20.0008,20.0008,20.7903,20.7903,21.4255,21.4255,21.7827,21.7827,22.0781,22.0781,22.3643,22.3643,23.0098,23.0098,24.3009,24.3025,24.6284,24.6311
4.994533110686092,-64.5265,-64.5265,-64.5263,-64.5262,-64.4866,-64.4866,-64.4866,-64.4865,-64.4865,-64.4864,-64.4863,-64.4863,-64.4284,-64.4283,-64.4283,-64.4283,-64.341,-64.3409,-10.5691,-10.5691,-8.7025,-8.7025,-7.2252,-7.2252,-1.5229,-1.5229,-0.4038,-0.4038,-0.1434,-0.1434,0.1334,0.1334,0.3013,0.3013,0.4314,0.4314,0.9464,0.9464,1.2952,1.2952,2.3778,2.3778,2.5069,2.5069,2.5839,2.5839,2.646,2.6461,2.6682,2.6683,2.8007,2.8007,2.8451,2.8451,2.9943,2.9944,3.3878,3.3878,3.6988,3.6988,3.8972,3.8972,4.2512,4.2513,4.3876,4.3877,4.8719,4.8719,5.1691,5.1691,6.817,6.817,8.732,8.732,9.5037,9.5037,9.8852,9.8852,10.0948,10.0948,10.9064,10.9065,11.5213,11.5213,11.9374,11.9374,12.321,12.321,12.9905,12.9905,13.4335,13.4335,13.9468,13.9468,14.3655,14.3655,15.2883,15.2883,16.4084,16.4085,16.7731,16.7731,17.7134,17.7134,18.2663,18.2663,19.1063,19.1063,19.6579,19.6579,19.9739,19.9739,20.7392,20.7392,21.3984,21.3984,21.7766,21.7766,22.0464,22.0464,22.3615,22.3615,22.9288,22.9288,24.3534,24.354,24.6788,24.6805
5.00447285540794,-64.5265,-64.5265,-64.5263,-64.5262,-64.4866,-64.4866,-64.4865,-64.4865,-64.4864,-64.4864,-64.4863,-64.4863,-64.4284,-64.4283,-64.4283,-64.4283,-64.341,-64.3409,-10.5768,-10.5768,-8.7133,-8.7133,-7.2342,-7.2342,-1.5293,-1.5293,-0.3823,-0.3823,-0.1298,-0.1298,0.1392,0.1392,0.302,0.302,0.4245,0.4245,0.9526,0.9526,1.2893,1.2893,2.3832,2.3832,2.5071,2.5071,2.5851,2.5851,2.6485,2.6485,2.6686,2.6686,2.7995,2.7996,2.844,2.844,2.9949,2.9949,3.3954,3.3954,3.7281,3.7281,3.9047,3.9047,4.2802,4.2802,4.4236,4.4236,4.9027,4.9027,5.1992,5.1992,6.8108,6.8108,8.6831,8.6831,9.4848,9.4848,9.8949,9.8949,10.0865,10.0865,10.9162,10.9162,11.5242,11.5242,11.923,11.923,12.2921,12.2921,12.9794,12.9794,13.379,13.379,13.9402,13.9402,14.3582,14.3582,15.2519,15.2519,16.4137,16.4137,16.7464,16.7464,17.7219,17.7219,18.2393,18.2393,19.0289,19.0289,19.6006,19.6006,19.949,19.949,20.6863,20.6863,21.3734,21.3734,21.7663,21.7663,22.0049,22.0049,22.3729,22.3729,22.8507,22.8507,24.3885,24.3897,24.7331,24.7363
5.014412567030515,-64.5265,-64.5264,-64.5263,-64.5262,-64.4865,-64.4865,-64.4865,-64.4865,-64.4864,-64.4864,-64.4863,-64.4863,-64.4284,-64.4283,-64.4283,-64.4283,-64.341,-64.3409,-10.5845,-10.5845,-8.7239,-8.7239,-7.243,-7.243,-1.5357,-1.5357,-0.3608,-0.3608,-0.1161,-0.1161,0.145,0.145,0.3025,0.3025,0.4176,0.4176,0.959,0.959,1.2834,1.2834,2.3887,2.3887,2.5074,2.5074,2.5862,2.5862,2.6508,2.6508,2.669,2.6691,2.7983,2.7983,2.8428,2.8428,2.995,2.995,3.4034,3.4034,3.7566,3.7566,3.9122,3.9123,4.3092,4.3092,4.4607,4.4607,4.9334,4.9334,5.2291,5.2291,6.8045,6.8045,8.6333,8.6333,9.4635,9.4635,9.9051,9.9051,10.0799,10.0799,10.9264,10.9264,11.5279,11.5279,11.9092,11.9092,12.2624,12.2624,12.9651,12.9651,13.3228,13.3228,13.9393,13.9393,14.3538,14.3538,15.2164,15.2164,16.4171,16.4171,16.7223,16.7223,17.7318,17.7318,18.2103,18.2103,18.9499,18.9499,19.5438,19.5438,19.9249,19.9249,20.6321,20.6321,21.3501,21.3501,21.7509,21.7509,21.9593,21.9593,22.3932,22.3932,22.7764,22.7765,24.4057,24.4075,24.7884,24.8175
5.02435227865309,-64.5264,-64.5264,-64.5263,-64.5262,-64.4865,-64.4865,-64.4864,-64.4864,-64.4864,-64.4864,-64.4863,-64.4863,-64.4284,-64.4283,-64.4283,-64.4283,-64.341,-64.3409,-10.592,-10.592,-8.7344,-8.7344,-7.2517,-7.2517,-1.5421,-1.5421,-0.3393,-0.3393,-0.1024,-0.1024,0.1506,0.1506,0.3029,0.3029,0.4107,0.4107,0.9654,0.9654,1.2777,1.2777,2.3942,2.3942,2.5079,2.5079,2.5873,2.5874,2.653,2.653,2.6695,2.6695,2.797,2.797,2.8414,2.8415,2.9947,2.9947,3.4116,3.4116,3.7842,3.7842,3.9201,3.9201,4.3385,4.3385,4.4989,4.4989,4.9641,4.9641,5.2588,5.2588,6.7983,6.7983,8.5828,8.5828,9.4399,9.4399,9.9146,9.9146,10.0763,10.0763,10.9372,10.9372,11.5324,11.5324,11.8959,11.8959,12.2323,12.2323,12.9477,12.9477,13.2655,13.2655,13.944,13.944,14.3514,14.3514,15.1818,15.1818,16.4184,16.4184,16.7009,16.7009,17.7429,17.7429,18.1791,18.1791,18.8702,18.8702,19.488,19.488,19.9008,19.9008,20.577,20.577,21.3284,21.3284,21.7294,21.7294,21.9137,21.9137,22.4182,22.4182,22.7076,22.7076,24.408,24.4087,24.8433,24.8611
5.034292023374938,-64.5264,-64.5263,-64.5263,-64.5262,-64.4865,-64.4865,-64.4864,-64.4864,-64.4864,-64.4864,-64.4863,-64.4863,-64.4284,-64.4283,-64.4283,-64.4283,-64.3409,-64.3409,-10.5995,-10.5995,-8.7447,-8.7447,-7.2603,-7.2603,-1.5485,-1.5485,-0.3179,-0.3179,-0.0886,-0.0886,0.156,0.156,0.3032,0.3032,0.4039,0.4039,0.9719,0.9719,1.2719,1.2719,2.3998,2.3998,2.5084,2.5084,2.5884,2.5885,2.6549,2.655,2.67,2.67,2.7955,2.7956,2.84,2.84,2.9939,2.9939,3.4202,3.4202,3.8107,3.8107,3.9284,3.9284,4.3681,4.3681,4.5378,4.5378,4.9946,4.9946,5.2882,5.2882,6.7921,6.7921,8.5318,8.5318,9.4142,9.4142,9.9217,9.9217,10.0766,10.0766,10.9483,10.9483,11.5375,11.5375,11.8829,11.8829,12.2023,12.2023,12.9275,12.9275,13.2077,13.2077,13.9539,13.9539,14.3502,14.3502,15.1484,15.1484,16.4175,16.4175,16.6821,16.6821,17.7551,17.7551,18.1456,18.1456,18.7908,18.7908,19.4334,19.4334,19.8764,19.8764,20.5213,20.5213,21.3079,21.3079,21.7011,21.7011,21.8702,21.8702,22.4449,22.4449,22.6463,22.6463,24.3978,24.3988,24.8923,24.9144
5.044231734997513,-64.5264,-64.5263,-64.5262,-64.5262,-64.4865,-64.4865,-64.4864,-64.4864,-64.4864,-64.4863,-64.4862,-64.4862,-64.4284,-64.4283,-64.4283,-64.4282,-64.3409,-64.3409,-10.6068,-10.6068,-8.7549,-8.7549,-7.2688,-7.2688,-1.5549,-1.5549,-0.2967,-0.2967,-0.0749,-0.0749,0.1612,0.1612,0.3034,0.3034,0.3972,0.3972,0.9785,0.9785,1.2662,1.2662,2.4054,2.4054,2.5091,2.5091,2.5895,2.5896,2.6567,2.6567,2.6706,2.6706,2.7941,2.7941,2.8385,2.8385,2.9927,2.9927,3.4292,3.4292,3.836,3.836,3.9372,3.9372,4.3982,4.3982,4.5772,4.5773,5.0251,5.0251,5.3173,5.3174,6.7859,6.7859,8.4802,8.4802,9.3868,9.3868,9.9251,9.9251,10.0822,10.0822,10.9599,10.9599,11.5432,11.5432,11.87,11.87,12.1728,12.1728,12.9043,12.9043,13.1503,13.1503,13.9686,13.9686,14.3498,14.3498,15.1165,15.1165,16.4142,16.4142,16.6659,16.6659,17.7677,17.7677,18.1099,18.1099,18.7122,18.7122,19.3802,19.3802,19.8514,19.8514,20.4654,20.4654,21.2882,21.2882,21.6661,21.6661,21.8295,21.8295,22.4678,22.4678,22.5974,22.5974,24.3792,24.3795,24.933,24.9348
5.054171446620089,-64.5264,-64.5263,-64.5262,-64.5262,-64.4865,-64.4865,-64.4864,-64.4864,-64.4864,-64.4863,-64.4862,-64.4862,-64.4284,-64.4284,-64.4283,-64.4282,-64.341,-64.3409,-10.614,-10.614,-8.7649,-8.7649,-7.2772,-7.2772,-1.5612,-1.5612,-0.2756,-0.2756,-0.0611,-0.0611,0.1663,0.1663,0.3034,0.3034,0.3905,0.3906,0.9851,0.9851,1.2606,1.2606,2.411,2.411,2.5099,2.5099,2.5906,2.5906,2.6582,2.6582,2.6713,2.6714,2.7925,2.7925,2.8368,2.8369,2.991,2.991,3.4386,3.4386,3.8596,3.8596,3.9469,3.9469,4.429,4.429,4.6172,4.6172,5.0553,5.0553,5.3461,5.3461,6.7797,6.7797,8.4283,8.4283,9.3578,9.3578,9.9239,9.9239,10.0934,10.0934,10.9717,10.9717,11.5494,11.5494,11.8567,11.8567,12.1445,12.1445,12.8778,12.8778,13.0943,13.0943,13.9875,13.9875,14.3496,14.3496,15.0862,15.0862,16.4087,16.4087,16.6522,16.6523,17.7802,17.7802,18.0724,18.0724,18.6351,18.6351,19.3287,19.3287,19.8256,19.8256,20.4096,20.4096,21.2692,21.2692,21.6256,21.6256,21.7905,21.7905,22.473,22.473,22.5752,22.5752,24.3561,24.3566,24.9614,24.9907
5.064111158242664,-64.5264,-64.5263,-64.5262,-64.5262,-64.4865,-64.4865,-64.4864,-64.4864,-64.4864,-64.4863,-64.4862,-64.4862,-64.4284,-64.4284,-64.4283,-64.4282,-64.341,-64.3409,-10.6211,-10.6211,-8.7747,-8.7747,-7.2854,-7.2854,-1.5675,-1.5675,-0.2547,-0.2547,-0.0475,-0.0475,0.1713,0.1713,0.3034,0.3034,0.384,0.384,0.9918,0.9918,1.2551,1.2551,2.4166,2.4166,2.5107,2.5108,2.5916,2.5916,2.6595,2.6595,2.6722,2.6722,2.7908,2.7908,2.8351,2.8351,2.9888,2.9888,3.4483,3.4483,3.8815,3.8815,3.9577,3.9577,4.4604,4.4604,4.6574,4.6574,5.0854,5.0854,5.3744,5.3744,6.7735,6.7735,8.3761,8.3761,9.3275,9.3275,9.9184,9.9184,10.11,10.11,10.9839,10.9839,11.556,11.556,11.8426,11.8426,12.118,12.118,12.8475,12.8475,13.0411,13.0411,14.0098,14.0098,14.3494,14.3494,15.0577,15.0577,16.4009,16.4009,16.6408,16.6408,17.7909,17.7909,18.0343,18.0343,18.5598,18.5598,19.2791,19.2791,19.799,19.799,20.354,20.354,21.2504,21.2504,21.581,21.581,21.7518,21.7518,22.452,22.452,22.5883,22.5883,24.3273,24.3281,24.9686,24.9737
5.074050902964512,-64.5264,-64.5263,-64.5262,-64.5262,-64.4865,-64.4864,-64.4864,-64.4864,-64.4864,-64.4863,-64.4862,-64.4862,-64.4285,-64.4284,-64.4283,-64.4282,-64.341,-64.3409,-10.6281,-10.6281,-8.7843,-8.7843,-7.2934,-7.2934,-1.5738,-1.5738,-0.2341,-0.2341,-0.0338,-0.0338,0.1762,0.1762,0.3033,0.3033,0.3775,0.3775,0.9985,0.9985,1.2496,1.2496,2.4222,2.4222,2.5117,2.5117,2.5926,2.5926,2.6605,2.6606,2.6732,2.6732,2.7891,2.7891,2.8333,2.8334,2.9862,2.9862,3.4583,3.4583,3.9012,3.9012,3.9699,3.9699,4.4926,4.4926,4.6978,4.6978,5.1152,5.1153,5.4024,5.4024,6.7672,6.7672,8.3238,8.3238,9.2959,9.2959,9.9093,9.9093,10.1308,10.1308,10.9964,10.9964,11.5628,11.5628,11.8274,11.8274,12.094,12.094,12.8126,12.8126,12.9918,12.9918,14.0351,14.0351,14.3487,14.3487,15.0313,15.0313,16.3912,16.3912,16.6314,16.6314,17.7967,17.7967,17.9984,17.9984,18.4868,18.4868,19.2316,19.2316,19.7717,19.7717,20.2989,20.2989,21.2316,21.2316,21.5338,21.5338,21.7122,21.7122,22.4234,22.4234,22.6181,22.6181,24.2972,24.2976,24.9644,24.9672
5.083990614587087,-64.5264,-64.5263,-64.5262,-64.5262,-64.4865,-64.4864,-64.4864,-64.4864,-64.4864,-64.4863,-64.4862,-64.4862,-64.4285,-64.4284,-64.4283,-64.4282,-64.341,-64.3409,-10.6349,-10.6349,-8.7938,-8.7937,-7.3014,-7.3014,-1.58,-1.58,-0.2138,-0.2138,-0.0203,-0.0202,0.1809,0.1809,0.3031,0.3031,0.3712,0.3712,1.0052,1.0052,1.2442,1.2442,2.4279,2.4279,2.5128,2.5128,2.5935,2.5936,2.6614,2.6614,2.6743,2.6743,2.7873,2.7873,2.8315,2.8316,2.983,2.983,3.4687,3.4687,3.9186,3.9187,3.9837,3.9837,4.5255,4.5256,4.7382,4.7382,5.1449,5.1449,5.4298,5.4298,6.761,6.761,8.2714,8.2714,9.2634,9.2634,9.8974,9.8974,10.155,10.155,11.0091,11.0091,11.5697,11.5697,11.8105,11.8105,12.0733,12.0733,12.7726,12.7727,12.9475,12.9475,14.0629,14.0629,14.3474,14.3474,15.0071,15.0071,16.3799,16.3799,16.6236,16.6236,17.792,17.792,17.9706,17.9706,18.4161,18.4161,19.1864,19.1864,19.7437,19.7437,20.2444,20.2444,21.2126,21.2126,21.485,21.485,21.6712,21.6712,22.398,22.398,22.6534,22.6534,24.2659,24.2661,24.9391,24.9495
5.093930326209662,-64.5264,-64.5263,-64.5262,-64.5262,-64.4865,-64.4864,-64.4864,-64.4864,-64.4864,-64.4863,-64.4862,-64.4862,-64.4285,-64.4284,-64.4283,-64.4283,-64.341,-64.3409,-10.6416,-10.6416,-8.803,-8.803,-7.3091,-7.3091,-1.5861,-1.5861,-0.1939,-0.1939,-0.0068,-0.0068,0.1855,0.1855,0.3028,0.3028,0.365,0.365,1.0119,1.0119,1.239,1.239,2.4335,2.4335,2.5139,2.514,2.5945,2.5945,2.662,2.6621,2.6755,2.6755,2.7855,2.7855,2.8297,2.8297,2.9795,2.9795,3.4793,3.4793,3.934,3.934,3.9989,3.9989,4.5593,4.5593,4.7785,4.7785,5.1743,5.1743,5.4568,5.4568,6.7546,6.7546,8.2189,8.2189,9.23,9.23,9.8834,9.8834,10.1817,10.1817,11.022,11.022,11.5767,11.5767,11.7917,11.7917,12.0564,12.0564,12.7278,12.7278,12.9083,12.9083,14.0924,14.0924,14.3454,14.3454,14.9853,14.9853,16.3673,16.3673,16.6171,16.6171,17.77,17.77,17.9574,17.9574,18.3477,18.3477,19.1436,19.1436,19.7152,19.7152,20.1906,20.1906,21.193,21.193,21.4352,21.4352,21.6286,21.6286,22.3786,22.3786,22.691,22.691,24.2339,24.2343,24.9025,24.9073
5.10387007093151,-64.5264,-64.5263,-64.5262,-64.5261,-64.4865,-64.4864,-64.4864,-64.4864,-64.4863,-64.4863,-64.4862,-64.4862,-64.4285,-64.4284,-64.4283,-64.4283,-64.341,-64.3409,-10.6482,-10.6482,-8.812,-8.812,-7.3167,-7.3167,-1.5921,-1.5921,-0.1743,-0.1743,0.0066,0.0066,0.19,0.19,0.3024,0.3024,0.359,0.359,1.0185,1.0185,1.2338,1.2338,2.4392,2.4392,2.5152,2.5152,2.5953,2.5954,2.6626,2.6626,2.6768,2.6768,2.7836,2.7836,2.8278,2.8278,2.9755,2.9755,3.4902,3.4902,3.9476,3.9476,4.015,4.015,4.5937,4.5937,4.8187,4.8187,5.2035,5.2035,5.4832,5.4832,6.7482,6.7482,8.1666,8.1666,9.1959,9.1959,9.8677,9.8677,10.2104,10.2104,11.0351,11.0351,11.5833,11.5833,11.7711,11.7711,12.0436,12.0436,12.6791,12.6791,12.8736,12.8736,14.1233,14.1233,14.3426,14.3426,14.966,14.966,16.3537,16.3537,16.6116,16.6116,17.7305,17.7305,17.9594,17.9594,18.2813,18.2813,19.1035,19.1035,19.6864,19.6864,20.1377,20.1377,21.1723,21.1723,21.3851,21.3852,21.5851,21.5851,22.3656,22.3656,22.7298,22.7298,24.2027,24.2046,24.8582,24.8712
5.113809782554085,-64.5263,-64.5263,-64.5262,-64.5261,-64.4864,-64.4864,-64.4864,-64.4864,-64.4863,-64.4863,-64.4862,-64.4862,-64.4285,-64.4284,-64.4284,-64.4283,-64.341,-64.341,-10.6546,-10.6546,-8.8208,-8.8208,-7.3241,-7.3241,-1.598,-1.598,-0.1551,-0.1551,0.0199,0.0199,0.1943,0.1944,0.3019,0.3019,0.3531,0.3531,1.0252,1.0252,1.2287,1.2287,2.4448,2.4449,2.5165,2.5165,2.5962,2.5962,2.663,2.663,2.6781,2.6781,2.7816,2.7816,2.8259,2.8259,2.971,2.971,3.5013,3.5013,3.9601,3.9601,4.0318,4.0318,4.6289,4.6289,4.8585,4.8585,5.2324,5.2324,5.509,5.509,6.7418,6.7418,8.1144,8.1144,9.1612,9.1612,9.8506,9.8506,10.2408,10.2408,11.0483,11.0483,11.5893,11.5893,11.7489,11.7489,12.0348,12.0348,12.6278,12.6279,12.8424,12.8424,14.1547,14.1547,14.3393,14.3393,14.9493,14.9493,16.3394,16.3394,16.6067,16.6067,17.679,17.679,17.9713,17.9713,18.2166,18.2166,19.0661,19.0661,19.6575,19.6575,20.0857,20.0857,21.1499,21.1499,21.3353,21.3353,21.5412,21.5412,22.3588,22.3588,22.7691,22.7691,24.1714,24.1731,24.8077,24.812
5.123749494176661,-64.5263,-64.5262,-64.5262,-64.5261,-64.4864,-64.4864,-64.4863,-64.4863,-64.4863,-64.4863,-64.4862,-64.4862,-64.4285,-64.4284,-64.4283,-64.4283,-64.341,-64.3409,-10.6608,-10.6608,-8.8294,-8.8294,-7.3313,-7.3313,-1.6039,-1.6039,-0.1365,-0.1365,0.033,0.033,0.1986,0.1986,0.3014,0.3014,0.3474,0.3474,1.0318,1.0318,1.2238,1.2238,2.4505,2.4505,2.5179,2.5179,2.597,2.597,2.6634,2.6634,2.6794,2.6794,2.7796,2.7796,2.824,2.824,2.9662,2.9662,3.5126,3.5126,3.9719,3.9719,4.0485,4.0485,4.6648,4.6648,4.898,4.898,5.2612,5.2612,5.5343,5.5343,6.7353,6.7353,8.0624,8.0624,9.126,9.126,9.8323,9.8323,10.2724,10.2724,11.0617,11.0617,11.5942,11.5942,11.7259,11.7259,12.03,12.03,12.5753,12.5753,12.8135,12.8135,14.1855,14.1855,14.3363,14.3363,14.9353,14.9353,16.3248,16.3248,16.6023,16.6023,17.6205,17.6205,17.9886,17.9886,18.1533,18.1533,19.0316,19.0316,19.6288,19.6288,20.0347,20.0347,21.1249,21.1249,21.2868,21.2868,21.4976,21.4976,22.3576,22.3576,22.8086,22.8086,24.1399,24.1404,24.7495,24.7536
5.1336892388985085,-64.5262,-64.5262,-64.5262,-64.5261,-64.4863,-64.4863,-64.4863,-64.4863,-64.4863,-64.4863,-64.4862,-64.4862,-64.4284,-64.4284,-64.4283,-64.4283,-64.341,-64.3409,-10.6669,-10.6669,-8.8378,-8.8377,-7.3384,-7.3383,-1.6096,-1.6096,-0.1183,-0.1183,0.046,0.046,0.2028,0.2028,0.3007,0.3007,0.342,0.342,1.0384,1.0384,1.219,1.219,2.4561,2.4562,2.5194,2.5194,2.5977,2.5977,2.6638,2.6638,2.6807,2.6807,2.7776,2.7776,2.8221,2.8221,2.961,2.961,3.5239,3.5239,3.9834,3.9834,4.065,4.0651,4.7012,4.7013,4.9369,4.9369,5.2897,5.2897,5.5589,5.5589,6.7287,6.7287,8.0107,8.0107,9.0904,9.0904,9.8131,9.8131,10.3052,10.3052,11.0751,11.0751,11.5968,11.5968,11.7037,11.7037,12.0288,12.0288,12.5224,12.5224,12.7863,12.7863,14.2133,14.2133,14.3355,14.3355,14.9241,14.9241,16.31,16.31,16.5982,16.5982,17.5578,17.5578,18.0086,18.0086,18.0912,18.0912,18.9999,18.9999,19.6005,19.6005,19.9847,19.9848,21.0957,21.0957,21.2412,21.2412,21.4549,21.4549,22.3615,22.3615,22.848,22.8481,24.1099,24.1101,24.6893,24.6911
5.143628950521084,-64.5262,-64.5262,-64.5261,-64.5261,-64.4863,-64.4863,-64.4863,-64.4863,-64.4862,-64.4862,-64.4862,-64.4862,-64.4284,-64.4284,-64.4283,-64.4283,-64.341,-64.3409,-10.6729,-10.6729,-8.8459,-8.8459,-7.3452,-7.3452,-1.6152,-1.6152,-0.1007,-0.1007,0.0589,0.0589,0.207,0.207,0.2999,0.2999,0.3367,0.3367,1.0449,1.0449,1.2143,1.2143,2.4617,2.4617,2.5209,2.5209,2.5984,2.5984,2.6642,2.6642,2.6819,2.682,2.7755,2.7755,2.8202,2.8202,2.9555,2.9555,3.5352,3.5352,3.9949,3.9949,4.0811,4.0811,4.7382,4.7382,4.9751,4.9751,5.318,5.318,5.5829,5.5829,6.722,6.722,7.9594,7.9594,9.0545,9.0545,9.7929,9.7929,10.3389,10.3389,11.0887,11.0887,11.5953,11.5953,11.6844,11.6844,12.0306,12.0306,12.4697,12.4697,12.7604,12.7604,14.234,14.234,14.3409,14.3409,14.9155,14.9155,16.2953,16.2953,16.5942,16.5942,17.4927,17.4927,18.0257,18.0257,18.0341,18.0341,18.9712,18.9712,19.5728,19.5728,19.936,19.936,21.0607,21.0607,21.2004,21.2004,21.4134,21.4134,22.3701,22.3701,22.8871,22.8871,24.0808,24.0811,24.6277,24.6337
5.153568662143659,-64.5262,-64.5262,-64.5261,-64.5261,-64.4863,-64.4863,-64.4863,-64.4863,-64.4862,-64.4862,-64.4862,-64.4862,-64.4285,-64.4284,-64.4283,-64.4283,-64.341,-64.3409,-10.6786,-10.6786,-8.8538,-8.8537,-7.3518,-7.3518,-1.6207,-1.6207,-0.0837,-0.0837,0.0715,0.0715,0.211,0.211,0.2989,0.2989,0.3318,0.3318,1.0513,1.0513,1.2097,1.2097,2.4673,2.4673,2.5224,2.5225,2.599,2.5991,2.6646,2.6646,2.6832,2.6832,2.7734,2.7734,2.8183,2.8183,2.9496,2.9496,3.5464,3.5464,4.0064,4.0064,4.0966,4.0966,4.7756,4.7756,5.0126,5.0126,5.3462,5.3462,5.6061,5.6061,6.7152,6.7152,7.9086,7.9086,9.0185,9.0185,9.772,9.772,10.3734,10.3734,11.1022,11.1022,11.587,11.587,11.6712,11.6712,12.0353,12.0353,12.4179,12.4179,12.7353,12.7353,14.2427,14.2427,14.3571,14.3571,14.9094,14.9094,16.2809,16.2809,16.5902,16.5902,17.4262,17.4262,17.9682,17.9682,18.0525,18.0525,18.9455,18.9455,19.546,19.546,19.8885,19.8885,21.0189,21.0189,21.1654,21.1654,21.3732,21.3732,22.3827,22.3827,22.9255,22.9255,24.0525,24.0525,24.5647,24.5649
5.163508373766234,-64.5262,-64.5262,-64.5261,-64.5261,-64.4863,-64.4863,-64.4863,-64.4863,-64.4862,-64.4862,-64.4862,-64.4862,-64.4285,-64.4284,-64.4284,-64.4283,-64.341,-64.341,-10.6842,-10.6842,-8.8614,-8.8614,-7.3583,-7.3583,-1.626,-1.626,-0.0673,-0.0673,0.0839,0.0839,0.215,0.215,0.2978,0.2978,0.3271,0.3271,1.0576,1.0576,1.2053,1.2053,2.4728,2.4728,2.5241,2.5241,2.5996,2.5996,2.6651,2.6651,2.6843,2.6844,2.7712,2.7712,2.8164,2.8164,2.9435,2.9435,3.5575,3.5575,4.0181,4.0181,4.1115,4.1115,4.8134,4.8134,5.0491,5.0492,5.3743,5.3743,5.6287,5.6287,6.7082,6.7082,7.8584,7.8584,8.9823,8.9823,9.7505,9.7505,10.4086,10.4086,11.1157,11.1157,11.571,11.571,11.6652,11.6652,12.0424,12.0424,12.3672,12.3672,12.711,12.711,14.24,14.24,14.3834,14.3834,14.9058,14.9058,16.2668,16.2668,16.5862,16.5862,17.3591,17.3591,17.9076,17.9076,18.0743,18.0743,18.9229,18.9229,19.5204,19.5204,19.8423,19.8423,20.9712,20.9712,21.136,21.136,21.3346,21.3346,22.3991,22.3991,22.9631,22.9631,24.0248,24.0249,24.5018,24.502
5.173448118488082,-64.5262,-64.5262,-64.5261,-64.5261,-64.4863,-64.4863,-64.4863,-64.4863,-64.4863,-64.4862,-64.4862,-64.4862,-64.4285,-64.4284,-64.4283,-64.4283,-64.341,-64.3409,-10.6896,-10.6896,-8.8688,-8.8687,-7.3645,-7.3645,-1.6312,-1.6312,-0.0515,-0.0515,0.0961,0.0961,0.219,0.219,0.2964,0.2964,0.3229,0.3229,1.0638,1.0638,1.201,1.201,2.4782,2.4783,2.5257,2.5257,2.6001,2.6001,2.6656,2.6656,2.6854,2.6855,2.7691,2.7691,2.8146,2.8146,2.9371,2.9371,3.5685,3.5685,4.0301,4.0301,4.1257,4.1257,4.8514,4.8514,5.0846,5.0847,5.4022,5.4022,5.6505,5.6505,6.7012,6.7012,7.8087,7.8087,8.9462,8.9462,9.7284,9.7284,10.4443,10.4443,11.1291,11.1291,11.5495,11.5495,11.6645,11.6645,12.0515,12.0515,12.3178,12.3178,12.6872,12.6872,14.2298,14.2298,14.4159,14.4159,14.9045,14.9045,16.2534,16.2534,16.5821,16.5821,17.2922,17.2922,17.8472,17.8472,18.0953,18.0953,18.9034,18.9034,19.496,19.496,19.7974,19.7974,20.9192,20.9192,21.1108,21.1108,21.2974,21.2974,22.4188,22.4188,22.9996,22.9996,23.9976,23.9977,24.4396,24.4398
5.183387830110657,-64.5262,-64.5262,-64.5262,-64.5261,-64.4863,-64.4863,-64.4863,-64.4863,-64.4863,-64.4863,-64.4862,-64.4862,-64.4285,-64.4284,-64.4283,-64.4283,-64.341,-64.341,-10.6948,-10.6948,-8.8759,-8.8758,-7.3705,-7.3705,-1.6362,-1.6362,-0.0365,-0.0365,0.1081,0.1081,0.2229,0.2229,0.2947,0.2947,0.3191,0.3191,1.0699,1.0699,1.1968,1.1968,2.4836,2.4836,2.5274,2.5274,2.6005,2.6005,2.6662,2.6662,2.6865,2.6865,2.767,2.767,2.8127,2.8128,2.9305,2.9305,3.5792,3.5792,4.0424,4.0424,4.1392,4.1392,4.8895,4.8895,5.119,5.119,5.4301,5.4301,5.6716,5.6716,6.694,6.694,7.7599,7.7599,8.9102,8.9102,9.7059,9.7059,10.4805,10.4805,11.1423,11.1424,11.5253,11.5253,11.6665,11.6665,12.0624,12.0624,12.27,12.27,12.664,12.664,14.2152,14.2152,14.4514,14.4514,14.9052,14.9052,16.2407,16.2407,16.5779,16.5779,17.2257,17.2257,17.7869,17.7869,18.1152,18.1152,18.8871,18.8871,19.4731,19.4731,19.7541,19.7541,20.8647,20.8647,21.0884,21.0884,21.2617,21.2617,22.4416,22.4416,23.0347,23.0347,23.9706,23.9707,24.379,24.3793
5.1933275417332325,-64.5262,-64.5262,-64.5262,-64.5261,-64.4863,-64.4863,-64.4863,-64.4863,-64.4863,-64.4863,-64.4862,-64.4862,-64.4285,-64.4284,-64.4283,-64.4283,-64.341,-64.341,-10.6998,-10.6998,-8.8827,-8.8827,-7.3763,-7.3763,-1.6411,-1.6411,-0.0222,-0.0222,0.1197,0.1197,0.2268,0.2268,0.2927,0.2927,0.3158,0.3158,1.0758,1.0758,1.1928,1.1928,2.4889,2.489,2.5291,2.5292,2.6009,2.6009,2.6668,2.6669,2.6875,2.6876,2.7648,2.7649,2.811,2.811,2.9237,2.9237,3.5896,3.5896,4.055,4.055,4.152,4.152,4.9277,4.9277,5.152,5.1521,5.458,5.458,5.6918,5.6918,6.6866,6.6866,7.7118,7.7118,8.8745,8.8745,9.683,9.683,10.517,10.517,11.1554,11.1554,11.5,11.5,11.6699,11.6699,12.0748,12.0749,12.2239,12.2239,12.6414,12.6414,14.1976,14.1976,14.4884,14.4884,14.9078,14.9078,16.2289,16.2289,16.5735,16.5735,17.1602,17.1602,17.7268,17.7268,18.1333,18.1333,18.8741,18.8741,19.4518,19.4518,19.7123,19.7123,20.809,20.809,21.0679,21.0679,21.2273,21.2273,22.4671,22.4671,23.0683,23.0683,23.9433,23.9435,24.3206,24.3206
5.20326728645508,-64.5262,-64.5262,-64.5261,-64.5261,-64.4863,-64.4863,-64.4863,-64.4863,-64.4862,-64.4862,-64.4862,-64.4862,-64.4285,-64.4284,-64.4283,-64.4283,-64.341,-64.3409,-10.7046,-10.7046,-8.8893,-8.8893,-7.3819,-7.3819,-1.6458,-1.6458,-0.0086,-0.0086,0.1311,0.1311,0.2307,0.2307,0.2904,0.2904,0.313,0.313,1.0816,1.0816,1.189,1.189,2.4942,2.4942,2.5309,2.5309,2.6012,2.6012,2.6676,2.6676,2.6885,2.6885,2.7628,2.7628,2.8093,2.8093,2.9167,2.9167,3.5996,3.5996,4.068,4.068,4.1642,4.1642,4.9657,4.9658,5.1837,5.1837,5.4859,5.4859,5.7113,5.7113,6.6791,6.6791,7.6647,7.6647,8.839,8.839,9.6599,9.6599,10.5538,10.5538,11.1681,11.1681,11.4747,11.4747,11.6737,11.6737,12.0884,12.0884,12.1798,12.1798,12.6193,12.6193,14.178,14.178,14.5261,14.5261,14.9119,14.9119,16.2181,16.2181,16.569,16.569,17.096,17.096,17.6669,17.6669,18.1493,18.1493,18.8646,18.8646,19.4323,19.4323,19.6722,19.6722,20.753,20.753,21.0486,21.0486,21.1943,21.1943,22.4951,22.4951,23.1,23.1,23.9152,23.9155,24.2652,24.2662
5.213206998077656,-64.5262,-64.5262,-64.5261,-64.5261,-64.4863,-64.4863,-64.4863,-64.4863,-64.4862,-64.4862,-64.4862,-64.4862,-64.4284,-64.4284,-64.4283,-64.4283,-64.341,-64.3409,-10.7093,-10.7093,-8.8956,-8.8956,-7.3873,-7.3873,-1.6503,-1.6503,0.0043,0.0043,0.1421,0.1421,0.2346,0.2346,0.2878,0.2878,0.3107,0.3107,1.0873,1.0873,1.1853,1.1853,2.4993,2.4993,2.5326,2.5327,2.6014,2.6014,2.6685,2.6685,2.6894,2.6894,2.7607,2.7607,2.8076,2.8076,2.9096,2.9096,3.6093,3.6093,4.0812,4.0812,4.1756,4.1756,5.0036,5.0036,5.2138,5.2138,5.5138,5.5138,5.7299,5.7299,6.6714,6.6714,7.6187,7.6187,8.804,8.804,9.6366,9.6366,10.5908,10.5908,11.1805,11.1805,11.4497,11.4497,11.6777,11.6777,12.102,12.102,12.1386,12.1386,12.5979,12.5979,14.1567,14.1567,14.564,14.564,14.9175,14.9175,16.2086,16.2086,16.5643,16.5643,17.0333,17.0333,17.6073,17.6073,18.1627,18.1627,18.8587,18.8587,19.4145,19.4145,19.6338,19.6338,20.6972,20.6972,21.0303,21.0303,21.1624,21.1624,22.5254,22.5254,23.1298,23.1299,23.8857,23.8858,24.2136,24.214
5.223146709700231,-64.5262,-64.5262,-64.5261,-64.5261,-64.4863,-64.4863,-64.4863,-64.4863,-64.4863,-64.4862,-64.4862,-64.4862,-64.4284,-64.4284,-64.4283,-64.4283,-64.341,-64.3409,-10.7137,-10.7137,-8.9016,-8.9016,-7.3924,-7.3924,-1.6547,-1.6547,0.0164,0.0164,0.1528,0.1528,0.2384,0.2384,0.285,0.285,0.3088,0.3088,1.0927,1.0927,1.1817,1.1817,2.5043,2.5043,2.5344,2.5344,2.6016,2.6016,2.6695,2.6695,2.6903,2.6903,2.7587,2.7588,2.806,2.806,2.9023,2.9023,3.6185,3.6185,4.0947,4.0947,4.1864,4.1864,5.0412,5.0412,5.2424,5.2424,5.5417,5.5417,5.7476,5.7476,6.6636,6.6636,7.5737,7.5737,8.7695,8.7695,9.6134,9.6134,10.6278,10.6278,11.1923,11.1923,11.4255,11.4255,11.6816,11.6816,12.0926,12.0926,12.1232,12.1232,12.577,12.577,14.1342,14.1342,14.6018,14.6018,14.9243,14.9243,16.2003,16.2003,16.5594,16.5594,16.9725,16.9725,17.548,17.548,18.1733,18.1733,18.8563,18.8563,19.3986,19.3986,19.5972,19.5972,20.6422,20.6422,21.0128,21.0128,21.1318,21.1318,22.5578,22.5578,23.1575,23.1575,23.8543,23.8544,24.1666,24.1666
5.233086454422079,-64.5262,-64.5262,-64.5261,-64.5261,-64.4863,-64.4863,-64.4863,-64.4863,-64.4863,-64.4862,-64.4862,-64.4862,-64.4284,-64.4284,-64.4283,-64.4283,-64.341,-64.3409,-10.7179,-10.7179,-8.9074,-8.9074,-7.3972,-7.3972,-1.6588,-1.6588,0.0277,0.0277,0.163,0.163,0.2424,0.2424,0.282,0.282,0.3073,0.3073,1.098,1.098,1.1784,1.1784,2.5091,2.5091,2.5362,2.5362,2.6017,2.6017,2.6707,2.6707,2.6911,2.6911,2.7568,2.7568,2.8044,2.8045,2.895,2.895,3.6273,3.6273,4.1085,4.1085,4.1966,4.1966,5.0782,5.0782,5.2692,5.2692,5.5696,5.5696,5.7645,5.7645,6.6555,6.6555,7.5301,7.5301,8.7357,8.7357,9.5903,9.5903,10.6648,10.6648,11.2035,11.2035,11.4022,11.4022,11.6853,11.6853,12.0558,12.0558,12.1379,12.1379,12.5568,12.5568,14.1107,14.1107,14.6393,14.6393,14.932,14.932,16.1936,16.1936,16.5544,16.5544,16.9138,16.9138,17.4891,17.4891,18.1809,18.1809,18.8575,18.8575,19.3845,19.3845,19.5625,19.5625,20.5883,20.5883,20.9959,20.9959,21.1024,21.1024,22.5921,22.5921,23.183,23.183,23.8206,23.8207,24.1245,24.1248
5.243026166044654,-64.5262,-64.5262,-64.5261,-64.5261,-64.4863,-64.4863,-64.4863,-64.4863,-64.4862,-64.4862,-64.4862,-64.4862,-64.4284,-64.4284,-64.4283,-64.4283,-64.341,-64.3409,-10.7219,-10.7219,-8.9128,-8.9128,-7.4019,-7.4019,-1.6628,-1.6628,0.0382,0.0382,0.1727,0.1727,0.2463,0.2463,0.279,0.279,0.3061,0.3061,1.1031,1.1031,1.1752,1.1752,2.5138,2.5139,2.5379,2.5379,2.6017,2.6018,2.6719,2.6719,2.6918,2.6919,2.755,2.755,2.8029,2.803,2.8876,2.8876,3.6356,3.6356,4.1224,4.1224,4.2061,4.2061,5.1147,5.1147,5.2944,5.2944,5.5974,5.5974,5.7805,5.7805,6.6473,6.6473,7.4878,7.4878,8.7026,8.7026,9.5674,9.5674,10.7016,10.7016,11.2139,11.2139,11.3802,11.3802,11.6888,11.6888,12.0194,12.0194,12.1547,12.1547,12.5374,12.5374,14.0864,14.0865,14.6761,14.6761,14.9404,14.9404,16.1884,16.1884,16.5491,16.5491,16.8574,16.8574,17.4307,17.4307,18.1855,18.1855,18.862,18.862,19.3722,19.3722,19.5299,19.5299,20.5357,20.5357,20.9795,20.9795,21.0741,21.0741,22.6282,22.6282,23.206,23.2061,23.7843,23.7844,24.0872,24.0874
5.252965877667229,-64.5262,-64.5261,-64.5261,-64.5261,-64.4863,-64.4863,-64.4863,-64.4863,-64.4862,-64.4862,-64.4861,-64.4861,-64.4284,-64.4284,-64.4283,-64.4282,-64.341,-64.3409,-10.7257,-10.7257,-8.918,-8.918,-7.4063,-7.4063,-1.6666,-1.6666,0.048,0.048,0.1819,0.1819,0.2503,0.2503,0.276,0.276,0.3051,0.3051,1.1079,1.1079,1.1721,1.1721,2.5184,2.5184,2.5397,2.5397,2.6017,2.6018,2.6733,2.6733,2.6925,2.6926,2.7533,2.7533,2.8015,2.8015,2.8801,2.8801,3.6433,3.6434,4.1363,4.1363,4.215,4.215,5.1504,5.1504,5.3178,5.3178,5.6249,5.6249,5.7956,5.7956,6.639,6.639,7.447,7.447,8.6704,8.6704,9.5449,9.5449,10.7382,10.7382,11.2232,11.2232,11.3596,11.3596,11.692,11.692,11.9849,11.9849,12.1721,12.1721,12.5187,12.5187,14.0617,14.0618,14.7122,14.7122,14.9494,14.9494,16.1848,16.1848,16.5437,16.5437,16.8035,16.8036,17.3729,17.3729,18.1871,18.1871,18.8696,18.8696,19.3617,19.3617,19.4995,19.4995,20.4847,20.4847,20.9638,20.9638,21.047,21.0471,22.6657,22.6657,23.2268,23.2268,23.746,23.746,24.0542,24.0543
5.2629055892898045,-64.5262,-64.5261,-64.5261,-64.5261,-64.4863,-64.4863,-64.4863,-64.4863,-64.4862,-64.4862,-64.4861,-64.4861,-64.4284,-64.4284,-64.4283,-64.4282,-64.341,-64.3409,-10.7293,-10.7293,-8.9229,-8.9228,-7.4104,-7.4104,-1.6701,-1.6701,0.057,0.057,0.1906,0.1906,0.2542,0.2542,0.2731,0.2732,0.3043,0.3043,1.1125,1.1125,1.1693,1.1693,2.5227,2.5227,2.5414,2.5414,2.6017,2.6017,2.6748,2.6748,2.6932,2.6932,2.7516,2.7517,2.8001,2.8001,2.8727,2.8727,3.6506,3.6506,4.1502,4.1502,4.2233,4.2233,5.1852,5.1852,5.3396,5.3396,5.6522,5.6522,5.8097,5.8097,6.6304,6.6304,7.4079,7.4079,8.6393,8.6393,9.5228,9.5228,10.7744,10.7744,11.2311,11.2311,11.3406,11.3406,11.695,11.695,11.9524,11.9524,12.1897,12.1897,12.5008,12.5008,14.0368,14.0368,14.7474,14.7474,14.9587,14.9587,16.183,16.183,16.538,16.538,16.7526,16.7526,17.3157,17.3157,18.186,18.186,18.8799,18.8799,19.3528,19.3528,19.4713,19.4713,20.4354,20.4354,20.9486,20.9486,21.0212,21.0212,22.7045,22.7045,23.2451,23.2451,23.7062,23.7062,24.0249,24.025
5.272845334011652,-64.5262,-64.5261,-64.5261,-64.5261,-64.4863,-64.4863,-64.4863,-64.4863,-64.4862,-64.4862,-64.4861,-64.4861,-64.4284,-64.4284,-64.4283,-64.4283,-64.341,-64.3409,-10.7327,-10.7327,-8.9274,-8.9274,-7.4143,-7.4143,-1.6735,-1.6735,0.0653,0.0653,0.1986,0.1986,0.2581,0.2581,0.2705,0.2705,0.3036,0.3036,1.1169,1.1169,1.1666,1.1666,2.5269,2.5269,2.543,2.5431,2.6016,2.6016,2.6765,2.6765,2.6938,2.6938,2.7502,2.7502,2.7988,2.7988,2.8652,2.8653,3.6574,3.6574,4.164,4.164,4.231,4.231,5.219,5.219,5.3596,5.3596,5.6791,5.6791,5.8229,5.8229,6.6218,6.6218,7.3705,7.3705,8.6093,8.6093,9.5014,9.5014,10.8102,10.8102,11.2371,11.2371,11.3239,11.3239,11.6977,11.6977,11.9219,11.9219,12.2073,12.2073,12.4838,12.4838,14.0118,14.0118,14.7814,14.7814,14.9681,14.9681,16.183,16.183,16.5319,16.5319,16.705,16.705,17.2593,17.2593,18.1825,18.1825,18.8924,18.8924,19.3454,19.3454,19.4454,19.4454,20.3881,20.3881,20.9339,20.9339,20.9967,20.9967,22.7446,22.7446,23.2612,23.2612,23.6657,23.6658,23.9982,23.9982
5.282785045634228,-64.5262,-64.5262,-64.5261,-64.5261,-64.4863,-64.4863,-64.4863,-64.4863,-64.4862,-64.4862,-64.4862,-64.4862,-64.4285,-64.4285,-64.4283,-64.4283,-64.341,-64.341,-10.7358,-10.7358,-8.9317,-8.9317,-7.4179,-7.4179,-1.6766,-1.6766,0.0729,0.0729,0.206,0.206,0.2613,0.2614,0.2687,0.2687,0.3029,0.303,1.121,1.121,1.164,1.164,2.5308,2.5308,2.5446,2.5447,2.6014,2.6015,2.6782,2.6782,2.6943,2.6944,2.7488,2.7488,2.7975,2.7976,2.8579,2.8579,3.6636,3.6636,4.1776,4.1776,4.2381,4.2381,5.2515,5.2516,5.3779,5.3779,5.7054,5.7054,5.8352,5.8352,6.613,6.613,7.3349,7.3349,8.5805,8.5805,9.4808,9.4808,10.8453,10.8453,11.2405,11.2405,11.3099,11.3099,11.7002,11.7002,11.8935,11.8935,12.2248,12.2248,12.4677,12.4677,13.9871,13.9871,14.814,14.814,14.9775,14.9775,16.1847,16.1847,16.5252,16.5252,16.6612,16.6612,17.2037,17.2037,18.177,18.177,18.9064,18.9064,19.3394,19.3394,19.422,19.422,20.3428,20.3429,20.9199,20.9199,20.9734,20.9734,22.7855,22.7855,23.2752,23.2752,23.6255,23.6255,23.973,23.9731
5.292724757256803,-64.5261,-64.5261,-64.5261,-64.5261,-64.4863,-64.4863,-64.4863,-64.4862,-64.4862,-64.4862,-64.4861,-64.4861,-64.4285,-64.4285,-64.4283,-64.4283,-64.341,-64.3409,-10.7388,-10.7388,-8.9357,-8.9357,-7.4213,-7.4213,-1.6796,-1.6796,0.0797,0.0797,0.2128,0.2128,0.2623,0.2623,0.2693,0.2693,0.3024,0.3024,1.1249,1.1249,1.1617,1.1617,2.5345,2.5345,2.5462,2.5463,2.6013,2.6013,2.6801,2.6801,2.6949,2.6949,2.7476,2.7477,2.7964,2.7964,2.8506,2.8506,3.6693,3.6693,4.1909,4.1909,4.2447,4.2447,5.2827,5.2827,5.3947,5.3947,5.731,5.731,5.8465,5.8465,6.6043,6.6043,7.3014,7.3014,8.5532,8.5532,9.461,9.461,10.8798,10.8798,11.2402,11.2402,11.2996,11.2996,11.7025,11.7025,11.8672,11.8672,12.2419,12.2419,12.4526,12.4526,13.9628,13.9628,14.8452,14.8452,14.9866,14.9866,16.1881,16.1881,16.5176,16.5176,16.6219,16.6219,17.1491,17.1491,18.17,18.17,18.9214,18.9214,19.3347,19.3347,19.4013,19.4013,20.2999,20.2999,20.9065,20.9065,20.9516,20.9516,22.8272,22.8272,23.2871,23.2871,23.5861,23.5861,23.9485,23.9486
5.302664501978651,-64.5261,-64.5261,-64.5261,-64.5261,-64.4863,-64.4863,-64.4863,-64.4862,-64.4862,-64.4862,-64.4861,-64.4861,-64.4285,-64.4285,-64.4283,-64.4283,-64.341,-64.3409,-10.7415,-10.7415,-8.9393,-8.9393,-7.4244,-7.4244,-1.6823,-1.6823,0.0859,0.0859,0.2189,0.2189,0.2609,0.2609,0.2725,0.2725,0.302,0.302,1.1285,1.1285,1.1595,1.1595,2.538,2.538,2.5477,2.5478,2.6011,2.6011,2.682,2.6821,2.6953,2.6953,2.7467,2.7467,2.7953,2.7953,2.8434,2.8434,3.6745,3.6745,4.2036,4.2036,4.2507,4.2507,5.3123,5.3123,5.4099,5.4099,5.7557,5.7557,5.8568,5.8568,6.5955,6.5955,7.27,7.27,8.5275,8.5275,9.4423,9.4423,10.9134,10.9134,11.2359,11.2359,11.2933,11.2933,11.7046,11.7046,11.843,11.843,12.2585,12.2585,12.4385,12.4385,13.9392,13.9392,14.8748,14.8748,14.9955,14.9955,16.1929,16.1929,16.5084,16.5084,16.5884,16.5884,17.0954,17.0955,18.1619,18.1619,18.9367,18.9367,19.3311,19.3311,19.3832,19.3832,20.2593,20.2593,20.8937,20.8937,20.9312,20.9312,22.8695,22.8695,23.2972,23.2972,23.5482,23.5482,23.924,23.9241
5.312604213601226,-64.5262,-64.5262,-64.5261,-64.5261,-64.4864,-64.4864,-64.4863,-64.4863,-64.4862,-64.4862,-64.4862,-64.4862,-64.4286,-64.4285,-64.4283,-64.4283,-64.3411,-64.341,-10.7439,-10.7439,-8.9427,-8.9427,-7.4273,-7.4273,-1.6848,-1.6848,0.0915,0.0915,0.2243,0.2243,0.2589,0.259,0.2763,0.2763,0.3016,0.3016,1.1318,1.1318,1.1575,1.1575,2.5411,2.5411,2.5491,2.5492,2.6008,2.6009,2.684,2.684,2.6957,2.6958,2.746,2.746,2.7943,2.7943,2.8363,2.8363,3.6792,3.6792,4.2158,4.2158,4.2561,4.2561,5.3401,5.3401,5.4235,5.4235,5.7792,5.7792,5.8662,5.8662,6.5868,6.5868,7.2408,7.2408,8.5034,8.5034,9.4246,9.4246,10.9461,10.9461,11.2285,11.2285,11.29,11.29,11.7064,11.7064,11.8209,11.8209,12.2744,12.2744,12.4254,12.4254,13.9165,13.9165,14.9025,14.9025,15.0039,15.0039,16.1987,16.1987,16.4965,16.4965,16.562,16.562,17.0429,17.043,18.1531,18.1531,18.9518,18.9518,19.3284,19.3284,19.3679,19.3679,20.2212,20.2212,20.8817,20.8817,20.9122,20.9122,22.912,22.912,23.3056,23.3057,23.5124,23.5124,23.8991,23.9
5.322543925223801,-64.5262,-64.5262,-64.5261,-64.5261,-64.4864,-64.4864,-64.4863,-64.4863,-64.4862,-64.4862,-64.4861,-64.4861,-64.4285,-64.4285,-64.4283,-64.4283,-64.341,-64.341,-10.7462,-10.7462,-8.9457,-8.9457,-7.4299,-7.4299,-1.687,-1.687,0.0964,0.0964,0.2291,0.2292,0.257,0.257,0.2801,0.2801,0.3013,0.3013,1.1348,1.1348,1.1557,1.1557,2.5441,2.5441,2.5505,2.5505,2.6006,2.6006,2.6861,2.6861,2.6961,2.6961,2.7455,2.7455,2.7934,2.7934,2.8294,2.8295,3.6834,3.6834,4.2273,4.2273,4.2611,4.2611,5.3661,5.3661,5.4357,5.4357,5.8015,5.8015,5.8746,5.8746,6.5782,6.5782,7.214,7.214,8.4812,8.4812,9.4083,9.4083,10.9777,10.9777,11.2196,11.2196,11.288,11.288,11.7082,11.7082,11.8009,11.8009,12.2894,12.2894,12.4135,12.4135,13.895,13.895,14.9283,14.9283,15.0117,15.0117,16.2051,16.2051,16.4821,16.4821,16.5436,16.5436,16.9917,16.9917,18.144,18.144,18.9661,18.9661,19.3266,19.3266,19.3555,19.3555,20.1858,20.1858,20.8705,20.8705,20.8949,20.8949,22.9544,22.9544,23.3125,23.3125,23.479,23.479,23.8732,23.8732
5.332483669945649,-64.5262,-64.5262,-64.5261,-64.5261,-64.4864,-64.4864,-64.4863,-64.4863,-64.4862,-64.4862,-64.4861,-64.4861,-64.4285,-64.4285,-64.4283,-64.4283,-64.341,-64.341,-10.7482,-10.7482,-8.9484,-8.9484,-7.4322,-7.4322,-1.6891,-1.6891,0.1007,0.1007,0.2333,0.2333,0.2552,0.2553,0.2839,0.2839,0.301,0.301,1.1376,1.1376,1.1541,1.1541,2.5467,2.5467,2.5517,2.5518,2.6004,2.6004,2.6881,2.6881,2.6964,2.6965,2.7453,2.7453,2.7926,2.7926,2.8228,2.8228,3.6871,3.6871,4.238,4.238,4.2654,4.2654,5.3899,5.3899,5.4464,5.4464,5.8223,5.8223,5.882,5.882,6.57,6.57,7.1896,7.1896,8.4609,8.4609,9.3933,9.3933,11.008,11.008,11.2104,11.2104,11.2859,11.2859,11.7097,11.7098,11.7831,11.7831,12.3034,12.3034,12.4027,12.4027,13.8749,13.8749,14.9519,14.9519,15.0188,15.0188,16.2112,16.2112,16.4676,16.4676,16.5315,16.5315,16.9419,16.9419,18.135,18.135,18.9791,18.9791,19.3254,19.3254,19.3458,19.3458,20.1533,20.1533,20.8602,20.8602,20.8791,20.8791,22.9963,22.9964,23.3182,23.3182,23.4485,23.4485,23.8466,23.8472
5.342423381568224,-64.5262,-64.5262,-64.5262,-64.5261,-64.4864,-64.4864,-64.4863,-64.4863,-64.4862,-64.4862,-64.4862,-64.4861,-64.4285,-64.4285,-64.4283,-64.4283,-64.341,-64.341,-10.75,-10.75,-8.9509,-8.9508,-7.4342,-7.4342,-1.6909,-1.6909,0.1044,0.1044,0.2369,0.2369,0.2536,0.2537,0.2873,0.2873,0.3007,0.3007,1.14,1.14,1.1527,1.1527,2.5491,2.5491,2.5529,2.5529,2.6001,2.6002,2.6901,2.6901,2.6967,2.6968,2.7454,2.7454,2.7918,2.7919,2.8164,2.8165,3.6904,3.6904,4.2477,4.2477,4.2693,4.2693,5.4114,5.4115,5.4558,5.4558,5.8413,5.8413,5.8885,5.8885,6.5622,6.5622,7.1679,7.1679,8.4426,8.4426,9.3798,9.3798,11.037,11.037,11.2017,11.2017,11.283,11.283,11.7112,11.7112,11.7674,11.7674,12.3162,12.3162,12.3931,12.3931,13.8565,13.8566,14.9732,14.9732,15.0252,15.0252,16.2162,16.2162,16.4563,16.4563,16.5233,16.5233,16.8937,16.8937,18.1263,18.1263,18.9906,18.9906,19.3248,19.3248,19.3388,19.3388,20.1239,20.1239,20.8508,20.8508,20.8651,20.8651,23.0374,23.0374,23.3227,23.3227,23.4211,23.4211,23.8192,23.8193
5.3523630931907995,-64.5262,-64.5261,-64.5261,-64.5261,-64.4864,-64.4864,-64.4863,-64.4863,-64.4862,-64.4862,-64.4861,-64.4861,-64.4285,-64.4285,-64.4283,-64.4283,-64.341,-64.341,-10.7515,-10.7515,-8.9529,-8.9529,-7.436,-7.436,-1.6924,-1.6924,0.1076,0.1076,0.24,0.24,0.2522,0.2523,0.2905,0.2905,0.3006,0.3006,1.1421,1.1421,1.1515,1.1515,2.5511,2.5511,2.5539,2.5539,2.5999,2.5999,2.6919,2.6919,2.697,2.697,2.7458,2.7458,2.7912,2.7913,2.8104,2.8105,3.6932,3.6932,4.2564,4.2564,4.2726,4.2726,5.4306,5.4306,5.4639,5.4639,5.8584,5.8585,5.8941,5.8941,6.5549,6.5549,7.1488,7.1488,8.4265,8.4265,9.3679,9.3679,11.0645,11.0645,11.1938,11.1938,11.2789,11.2789,11.7124,11.7124,11.7538,11.7538,12.3276,12.3276,12.3847,12.3847,13.8401,13.8401,14.9921,14.9921,15.0308,15.0308,16.2194,16.2194,16.4507,16.4507,16.5173,16.5173,16.8474,16.8474,18.1183,18.1183,19.0002,19.0002,19.3247,19.3247,19.3341,19.3341,20.0977,20.0977,20.8425,20.8425,20.8528,20.8528,23.0769,23.0769,23.3262,23.3262,23.3971,23.3971,23.7916,23.7919
5.362302804813375,-64.5262,-64.5261,-64.5261,-64.5261,-64.4864,-64.4864,-64.4863,-64.4863,-64.4862,-64.4861,-64.4861,-64.4861,-64.4285,-64.4285,-64.4283,-64.4283,-64.341,-64.341,-10.7528,-10.7528,-8.9547,-8.9547,-7.4375,-7.4375,-1.6938,-1.6937,0.1103,0.1103,0.2426,0.2426,0.251,0.2511,0.2933,0.2933,0.3004,0.3004,1.1439,1.1439,1.1504,1.1504,2.5528,2.5529,2.5547,2.5548,2.5997,2.5997,2.6936,2.6936,2.6972,2.6972,2.7465,2.7465,2.7907,2.7907,2.8049,2.8049,3.6956,3.6956,4.264,4.264,4.2754,4.2754,5.4471,5.4471,5.4706,5.4706,5.8734,5.8734,5.8988,5.8988,6.5484,6.5484,7.1325,7.1325,8.4128,8.4128,9.3577,9.3577,11.0902,11.0902,11.1869,11.1869,11.2734,11.2734,11.7136,11.7136,11.7423,11.7423,12.3376,12.3376,12.3776,12.3776,13.8257,13.8257,15.0084,15.0084,15.0356,15.0356,16.2202,16.2202,16.4516,16.4517,16.5128,16.5128,16.8034,16.8034,18.1111,18.1111,19.008,19.008,19.325,19.325,19.3313,19.3313,20.0749,20.0749,20.8352,20.8352,20.8423,20.8423,23.114,23.114,23.3289,23.3289,23.3767,23.3767,23.7645,23.7646
5.372242549535223,-64.5262,-64.5261,-64.5261,-64.5261,-64.4864,-64.4864,-64.4863,-64.4863,-64.4861,-64.4861,-64.4861,-64.4861,-64.4285,-64.4285,-64.4283,-64.4283,-64.341,-64.341,-10.7539,-10.7539,-8.9562,-8.9561,-7.4388,-7.4388,-1.6948,-1.6948,0.1124,0.1124,0.2446,0.2447,0.25,0.25,0.2957,0.2957,0.3002,0.3002,1.1454,1.1454,1.1496,1.1496,2.5543,2.5543,2.5555,2.5555,2.5995,2.5996,2.695,2.6951,2.6974,2.6974,2.7474,2.7474,2.7902,2.7903,2.7999,2.8,3.6974,3.6975,4.2703,4.2703,4.2777,4.2777,5.4608,5.4608,5.4761,5.4761,5.886,5.886,5.9026,5.9026,6.5427,6.5427,7.1191,7.1191,8.4014,8.4014,9.3492,9.3492,11.1138,11.1138,11.1812,11.1812,11.2665,11.2665,11.7145,11.7145,11.7329,11.7329,12.3459,12.3459,12.3717,12.3717,13.8136,13.8136,15.0219,15.0219,15.0395,15.0395,16.2191,16.2191,16.459,16.459,16.5093,16.5093,16.7622,16.7622,18.1049,18.1049,19.014,19.014,19.3257,19.3257,19.3298,19.3298,20.0559,20.0559,20.8292,20.8292,20.8337,20.8337,23.1477,23.1477,23.3308,23.3308,23.3601,23.3601,23.7387,23.7388
5.382182261157798,-64.5262,-64.5262,-64.5261,-64.5261,-64.4864,-64.4864,-64.4864,-64.4864,-64.4861,-64.4861,-64.4861,-64.4861,-64.4285,-64.4285,-64.4283,-64.4283,-64.341,-64.341,-10.7547,-10.7547,-8.9573,-8.9573,-7.4397,-7.4397,-1.6957,-1.6957,0.1141,0.1141,0.2462,0.2462,0.2492,0.2493,0.2976,0.2976,0.3001,0.3001,1.1466,1.1466,1.1489,1.1489,2.5554,2.5554,2.5561,2.5561,2.5994,2.5994,2.6962,2.6962,2.6975,2.6976,2.7484,2.7484,2.7899,2.7899,2.7956,2.7957,3.6989,3.6989,4.2752,4.2752,4.2795,4.2795,5.4716,5.4716,5.4803,5.4803,5.896,5.896,5.9055,5.9055,6.5381,6.5382,7.1086,7.1086,8.3924,8.3924,9.3425,9.3425,11.135,11.135,11.1767,11.1767,11.2586,11.2586,11.7152,11.7152,11.7256,11.7256,12.3525,12.3525,12.3671,12.3671,13.8041,13.8041,15.0326,15.0326,15.0425,15.0425,16.2168,16.2168,16.4711,16.4711,16.5067,16.5067,16.7248,16.7248,18.1,18.1,19.0184,19.0184,19.3266,19.3266,19.329,19.329,20.0408,20.0408,20.8244,20.8244,20.8269,20.8269,23.1766,23.1766,23.3321,23.3321,23.3475,23.3475,23.7158,23.7159
5.392121972780373,-64.5262,-64.5262,-64.5261,-64.5261,-64.4865,-64.4864,-64.4864,-64.4864,-64.4861,-64.4861,-64.4861,-64.4861,-64.4285,-64.4285,-64.4283,-64.4283,-64.341,-64.341,-10.7553,-10.7553,-8.9581,-8.9581,-7.4404,-7.4404,-1.6963,-1.6963,0.1153,0.1153,0.2473,0.2473,0.2487,0.2487,0.2989,0.2989,0.3001,0.3001,1.1474,1.1474,1.1484,1.1484,2.5561,2.5562,2.5565,2.5565,2.5992,2.5993,2.697,2.697,2.6976,2.6976,2.7494,2.7495,2.7896,2.7897,2.7923,2.7924,3.7,3.7,4.2788,4.2788,4.2807,4.2807,5.4794,5.4794,5.4833,5.4833,5.9033,5.9033,5.9076,5.9076,6.5347,6.5348,7.101,7.101,8.3859,8.3859,9.3377,9.3377,11.153,11.153,11.1735,11.1735,11.2502,11.2502,11.7158,11.7158,11.7204,11.7204,12.3573,12.3573,12.3638,12.3638,13.7971,13.7971,15.0403,15.0403,15.0447,15.0447,16.2144,16.2144,16.4856,16.4856,16.5049,16.5049,16.6931,16.6931,18.0964,18.0964,19.0213,19.0213,19.3276,19.3276,19.3287,19.3287,20.0299,20.0299,20.8209,20.821,20.8221,20.8221,23.1989,23.1989,23.3327,23.3327,23.339,23.3391,23.6972,23.6973
5.402061717502221,-64.5262,-64.5262,-64.5261,-64.5261,-64.4865,-64.4865,-64.4864,-64.4864,-64.4861,-64.4861,-64.4861,-64.4861,-64.4285,-64.4285,-64.4283,-64.4283,-64.341,-64.341,-10.7557,-10.7557,-8.9586,-8.9586,-7.4408,-7.4408,-1.6967,-1.6967,0.116,0.116,0.248,0.248,0.2484,0.2484,0.2997,0.2997,0.3,0.3,1.1479,1.1479,1.1481,1.1481,2.5566,2.5567,2.5567,2.5567,2.5992,2.5992,2.6975,2.6975,2.6977,2.6977,2.7502,2.7502,2.7895,2.7895,2.7902,2.7902,3.7006,3.7006,4.281,4.281,4.2815,4.2815,5.4841,5.4842,5.4851,5.4851,5.9077,5.9077,5.9088,5.9088,6.5327,6.5327,7.0965,7.0965,8.3821,8.3821,9.3348,9.3348,11.1659,11.1659,11.1715,11.1715,11.243,11.243,11.7161,11.7161,11.7173,11.7173,12.3602,12.3602,12.3618,12.3618,13.7929,13.7929,15.0449,15.0449,15.046,15.046,16.2126,16.2126,16.4982,16.4982,16.5038,16.5038,16.6704,16.6704,18.0942,18.0942,19.023,19.023,19.3283,19.3283,19.3286,19.3286,20.0232,20.0232,20.8189,20.8189,20.8191,20.8191,23.213,23.213,23.3329,23.3329,23.3344,23.3344,23.685,23.6851
5.412001429124796,-64.5262,-64.5262,-64.5261,-64.5261,-64.4865,-64.4865,-64.4864,-64.4864,-64.4861,-64.4861,-64.4861,-64.4861,-64.4285,-64.4285,-64.4283,-64.4283,-64.341,-64.341,-10.7558,-10.7558,-8.9587,-8.9587,-7.441,-7.441,-1.6968,-1.6968,0.1162,0.1162,0.2482,0.2482,0.2482,0.2483,0.3,0.3,0.3,0.3,1.148,1.148,1.148,1.148,2.5568,2.5568,2.5568,2.5568,2.5991,2.5992,2.6977,2.6977,2.6977,2.6977,2.7505,2.7505,2.7894,2.7894,2.7895,2.7895,3.7008,3.7008,4.2817,4.2817,4.2817,4.2817,5.4857,5.4857,5.4857,5.4857,5.9092,5.9092,5.9092,5.9092,6.532,6.532,7.0949,7.0949,8.3808,8.3808,9.3338,9.3338,11.1709,11.1709,11.1709,11.1709,11.24,11.24,11.7162,11.7162,11.7162,11.7162,12.3611,12.3611,12.3612,12.3612,13.7915,13.7915,15.0464,15.0464,15.0465,15.0465,16.2119,16.2119,16.5034,16.5034,16.5034,16.5034,16.6618,16.6618,18.0935,18.0935,19.0235,19.0236,19.3286,19.3286,19.3286,19.3286,20.021,20.021,20.8182,20.8182,20.8182,20.8182,23.2178,23.2178,23.333,23.333,23.333,23.333,23.6808,23.6808
6.367495137134048,-64.5271,-64.5271,-64.5264,-64.5263,-64.4872,-64.4871,-64.4871,-64.4871,-64.4865,-64.4864,-64.4864,-64.4864,-64.4284,-64.4284,-64.4283,-64.4283,-64.341,-64.341,-10.2626,-10.2626,-8.2605,-8.2605,-6.8707,-6.8707,-1.5731,-1.5731,-1.2153,-1.2153,-0.6177,-0.6177,0.0454,0.0454,0.3064,0.3064,0.7389,0.7389,0.8438,0.8438,1.5915,1.5915,2.338,2.338,2.4526,2.4526,2.4546,2.4546,2.4703,2.4703,2.6673,2.6673,2.6718,2.6718,2.7327,2.7327,2.7856,2.7856,2.7919,2.7919,3.072,3.072,3.2811,3.2811,3.5174,3.5174,3.8433,3.8434,4.2649,4.2649,4.5462,4.5462,6.9446,6.9447,8.1931,8.1931,8.7651,8.7651,9.4171,9.4171,9.8308,9.8308,11.6411,11.6411,12.1997,12.1997,12.7283,12.7283,14.0715,14.0715,14.696,14.696,14.9914,14.9914,15.7269,15.7269,17.0891,17.0891,17.3919,17.3919,17.3922,17.3922,17.7295,17.7295,18.0507,18.0507,18.361,18.361,19.1131,19.1131,19.3641,19.3641,19.6393,19.6393,20.146,20.146,20.9226,20.9226,20.9776,20.9776,21.6326,21.6326,22.7254,22.7254,23.1033,23.1033,24.4842,24.4848,24.949,25.0003
6.377049474585879,-64.5271,-64.5271,-64.5264,-64.5263,-64.4872,-64.4871,-64.4871,-64.487,-64.4865,-64.4864,-64.4864,-64.4863,-64.4284,-64.4284,-64.4283,-64.4282,-64.341,-64.3409,-10.2627,-10.2625,-8.261,-8.2599,-6.8712,-6.8703,-1.5788,-1.5671,-1.2284,-1.2021,-0.637,-0.5984,0.029,0.0616,0.3064,0.3064,0.7293,0.7482,0.8436,0.844,1.5909,1.5921,2.3333,2.3428,2.4521,2.4531,2.4543,2.455,2.4702,2.4705,2.666,2.6688,2.6711,2.6723,2.7314,2.7343,2.7845,2.7867,2.7886,2.7952,3.0691,3.0751,3.2726,3.2899,3.5151,3.5199,3.8265,3.8604,4.239,4.2909,4.5342,4.5577,6.9339,6.955,8.1764,8.21,8.7624,8.7692,9.3637,9.473,9.813,9.8463,11.6045,11.6778,12.1723,12.228,12.661,12.7959,14.0462,14.0951,14.6286,14.7643,14.9629,15.0195,15.6999,15.7581,17.0822,17.096,17.3693,17.3721,17.4056,17.411,17.7105,17.7488,18.0307,18.0715,18.2877,18.4375,19.0926,19.136,19.3444,19.3847,19.6389,19.6407,20.1413,20.1511,20.9209,20.9228,20.9495,20.9979,21.6128,21.6586,22.7152,22.7382,23.0784,23.129,24.4106,24.5585,24.8554,25.0641
6.386603812037709,-64.5271,-64.5271,-64.5264,-64.5263,-64.4872,-64.4871,-64.4871,-64.487,-64.4865,-64.4864,-64.4864,-64.4863,-64.4284,-64.4284,-64.4283,-64.4282,-64.341,-64.3409,-10.2628,-10.2624,-8.2616,-8.2594,-6.8717,-6.8698,-1.5842,-1.5609,-1.2413,-1.1887,-0.6562,-0.5791,0.0124,0.0775,0.3063,0.3064,0.7195,0.7572,0.8435,0.8442,1.5903,1.5927,2.3285,2.3475,2.4517,2.4537,2.454,2.4553,2.47,2.4706,2.6647,2.6702,2.6702,2.6725,2.7304,2.736,2.7833,2.7853,2.7877,2.7985,3.0663,3.0783,3.2645,3.2989,3.5129,3.5224,3.8097,3.8775,4.2133,4.3168,4.5218,4.5688,6.9228,6.9647,8.1601,8.2266,8.7612,8.774,9.3133,9.5312,9.7931,9.8595,11.5688,11.7132,12.1461,12.2572,12.5953,12.8627,14.0188,14.1171,14.5623,14.8334,14.9344,15.0469,15.6778,15.7931,17.0753,17.1029,17.3423,17.3464,17.4123,17.4261,17.6936,17.7668,18.012,18.0928,18.2193,18.5158,19.0743,19.161,19.3258,19.406,19.6396,19.6428,20.1369,20.1565,20.9148,20.9175,20.9216,21.0095,21.5985,21.6917,22.7076,22.7534,23.0542,23.1551,24.3349,24.6161,24.7725,25.2462
6.39615814948954,-64.5271,-64.5271,-64.5264,-64.5263,-64.4871,-64.4871,-64.4871,-64.487,-64.4865,-64.4864,-64.4864,-64.4863,-64.4284,-64.4283,-64.4283,-64.4282,-64.341,-64.3409,-10.2629,-10.2623,-8.2621,-8.2588,-6.8721,-6.8694,-1.5892,-1.5544,-1.2538,-1.1753,-0.6751,-0.5601,-0.0041,0.0931,0.3063,0.3064,0.7096,0.7659,0.8433,0.8443,1.5898,1.5933,2.3239,2.3522,2.4514,2.4537,2.4543,2.4556,2.4698,2.4708,2.6634,2.669,2.6718,2.6726,2.7296,2.738,2.7819,2.7821,2.7887,2.8017,3.0636,3.0815,3.2566,3.3082,3.5108,3.5251,3.7931,3.8946,4.1878,4.3425,4.5091,4.5795,6.9115,6.9736,8.1446,8.2427,8.7621,8.7791,9.2662,9.5916,9.7715,9.8702,11.5346,11.7456,12.1209,12.2873,12.533,12.9278,13.9894,14.1376,14.497,14.9033,14.9063,15.0732,15.6607,15.8316,17.0684,17.11,17.3111,17.3148,17.4114,17.438,17.68,17.7814,17.9949,18.114,18.1578,18.5951,19.0581,19.1883,19.3082,19.4277,19.6418,19.6458,20.1328,20.1623,20.875,20.9123,20.9193,21.0121,21.5884,21.7318,22.7028,22.7709,23.0311,23.1815,24.2597,24.613,24.7548,25.217
6.40571248694137,-64.5271,-64.5271,-64.5263,-64.5263,-64.4872,-64.4871,-64.4871,-64.487,-64.4865,-64.4864,-64.4864,-64.4863,-64.4284,-64.4283,-64.4283,-64.4282,-64.341,-64.3409,-10.263,-10.2623,-8.2626,-8.2583,-6.8726,-6.8689,-1.5939,-1.5476,-1.266,-1.162,-0.6938,-0.5413,-0.0207,0.1082,0.3063,0.3065,0.6995,0.7743,0.8431,0.8445,1.5892,1.5939,2.3193,2.3567,2.4511,2.4533,2.4549,2.4559,2.4697,2.471,2.6622,2.6675,2.6724,2.6734,2.729,2.74,2.7786,2.7808,2.7895,2.8049,3.0611,3.0848,3.2491,3.3178,3.5089,3.5279,3.7766,3.9118,4.1629,4.3678,4.496,4.5896,6.9001,6.9818,8.1302,8.2579,8.7652,8.7839,9.2229,9.6535,9.7487,9.8781,11.5025,11.7725,12.0969,12.318,12.4769,12.9908,13.9577,14.1568,14.4331,14.879,14.9738,15.0983,15.6492,15.8731,17.0612,17.1171,17.2758,17.2774,17.4025,17.4469,17.6709,17.7903,17.9796,18.1062,18.1348,18.6743,19.0439,19.2177,19.2918,19.4492,19.6461,19.6496,20.129,20.1685,20.8313,20.9052,20.916,21.006,21.5815,21.7787,22.7006,22.7903,23.0093,23.2079,24.1833,24.5323,24.8099,25.1571
6.415266824393201,-64.5271,-64.5271,-64.5263,-64.5263,-64.4872,-64.4871,-64.4871,-64.487,-64.4865,-64.4864,-64.4864,-64.4863,-64.4284,-64.4283,-64.4283,-64.4282,-64.341,-64.3409,-10.2631,-10.2622,-8.2631,-8.2578,-6.873,-6.8685,-1.5983,-1.5407,-1.2777,-1.1487,-0.7121,-0.5229,-0.0371,0.1228,0.3063,0.3065,0.6894,0.7822,0.8429,0.8447,1.5886,1.5945,2.3148,2.3612,2.4509,2.453,2.4555,2.4562,2.4695,2.4712,2.6611,2.6659,2.6722,2.675,2.7288,2.7421,2.7753,2.7795,2.7903,2.808,3.0587,3.0882,3.2419,3.3275,3.507,3.5308,3.7603,3.929,4.1384,4.3927,4.4826,4.5992,6.8888,6.989,8.117,8.272,8.7707,8.7874,9.184,9.7083,9.7334,9.8835,11.4728,11.7903,12.0742,12.3494,12.4303,13.0509,13.9237,14.1747,14.3705,14.8528,15.0448,15.122,15.6434,15.9173,17.0534,17.1242,17.2338,17.2371,17.3857,17.4533,17.6664,17.7906,17.9663,18.0676,18.1547,18.7527,19.0315,19.249,19.2766,19.4697,19.6532,19.6543,20.1254,20.1753,20.7851,20.896,20.9119,20.9919,21.5771,21.8317,22.7011,22.8115,22.9887,23.2341,24.1069,24.4429,24.8789,25.1044
6.424821161845031,-64.5271,-64.5271,-64.5263,-64.5263,-64.4872,-64.4871,-64.4871,-64.487,-64.4865,-64.4864,-64.4864,-64.4863,-64.4284,-64.4283,-64.4283,-64.4281,-64.341,-64.3409,-10.2632,-10.2621,-8.2636,-8.2573,-6.8734,-6.8681,-1.6022,-1.5337,-1.289,-1.1357,-0.7298,-0.505,-0.0533,0.1369,0.3063,0.3065,0.6794,0.7898,0.8428,0.8448,1.5881,1.595,2.3104,2.3654,2.4508,2.4527,2.4561,2.4565,2.4694,2.4714,2.6601,2.664,2.6719,2.6766,2.7288,2.7443,2.7721,2.7781,2.791,2.811,3.0565,3.0916,3.235,3.3375,3.5053,3.5339,3.7442,3.9461,4.1147,4.417,4.469,4.6083,6.8776,6.9953,8.1053,8.2848,8.7788,8.789,9.1503,9.6939,9.788,9.8861,11.4456,11.7948,12.0527,12.3811,12.3974,13.1077,13.8872,14.1914,14.3095,14.8279,15.1163,15.1445,15.6433,15.9637,17.0443,17.1313,17.184,17.1957,17.3619,17.4576,17.6658,17.7806,17.9548,18.0442,18.1735,18.8295,19.0208,19.2625,19.2818,19.4884,19.6602,19.6639,20.122,20.1826,20.7372,20.8846,20.9072,20.9707,21.5744,21.8897,22.7039,22.834,22.9697,23.2599,24.0308,24.3515,24.9502,25.0453
6.434375499296862,-64.5271,-64.5271,-64.5263,-64.5263,-64.4872,-64.4871,-64.4871,-64.487,-64.4865,-64.4864,-64.4864,-64.4863,-64.4284,-64.4284,-64.4283,-64.4281,-64.341,-64.3409,-10.2633,-10.262,-8.2641,-8.2568,-6.8738,-6.8677,-1.6059,-1.5266,-1.2998,-1.1231,-0.747,-0.4876,-0.0691,0.1504,0.3063,0.3065,0.6694,0.7969,0.8426,0.845,1.5876,1.5955,2.3063,2.3695,2.4508,2.4525,2.4567,2.4568,2.4692,2.4715,2.6591,2.6619,2.6714,2.6783,2.729,2.7464,2.7689,2.7767,2.7916,2.8139,3.0545,3.095,3.2286,3.3477,3.5037,3.537,3.7283,3.9632,4.0916,4.4405,4.4551,4.6169,6.8668,7.0005,8.0952,8.2961,8.7874,8.7895,9.1227,9.6673,9.8553,9.8861,11.4211,11.7827,12.0326,12.3816,12.4132,13.1609,13.8484,14.207,14.2502,14.8045,15.1659,15.1881,15.649,16.0122,17.0322,17.128,17.1383,17.1539,17.3325,17.4601,17.6681,17.7616,17.9452,18.0348,18.1909,18.9039,19.0117,19.2496,19.3158,19.5044,19.6675,19.6793,20.1189,20.1906,20.6884,20.8712,20.902,20.9434,21.573,21.9519,22.7088,22.8578,22.9522,23.2851,23.9549,24.2614,24.9948,25.0209
6.443929836748692,-64.5271,-64.5271,-64.5264,-64.5263,-64.4872,-64.4871,-64.4871,-64.487,-64.4865,-64.4864,-64.4864,-64.4863,-64.4284,-64.4284,-64.4283,-64.4281,-64.341,-64.3409,-10.2634,-10.2619,-8.2646,-8.2564,-6.8742,-6.8673,-1.6092,-1.5196,-1.31,-1.1108,-0.7633,-0.471,-0.0845,0.1632,0.3062,0.3065,0.6596,0.8035,0.8425,0.8451,1.5871,1.596,2.3023,2.3733,2.4509,2.4522,2.4571,2.4572,2.4691,2.4717,2.6581,2.6598,2.6709,2.68,2.7295,2.7485,2.7658,2.7753,2.7922,2.8167,3.0526,3.0983,3.2225,3.358,3.5022,3.5401,3.7126,3.9802,4.0696,4.441,4.4631,4.6249,6.8563,7.0047,8.0868,8.3058,8.7821,8.8027,9.1019,9.6392,9.8837,9.9249,11.3993,11.7528,12.0138,12.3839,12.4453,13.21,13.8073,14.1928,14.2215,14.7829,15.1866,15.26,15.6601,16.0623,17.0133,17.0663,17.1158,17.1453,17.2986,17.4611,17.6723,17.7372,17.9372,18.0355,18.2069,18.9752,19.0039,19.2378,19.3506,19.5171,19.6766,19.6997,20.116,20.1993,20.6391,20.8555,20.8965,20.9108,21.5727,22.0176,22.7156,22.8825,22.9363,23.3095,23.8791,24.1735,24.9464,25.0968
6.453484174200523,-64.5271,-64.5271,-64.5264,-64.5263,-64.4872,-64.4871,-64.4871,-64.487,-64.4865,-64.4864,-64.4864,-64.4863,-64.4284,-64.4284,-64.4282,-64.4282,-64.341,-64.3409,-10.2634,-10.2618,-8.265,-8.2559,-6.8746,-6.8669,-1.6121,-1.5125,-1.3196,-1.0991,-0.7789,-0.4551,-0.0993,0.1752,0.3062,0.3066,0.65,0.8097,0.8424,0.8453,1.5866,1.5965,2.2986,2.3768,2.4512,2.4519,2.4573,2.4578,2.469,2.4719,2.6573,2.6576,2.6705,2.6817,2.7301,2.7506,2.7628,2.7738,2.7927,2.8193,3.0508,3.1016,3.2168,3.3685,3.5009,3.5433,3.6973,3.9971,4.0485,4.4269,4.4846,4.6323,6.8463,7.0078,8.0802,8.314,8.7724,8.8182,9.0881,9.6104,9.879,9.9962,11.3802,11.7073,11.9964,12.4021,12.4773,13.2549,13.764,14.1376,14.2347,14.7631,15.2071,15.3321,15.6763,16.114,16.9824,16.9995,17.0872,17.1522,17.2611,17.461,17.6776,17.7113,17.9306,18.0423,18.2213,18.9974,19.0425,19.227,19.3857,19.5265,19.688,19.7251,20.1134,20.2089,20.5898,20.8378,20.874,20.8909,21.5731,22.0859,22.7239,22.908,22.922,23.3327,23.8034,24.0871,24.8995,25.156
6.463038511652353,-64.5272,-64.5271,-64.5264,-64.5263,-64.4872,-64.4872,-64.4871,-64.487,-64.4865,-64.4865,-64.4864,-64.4863,-64.4285,-64.4284,-64.4283,-64.4282,-64.341,-64.3409,-10.2635,-10.2618,-8.2654,-8.2555,-6.8749,-6.8666,-1.6147,-1.5057,-1.3286,-1.0881,-0.7934,-0.4401,-0.1134,0.1865,0.3062,0.3066,0.6408,0.8154,0.8422,0.8454,1.5861,1.5969,2.295,2.3801,2.4515,2.4516,2.4576,2.4583,2.4688,2.472,2.6554,2.6565,2.6699,2.6834,2.7309,2.7525,2.7599,2.7724,2.7931,2.8217,3.0492,3.1048,3.2116,3.3791,3.4996,3.5466,3.6822,4.0137,4.0286,4.4126,4.5049,4.6391,6.8369,7.01,8.0753,8.3207,8.7589,8.8358,9.0809,9.5812,9.8723,10.0689,11.3638,11.6497,11.9804,12.4326,12.5088,13.2954,13.7188,14.0848,14.2467,14.7452,15.2275,15.404,15.6973,16.1668,16.9284,16.9383,17.0696,17.1588,17.2208,17.4599,17.6834,17.6862,17.9253,18.0522,18.2343,18.9919,19.105,19.2174,19.4206,19.5331,19.7022,19.755,20.111,20.2193,20.5407,20.8182,20.8336,20.8852,21.5742,22.1562,22.7334,22.9094,22.934,23.3548,23.7279,24.0042,24.8568,25.2216
6.472592849104184,-64.5272,-64.5271,-64.5264,-64.5263,-64.4872,-64.4872,-64.4871,-64.487,-64.4865,-64.4865,-64.4864,-64.4863,-64.4285,-64.4284,-64.4283,-64.4282,-64.341,-64.3409,-10.2636,-10.2617,-8.2658,-8.2551,-6.8752,-6.8663,-1.617,-1.499,-1.3369,-1.0778,-0.8068,-0.4261,-0.1267,0.1969,0.3062,0.3066,0.632,0.8206,0.8421,0.8455,1.5857,1.5973,2.2918,2.3831,2.4514,2.452,2.4578,2.4588,2.4687,2.4722,2.6532,2.6558,2.6694,2.6851,2.7317,2.7544,2.7571,2.771,2.7934,2.8241,3.0478,3.1078,3.2068,3.3897,3.4985,3.5498,3.6675,4.01,4.0301,4.3984,4.5238,4.6453,6.8282,7.0114,8.072,8.3262,8.7423,8.8552,9.0793,9.5517,9.864,10.1431,11.3498,11.5834,11.9659,12.4716,12.5396,13.3314,13.672,14.0347,14.2575,14.7292,15.248,15.4755,15.723,16.2206,16.854,16.8859,17.059,17.1652,17.1781,17.4582,17.6632,17.6894,17.921,18.0633,18.2457,18.9873,19.1616,19.2089,19.4545,19.5376,19.7199,19.7886,20.1088,20.2308,20.492,20.7905,20.7969,20.8797,21.5759,22.2281,22.7436,22.8984,22.9605,23.3754,23.6527,23.9247,24.8178,25.2857
6.4821471865560145,-64.5271,-64.5271,-64.5264,-64.5263,-64.4872,-64.4871,-64.4871,-64.487,-64.4865,-64.4865,-64.4864,-64.4863,-64.4285,-64.4284,-64.4284,-64.4283,-64.3411,-64.341,-10.2636,-10.2616,-8.2661,-8.2548,-6.8755,-6.866,-1.619,-1.4927,-1.3444,-1.0685,-0.8191,-0.4133,-0.1391,0.2065,0.3062,0.3066,0.6238,0.8253,0.842,0.8456,1.5854,1.5977,2.2888,2.3857,2.4512,2.4525,2.4579,2.4592,2.4685,2.4723,2.651,2.6551,2.6689,2.6868,2.7327,2.7544,2.7561,2.7696,2.7937,2.8262,3.0465,3.1107,3.2024,3.4004,3.4975,3.553,3.6533,3.9928,4.046,4.3844,4.5412,4.6509,6.8201,7.012,8.0702,8.3305,8.7238,8.8759,9.0819,9.5225,9.8545,10.2186,11.3381,11.5113,11.9528,12.5161,12.5694,13.363,13.624,13.9878,14.267,14.715,15.2686,15.5464,15.7531,16.2751,16.777,16.8289,17.0519,17.1335,17.1713,17.456,17.6428,17.6951,17.9177,18.0746,18.2556,18.9835,19.1996,19.2134,19.4871,19.5405,19.7416,19.8249,20.1069,20.2433,20.4439,20.7455,20.7741,20.8744,21.578,22.3009,22.7541,22.8889,22.9874,23.3944,23.578,23.8489,24.7821,25.364
6.491701524007845,-64.5271,-64.5271,-64.5264,-64.5263,-64.4872,-64.4871,-64.4871,-64.487,-64.4865,-64.4865,-64.4864,-64.4863,-64.4285,-64.4284,-64.4283,-64.4283,-64.341,-64.3409,-10.2637,-10.2616,-8.2664,-8.2545,-6.8758,-6.8657,-1.6207,-1.4868,-1.3511,-1.0601,-0.83,-0.4016,-0.1505,0.215,0.3061,0.3066,0.6162,0.8294,0.8419,0.8457,1.585,1.5981,2.2861,2.3881,2.451,2.4531,2.4581,2.4596,2.4684,2.4725,2.649,2.6546,2.6685,2.6884,2.7336,2.7519,2.7577,2.7682,2.7939,2.8281,3.0454,3.1133,3.1985,3.4109,3.4966,3.556,3.6395,3.9771,4.0615,4.3707,4.5569,4.6559,6.8129,7.012,8.0697,8.3338,8.7048,8.8974,9.0875,9.4938,9.8443,10.2953,11.3284,11.4351,11.9412,12.5638,12.5975,13.3903,13.5754,13.9444,14.2751,14.7028,15.2889,15.6163,15.7876,16.3302,16.6985,16.7697,17.0467,17.0871,17.177,17.4535,17.625,17.7005,17.9151,18.0854,18.2642,18.9805,19.1939,19.2556,19.5175,19.5424,19.7677,19.8631,20.1052,20.2569,20.3962,20.6993,20.7503,20.8695,21.5804,22.3743,22.7646,22.8809,23.0145,23.4116,23.5036,23.777,24.7509,25.4
6.501255861459676,-64.5272,-64.5271,-64.5264,-64.5263,-64.4872,-64.4872,-64.4871,-64.487,-64.4866,-64.4865,-64.4864,-64.4863,-64.4285,-64.4283,-64.4283,-64.4282,-64.341,-64.3409,-10.2637,-10.2615,-8.2667,-8.2542,-6.876,-6.8655,-1.6221,-1.4814,-1.3571,-1.0528,-0.8394,-0.3913,-0.1606,0.2226,0.3061,0.3066,0.6093,0.8331,0.8418,0.8458,1.5847,1.5983,2.2837,2.3901,2.4509,2.4538,2.4583,2.4599,2.4682,2.4726,2.6472,2.6541,2.6681,2.6899,2.7346,2.7497,2.7592,2.7669,2.7941,2.8298,3.0444,3.1157,3.195,3.4212,3.4958,3.5589,3.6264,3.9632,4.0762,4.3574,4.5709,4.6602,6.8066,7.0116,8.0703,8.3362,8.6862,8.9192,9.0947,9.4661,9.8339,10.3731,11.3206,11.3563,11.9312,12.6129,12.6237,13.4135,13.5269,13.9051,14.282,14.6923,15.3084,15.6845,15.8266,16.3856,16.6192,16.7098,17.0394,17.0427,17.1821,17.4509,17.6098,17.7054,17.913,18.0953,18.2714,18.978,19.1882,19.2913,19.5435,19.5453,19.7982,19.9026,20.1037,20.2712,20.3491,20.6528,20.7261,20.8651,21.5829,22.4476,22.7747,22.8743,23.0417,23.4268,23.4301,23.7102,24.7232,25.4556
6.510810198911506,-64.5271,-64.5271,-64.5264,-64.5263,-64.4872,-64.4872,-64.487,-64.487,-64.4866,-64.4865,-64.4864,-64.4863,-64.4285,-64.4283,-64.4283,-64.4282,-64.341,-64.3409,-10.2638,-10.2615,-8.2669,-8.254,-6.8762,-6.8653,-1.6233,-1.4766,-1.3621,-1.0467,-0.8474,-0.3823,-0.1694,0.2292,0.3061,0.3066,0.6033,0.8361,0.8417,0.8459,1.5845,1.5986,2.2817,2.3917,2.4508,2.4544,2.4584,2.4602,2.4681,2.4727,2.6456,2.6537,2.6677,2.6913,2.7356,2.7476,2.7604,2.7657,2.7942,2.8313,3.0436,3.1178,3.1921,3.4312,3.4952,3.5616,3.6141,3.951,4.09,4.3449,4.5829,4.6639,6.8011,7.0109,8.0715,8.3381,8.669,8.9404,9.1026,9.44,9.8238,10.4518,11.2757,11.3145,11.9226,12.6473,12.6615,13.4326,13.4795,13.8703,14.2876,14.6835,15.3264,15.7502,15.8701,16.4411,16.54,16.6506,16.9904,17.0396,17.1867,17.4484,17.5972,17.7096,17.9115,18.1039,18.2774,18.9761,19.1834,19.3199,19.5442,19.5699,19.8327,19.9421,20.1025,20.2861,20.3026,20.607,20.7021,20.8612,21.5855,22.5203,22.7839,22.8689,23.0686,23.3577,23.4399,23.6488,24.6983,25.4972
6.520364536363337,-64.5272,-64.5271,-64.5264,-64.5264,-64.4872,-64.4872,-64.4871,-64.487,-64.4866,-64.4865,-64.4864,-64.4864,-64.4285,-64.4284,-64.4283,-64.4282,-64.3411,-64.3409,-10.2638,-10.2615,-8.2671,-8.2538,-6.8764,-6.8652,-1.6242,-1.4725,-1.3663,-1.0418,-0.8539,-0.3749,-0.1768,0.2346,0.3061,0.3066,0.5982,0.8386,0.8417,0.8459,1.5843,1.5988,2.28,2.3931,2.4506,2.455,2.4585,2.4605,2.4679,2.4728,2.6442,2.6533,2.6674,2.6925,2.7365,2.7458,2.7615,2.7647,2.7943,2.8325,3.0429,3.1195,3.1897,3.4404,3.4946,3.5639,3.6029,3.9409,4.1023,4.3334,4.5929,4.6669,6.7966,7.01,8.0731,8.3394,8.6539,8.9604,9.1103,9.4162,9.8146,10.5314,11.1941,11.3098,11.9156,12.6678,12.7078,13.4347,13.4479,13.8407,14.2921,14.6764,15.3423,15.812,15.9183,16.4616,16.4964,16.5938,16.9404,17.0372,17.1906,17.4461,17.587,17.7131,17.9104,18.1112,18.2822,18.9746,19.1794,19.3419,19.5446,19.5906,19.8703,19.9806,20.1014,20.2569,20.301,20.5633,20.6792,20.8579,21.5879,22.5914,22.7918,22.8646,23.0947,23.2871,23.4508,23.5938,24.6786,25.5423
6.529918873815167,-64.5272,-64.5271,-64.5264,-64.5264,-64.4872,-64.4872,-64.4871,-64.4871,-64.4866,-64.4865,-64.4864,-64.4863,-64.4285,-64.4284,-64.4283,-64.4282,-64.3411,-64.3409,-10.2638,-10.2614,-8.2672,-8.2537,-6.8765,-6.8651,-1.6249,-1.4692,-1.3696,-1.038,-0.8589,-0.3691,-0.1827,0.2388,0.3061,0.3066,0.5941,0.8406,0.8416,0.846,1.5841,1.599,2.2787,2.3941,2.4505,2.4555,2.4586,2.4606,2.4678,2.4729,2.6431,2.653,2.6672,2.6935,2.7372,2.7444,2.7623,2.7638,2.7944,2.8334,3.0424,3.1209,3.1878,3.4486,3.4942,3.5657,3.5932,3.9328,4.113,4.3236,4.6008,4.6692,6.793,7.0092,8.0748,8.3403,8.6416,8.9779,9.117,9.3958,9.8068,10.6116,11.1121,11.3063,11.9102,12.6845,12.7494,13.3944,13.4595,13.8169,14.2955,14.671,15.3553,15.8676,15.9708,16.3848,16.5418,16.5511,16.89,17.0354,17.1938,17.4442,17.5792,17.7159,17.9096,18.117,18.2858,18.9735,19.1764,19.358,19.5448,19.6073,19.9096,20.0162,20.1006,20.2124,20.3149,20.5236,20.6587,20.8552,21.5899,22.6592,22.7982,22.8615,23.1191,23.2201,23.4595,23.5466,24.6628,25.5608
6.539473211266998,-64.5272,-64.5271,-64.5264,-64.5263,-64.4872,-64.4871,-64.4871,-64.487,-64.4866,-64.4865,-64.4864,-64.4863,-64.4285,-64.4284,-64.4283,-64.4282,-64.3411,-64.3409,-10.2639,-10.2614,-8.2673,-8.2535,-6.8766,-6.865,-1.6254,-1.4668,-1.372,-1.0353,-0.8625,-0.3648,-0.187,0.2419,0.3061,0.3066,0.5912,0.8416,0.842,0.846,1.584,1.5991,2.2778,2.3948,2.4505,2.4559,2.4587,2.4608,2.4677,2.473,2.6423,2.6528,2.667,2.6942,2.7378,2.7433,2.7629,2.7631,2.7945,2.8341,3.0421,3.1219,3.1865,3.4553,3.4939,3.5672,3.5855,3.927,4.1212,4.3158,4.6065,4.6709,6.7904,7.0085,8.0762,8.3409,8.6324,8.9919,9.1223,9.3799,9.8008,10.6919,11.0303,11.3039,11.9062,12.6969,12.7833,13.3616,13.4677,13.7994,14.2979,14.6671,15.365,15.9138,16.0272,16.3108,16.4982,16.6043,16.8398,17.0342,17.1961,17.4427,17.5737,17.718,17.909,18.1212,18.2884,18.9727,19.1742,19.3688,19.5448,19.6194,19.9486,20.046,20.1001,20.1705,20.3266,20.4908,20.6422,20.8533,21.5915,22.7204,22.8026,22.8593,23.14,23.1599,23.4657,23.5092,24.652,25.5712
6.549027548718828,-64.5272,-64.5271,-64.5264,-64.5264,-64.4872,-64.4872,-64.4871,-64.4871,-64.4866,-64.4866,-64.4864,-64.4864,-64.4286,-64.4284,-64.4283,-64.4282,-64.3412,-64.3409,-10.2639,-10.2614,-8.2674,-8.2535,-6.8766,-6.8649,-1.6257,-1.4654,-1.3734,-1.0338,-0.8645,-0.3623,-0.1896,0.2438,0.3061,0.3066,0.5894,0.8416,0.8428,0.846,1.5839,1.5991,2.2772,2.3952,2.4504,2.4561,2.4586,2.4609,2.4677,2.473,2.6418,2.6527,2.6669,2.6947,2.7382,2.7427,2.7627,2.7633,2.7945,2.8345,3.0418,3.1225,3.1857,3.4596,3.4937,3.5681,3.5805,3.9234,4.1266,4.3108,4.6099,4.6719,6.7889,7.0081,8.0772,8.3412,8.6267,9.0009,9.1256,9.3696,9.7971,10.7706,10.9507,11.3025,11.9039,12.7046,12.8059,13.3396,13.4726,13.7887,14.2992,14.6648,15.371,15.9452,16.0848,16.2425,16.4682,16.653,16.793,17.0334,17.1975,17.4418,17.5704,17.7192,17.9087,18.1237,18.29,18.9723,19.1729,19.3751,19.5449,19.6267,19.9826,20.0666,20.0997,20.1351,20.3345,20.4684,20.6313,20.8522,21.5926,22.7685,22.8038,22.858,23.1139,23.1546,23.4694,23.4847,24.6453,25.5361
6.558581886170659,-64.5272,-64.5271,-64.5264,-64.5263,-64.4872,-64.4872,-64.4871,-64.4871,-64.4866,-64.4865,-64.4864,-64.4864,-64.4286,-64.4284,-64.4283,-64.4282,-64.3411,-64.3409,-10.2639,-10.2614,-8.2674,-8.2535,-6.8767,-6.8649,-1.6258,-1.4649,-1.3739,-1.0333,-0.8652,-0.3614,-0.1904,0.2444,0.3061,0.3066,0.5888,0.8416,0.8431,0.846,1.5839,1.5992,2.277,2.3954,2.4504,2.4562,2.4587,2.4609,2.4676,2.473,2.6416,2.6527,2.6669,2.6949,2.7383,2.7425,2.7625,2.7634,2.7945,2.8346,3.0417,3.1227,3.1854,3.4612,3.4937,3.5683,3.5787,3.9222,4.1284,4.3091,4.611,4.6722,6.7884,7.008,8.0775,8.3413,8.6248,9.0041,9.1268,9.3661,9.7958,10.8251,10.8958,11.3021,11.9031,12.7072,12.8139,13.3319,13.4742,13.7851,14.2997,14.6641,15.373,15.9566,16.1226,16.201,16.4574,16.6797,16.7669,17.0332,17.198,17.4415,17.5693,17.7196,17.9086,18.1245,18.2905,18.9721,19.1725,19.3772,19.5449,19.6292,19.9983,20.074,20.0996,20.1189,20.3374,20.4603,20.6274,20.8518,21.5929,22.7913,22.8005,22.8575,23.0956,23.1599,23.4707,23.4758,24.6426,25.5323
7.110236435823571,-64.527,-64.5269,-64.5269,-64.5268,-64.487,-64.487,-64.4869,-64.4869,-64.4869,-64.4869,-64.4869,-64.4868,-64.4284,-64.4284,-64.4284,-64.4283,-64.3411,-64.341,-10.199,-10.1984,-8.1683,-8.1683,-6.7978,-6.7918,-1.0113,-1.0113,-0.9915,-0.8231,-0.823,-0.7772,-0.4861,-0.4861,0.1459,0.1459,0.3028,0.6972,1.1101,1.1101,1.2356,1.2356,2.0376,2.1294,2.2201,2.2649,2.2892,2.2893,2.3823,2.3824,2.6771,2.6771,2.7087,2.7087,2.8087,2.8213,2.8213,2.8385,2.9488,2.9688,2.9689,2.9936,3.1048,3.1048,3.1705,3.1973,3.2961,3.305,3.9747,3.9747,4.3708,4.3708,7.1024,7.3804,8.8009,8.8009,9.2152,9.2152,11.1918,11.1919,11.5937,11.5937,11.7578,11.7578,11.9316,12.3899,12.3899,13.0035,13.3055,13.6088,13.6088,14.2765,14.533,14.7161,15.0118,15.0118,15.2375,15.2375,15.71,15.71,16.0211,16.9801,17.1268,17.1268,17.7525,18.5993,18.5993,19.9737,19.9737,20.3477,20.5401,20.6215,20.6215,21.0293,21.0293,21.6978,22.0895,22.0895,22.2302,22.319,22.319,22.3996,23.0133,23.1337,23.4288,23.43,23.9092,23.9116,23.9342,23.9432
7.119790773275401,-64.527,-64.5269,-64.5269,-64.5268,-64.4871,-64.487,-64.4869,-64.4869,-64.4869,-64.4869,-64.4868,-64.4868,-64.4283,-64.4283,-64.4283,-64.4282,-64.3409,-64.3409,-10.199,-10.1984,-8.1683,-8.1683,-6.7978,-6.7918,-1.0114,-1.0114,-0.9912,-0.8228,-0.8227,-0.7777,-0.4863,-0.4863,0.146,0.146,0.3035,0.6966,1.1101,1.1101,1.2356,1.2356,2.0379,2.1293,2.2202,2.2648,2.2893,2.2893,2.3823,2.3823,2.6771,2.6771,2.7087,2.7087,2.8087,2.8215,2.8215,2.8385,2.9489,2.9684,2.9685,2.9936,3.1052,3.1052,3.1705,3.1973,3.2962,3.305,3.9739,3.974,4.3716,4.3716,7.1028,7.3799,8.7959,8.7959,9.2217,9.2218,11.1889,11.1889,11.5946,11.5946,11.7579,11.7579,11.9328,12.3879,12.3879,12.9983,13.31,13.6128,13.6128,14.273,14.5363,14.7167,15.0099,15.0099,15.2393,15.2393,15.7097,15.7097,16.0211,16.9735,17.1215,17.1216,17.7606,18.6053,18.6053,19.9741,19.9742,20.341,20.544,20.6204,20.6204,21.0295,21.0295,21.6961,22.0864,22.0865,22.2287,22.3164,22.3164,22.3953,23.0196,23.1405,23.433,23.4333,23.9061,23.9145,23.942,23.9843
7.129345110727232,-64.527,-64.5269,-64.5269,-64.5268,-64.487,-64.4869,-64.4869,-64.4869,-64.4869,-64.4869,-64.4868,-64.4868,-64.4283,-64.4282,-64.4282,-64.4282,-64.3409,-64.3409,-10.199,-10.1984,-8.1683,-8.1683,-6.7977,-6.7919,-1.0118,-1.0118,-0.9904,-0.8219,-0.8219,-0.7789,-0.487,-0.487,0.1463,0.1463,0.3055,0.6949,1.1101,1.1101,1.2355,1.2355,2.0385,2.129,2.2203,2.2646,2.2893,2.2893,2.3822,2.3823,2.6772,2.6773,2.7086,2.7086,2.8088,2.822,2.822,2.8383,2.9492,2.9672,2.9672,2.9934,3.1063,3.1063,3.1707,3.1972,3.2962,3.305,3.9715,3.9716,4.374,4.374,7.104,7.3785,8.7818,8.7818,9.2404,9.2404,11.1802,11.1802,11.5973,11.5973,11.7582,11.7582,11.9362,12.382,12.382,12.9837,13.3227,13.6246,13.6246,14.2631,14.5459,14.7186,15.0042,15.0042,15.2448,15.2448,15.7088,15.7088,16.021,16.9543,17.106,17.106,17.7839,18.6229,18.6229,19.9755,19.9756,20.3221,20.5546,20.6172,20.6172,21.0301,21.0301,21.691,22.0771,22.0772,22.2243,22.3091,22.3091,22.3829,23.038,23.1567,23.4433,23.4459,23.9012,23.9123,23.954,23.9734
7.138899448179062,-64.5269,-64.5269,-64.5268,-64.5268,-64.487,-64.4869,-64.4869,-64.4869,-64.4869,-64.4868,-64.4868,-64.4868,-64.4284,-64.4283,-64.4282,-64.4282,-64.341,-64.3409,-10.199,-10.1984,-8.1683,-8.1683,-6.7977,-6.7919,-1.0124,-1.0124,-0.9891,-0.8204,-0.8204,-0.781,-0.4883,-0.4883,0.1467,0.1467,0.3088,0.6919,1.1101,1.1101,1.2355,1.2355,2.0396,2.1287,2.2205,2.264,2.2893,2.2893,2.3821,2.3822,2.6775,2.6775,2.7084,2.7084,2.809,2.8229,2.8229,2.8379,2.9496,2.9652,2.9652,2.9931,3.108,3.108,3.1709,3.1969,3.2963,3.3049,3.9677,3.9677,4.3777,4.3778,7.106,7.3762,8.7608,8.7608,9.2689,9.2689,11.166,11.166,11.6014,11.6014,11.7586,11.7587,11.9418,12.3726,12.3726,12.9616,13.3418,13.6437,13.6437,14.248,14.5604,14.7216,14.9951,14.9951,15.2533,15.2533,15.7073,15.7073,16.021,16.9245,17.081,17.081,17.8204,18.6513,18.6513,19.9778,19.9778,20.2932,20.5697,20.6119,20.6119,21.031,21.031,21.6824,22.0613,22.0614,22.2175,22.2983,22.2984,22.3643,23.067,23.1853,23.4601,23.4615,23.8953,23.9162,23.9649,23.9775
7.148453785630893,-64.5269,-64.5269,-64.5268,-64.5267,-64.487,-64.4869,-64.4869,-64.4869,-64.4869,-64.4868,-64.4868,-64.4868,-64.4284,-64.4283,-64.4282,-64.4282,-64.341,-64.3409,-10.199,-10.1984,-8.1683,-8.1683,-6.7976,-6.792,-1.0133,-1.0132,-0.9872,-0.8184,-0.8184,-0.7839,-0.4899,-0.4899,0.1473,0.1473,0.3134,0.6878,1.1101,1.1102,1.2354,1.2354,2.0411,2.1281,2.2209,2.2634,2.2893,2.2894,2.382,2.3821,2.6778,2.6779,2.7082,2.7082,2.8092,2.824,2.824,2.8375,2.9502,2.9625,2.9625,2.9927,3.1104,3.1104,3.1712,3.1966,3.2965,3.3049,3.9625,3.9625,4.3828,4.3828,7.1088,7.373,8.7353,8.7353,9.305,9.305,11.1467,11.1467,11.6067,11.6067,11.7593,11.7593,11.9496,12.3601,12.3601,12.934,13.3651,13.6697,13.6697,14.229,14.5784,14.7257,14.9833,14.9833,15.2642,15.2642,15.7053,15.7053,16.021,16.8868,17.0478,17.0478,17.8677,18.6892,18.6893,19.981,19.981,20.2563,20.5878,20.6045,20.6045,21.0323,21.0323,21.6703,22.0387,22.0387,22.2088,22.2856,22.2856,22.3414,23.1043,23.2227,23.4809,23.4813,23.8929,23.9033,23.9767,23.9846
7.158008123082723,-64.5269,-64.5269,-64.5268,-64.5267,-64.487,-64.4869,-64.4869,-64.4869,-64.4869,-64.4868,-64.4868,-64.4868,-64.4284,-64.4283,-64.4282,-64.4282,-64.341,-64.3409,-10.199,-10.1984,-8.1683,-8.1683,-6.7975,-6.792,-1.0143,-1.0142,-0.9848,-0.816,-0.816,-0.7876,-0.492,-0.492,0.1481,0.1481,0.3192,0.6826,1.1102,1.1102,1.2353,1.2353,2.043,2.1274,2.2212,2.2626,2.2894,2.2894,2.3819,2.3819,2.6782,2.6783,2.708,2.708,2.8095,2.8255,2.8255,2.8369,2.9509,2.9592,2.9592,2.9922,3.1132,3.1132,3.1716,3.1963,3.2966,3.3048,3.9562,3.9562,4.389,4.389,7.1123,7.369,8.7071,8.7071,9.3465,9.3465,11.1228,11.1228,11.6129,11.6129,11.7602,11.7602,11.9597,12.3452,12.3452,12.9026,13.391,13.7017,13.7017,14.2074,14.5986,14.7309,14.9692,14.9693,15.277,15.277,15.7028,15.7028,16.0212,16.8435,17.008,17.008,17.9234,18.7353,18.7353,19.9849,19.9849,20.2126,20.595,20.5951,20.608,21.0339,21.0339,21.6546,22.0092,22.0093,22.1991,22.2725,22.2725,22.3162,23.1483,23.2706,23.5043,23.5112,23.8886,23.9019,24.004,24.0554
7.167562460534554,-64.5269,-64.5269,-64.5268,-64.5267,-64.487,-64.4869,-64.4869,-64.4869,-64.4869,-64.4868,-64.4868,-64.4868,-64.4284,-64.4283,-64.4283,-64.4283,-64.341,-64.3409,-10.199,-10.1984,-8.1683,-8.1683,-6.7974,-6.7921,-1.0154,-1.0154,-0.982,-0.8131,-0.8131,-0.792,-0.4945,-0.4945,0.1489,0.1489,0.3261,0.6763,1.1102,1.1103,1.2351,1.2352,2.0452,2.1265,2.2217,2.2616,2.2894,2.2895,2.3817,2.3817,2.6787,2.6788,2.7076,2.7077,2.8099,2.8273,2.8273,2.8363,2.9518,2.9553,2.9553,2.9915,3.1164,3.1164,3.172,3.1958,3.2968,3.3046,3.949,3.9491,4.3959,4.396,7.1166,7.3641,8.6779,8.6779,9.3921,9.3921,11.0946,11.0946,11.6195,11.6195,11.7613,11.7613,11.9719,12.3286,12.3286,12.8685,13.4186,13.7389,13.7389,14.184,14.6201,14.737,14.9533,14.9533,15.2911,15.2911,15.7,15.7,16.0217,16.7964,16.9629,16.9629,17.9856,18.7879,18.7879,19.9895,19.9895,20.1631,20.5835,20.5836,20.6299,21.0357,21.0358,21.6351,21.9737,21.9737,22.1887,22.2599,22.2602,22.2906,23.1975,23.3264,23.5284,23.5431,23.8834,23.9239,24.0378,24.1811
7.177116797986384,-64.5269,-64.5269,-64.5268,-64.5267,-64.487,-64.4869,-64.4869,-64.4869,-64.4869,-64.4868,-64.4868,-64.4868,-64.4284,-64.4283,-64.4283,-64.4283,-64.341,-64.3409,-10.199,-10.1984,-8.1683,-8.1683,-6.7973,-6.7923,-1.0167,-1.0167,-0.9786,-0.8099,-0.8098,-0.797,-0.4973,-0.4973,0.1499,0.1499,0.3342,0.6689,1.1103,1.1103,1.235,1.235,2.0478,2.1255,2.2223,2.2605,2.2895,2.2895,2.3815,2.3815,2.6793,2.6793,2.7073,2.7073,2.8103,2.8294,2.8294,2.8355,2.951,2.951,2.9528,2.9907,3.1199,3.1199,3.1725,3.1953,3.297,3.3045,3.9412,3.9413,4.4036,4.4036,7.1216,7.3584,8.6486,8.6486,9.4405,9.4405,11.0627,11.0628,11.6264,11.6264,11.7625,11.7625,11.9862,12.3109,12.3109,12.8326,13.4471,13.7804,13.7804,14.1593,14.6422,14.7439,14.9358,14.9358,15.306,15.306,15.697,15.697,16.0227,16.7471,16.9141,16.9142,18.0529,18.8457,18.8457,19.9947,19.9947,20.1082,20.57,20.57,20.6534,21.0379,21.0379,21.612,21.9329,21.9329,22.1783,22.2484,22.2484,22.2651,23.2497,23.383,23.5514,23.5551,23.8784,23.8898,24.0689,24.0918
7.186671135438215,-64.5269,-64.5269,-64.5268,-64.5267,-64.487,-64.4869,-64.4869,-64.4869,-64.4869,-64.4868,-64.4868,-64.4868,-64.4284,-64.4283,-64.4283,-64.4283,-64.341,-64.3409,-10.199,-10.1984,-8.1683,-8.1683,-6.7972,-6.7924,-1.018,-1.018,-0.9747,-0.8063,-0.8063,-0.8027,-0.5004,-0.5004,0.151,0.151,0.3434,0.6605,1.1103,1.1104,1.2348,1.2349,2.0506,2.1242,2.223,2.2592,2.2896,2.2896,2.3813,2.3813,2.6799,2.6799,2.7069,2.7069,2.8108,2.8318,2.8318,2.8346,2.9463,2.9463,2.9539,2.9898,3.1236,3.1236,3.1731,3.1947,3.2972,3.3043,3.933,3.9331,4.4115,4.4116,7.1273,7.3519,8.6199,8.6199,9.491,9.491,11.0276,11.0276,11.6332,11.6332,11.764,11.764,12.0026,12.2928,12.2928,12.7953,13.476,13.8255,13.8255,14.1339,14.6643,14.7516,14.917,14.917,15.3213,15.3213,15.6939,15.6939,16.0245,16.6966,16.8629,16.863,18.1241,18.9074,18.9074,20.0003,20.0003,20.0486,20.5546,20.5546,20.6785,21.0403,21.0403,21.5852,21.8883,21.8884,22.1683,22.238,22.238,22.2414,23.3057,23.4499,23.5727,23.5796,23.8742,23.9003,24.101,24.1618
7.196225472890045,-64.5269,-64.5269,-64.5268,-64.5267,-64.487,-64.4869,-64.4869,-64.4869,-64.4869,-64.4868,-64.4868,-64.4868,-64.4284,-64.4283,-64.4283,-64.4283,-64.341,-64.3409,-10.199,-10.1985,-8.1683,-8.1683,-6.7971,-6.7925,-1.0194,-1.0194,-0.9703,-0.809,-0.8026,-0.8026,-0.5037,-0.5037,0.1521,0.1521,0.3535,0.6512,1.1104,1.1104,1.2347,1.2347,2.0537,2.1228,2.2237,2.2578,2.2896,2.2897,2.3811,2.3811,2.6806,2.6806,2.7065,2.7065,2.8114,2.8337,2.8344,2.8345,2.9413,2.9413,2.9552,2.9888,3.1274,3.1274,3.1738,3.1941,3.2975,3.3042,3.9246,3.9247,4.4197,4.4197,7.1336,7.3447,8.5923,8.5923,9.5429,9.5429,10.9897,10.9897,11.6398,11.6398,11.7656,11.7656,12.021,12.2747,12.2747,12.7571,13.5051,13.8732,13.8732,14.1079,14.686,14.7597,14.8969,14.8969,15.3366,15.3366,15.691,15.691,16.0271,16.6457,16.8105,16.8106,18.1985,18.9716,18.9717,19.9847,20.0061,20.0061,20.5372,20.5373,20.7052,21.0429,21.043,21.555,21.8414,21.8415,22.1588,22.2197,22.2286,22.2288,23.3626,23.5161,23.5925,23.6,23.8725,23.9274,24.1341,24.1612
7.205779810341876,-64.5269,-64.5268,-64.5268,-64.5267,-64.487,-64.4869,-64.4869,-64.4869,-64.4868,-64.4868,-64.4868,-64.4868,-64.4284,-64.4283,-64.4283,-64.4283,-64.341,-64.3409,-10.1989,-10.1985,-8.1683,-8.1683,-6.7969,-6.7927,-1.0208,-1.0208,-0.9654,-0.8157,-0.7987,-0.7987,-0.5072,-0.5072,0.1533,0.1533,0.3646,0.641,1.1105,1.1105,1.2345,1.2345,2.0571,2.1212,2.2246,2.2563,2.2897,2.2897,2.3808,2.3809,2.6813,2.6813,2.706,2.7061,2.812,2.8327,2.8374,2.8374,2.9361,2.9361,2.9565,2.9878,3.1312,3.1312,3.1745,3.1934,3.2977,3.304,3.9162,3.9163,4.4278,4.4279,7.1407,7.3369,8.5663,8.5663,9.5956,9.5957,10.9495,10.9495,11.6459,11.6459,11.7674,11.7674,12.0413,12.2571,12.2571,12.7182,13.5342,13.9228,13.9228,14.0815,14.707,14.7682,14.8756,14.8756,15.3517,15.3517,15.6883,15.6883,16.0309,16.5952,16.7581,16.7581,18.2755,19.0374,19.0374,19.9169,20.0121,20.0121,20.5182,20.5182,20.7336,21.0457,21.0457,21.5217,21.7934,21.7934,22.1502,22.2002,22.2202,22.2203,23.4208,23.5867,23.6069,23.6094,23.8676,23.8718,24.1461,24.1665
7.2153341477937065,-64.5269,-64.5268,-64.5268,-64.5267,-64.4869,-64.4868,-64.4868,-64.4868,-64.4868,-64.4868,-64.4868,-64.4867,-64.4284,-64.4284,-64.4283,-64.4283,-64.341,-64.341,-10.1989,-10.1985,-8.1683,-8.1683,-6.7967,-6.7929,-1.0222,-1.0221,-0.9602,-0.8229,-0.7948,-0.7948,-0.5107,-0.5107,0.1544,0.1544,0.3764,0.63,1.1105,1.1106,1.2343,1.2343,2.0607,2.1194,2.2256,2.2547,2.2898,2.2898,2.3806,2.3806,2.682,2.682,2.7056,2.7056,2.8127,2.8317,2.8407,2.8407,2.9307,2.9308,2.958,2.9866,3.1349,3.1349,3.1753,3.1927,3.298,3.3038,3.9081,3.9081,4.4357,4.4357,7.1483,7.3285,8.5422,8.5422,9.6487,9.6487,10.9075,10.9076,11.6516,11.6516,11.7693,11.7693,12.0635,12.2403,12.2403,12.6789,13.5631,13.9736,13.9736,14.0549,14.7269,14.7769,14.8531,14.8531,15.3662,15.3662,15.6862,15.6862,16.036,16.5454,16.7065,16.7065,18.3546,19.1036,19.1036,19.8458,20.0179,20.0179,20.4976,20.4976,20.7637,21.0487,21.0487,21.4856,21.7455,21.7455,22.1424,22.1832,22.2127,22.2127,23.4795,23.6204,23.6221,23.6581,23.8629,23.8673,24.1523,24.1614
7.224888485245537,-64.5269,-64.5268,-64.5268,-64.5267,-64.487,-64.4869,-64.4869,-64.4868,-64.4868,-64.4868,-64.4868,-64.4867,-64.4284,-64.4284,-64.4283,-64.4283,-64.341,-64.341,-10.1989,-10.1985,-8.1683,-8.1683,-6.7965,-6.793,-1.0234,-1.0234,-0.9544,-0.8304,-0.791,-0.791,-0.5142,-0.5142,0.1555,0.1555,0.389,0.6182,1.1106,1.1106,1.2341,1.2342,2.0644,2.1175,2.2266,2.253,2.2899,2.2899,2.3804,2.3804,2.6827,2.6827,2.7051,2.7051,2.8134,2.8306,2.8442,2.8442,2.9252,2.9253,2.9595,2.9853,3.1384,3.1384,3.1761,3.1918,3.2983,3.3035,3.9003,3.9003,4.4432,4.4432,7.1565,7.3195,8.52,8.5201,9.7014,9.7015,10.8644,10.8645,11.6568,11.6568,11.7713,11.7713,12.0874,12.2247,12.2247,12.6394,13.5918,14.0247,14.0247,14.0282,14.7454,14.7855,14.8296,14.8296,15.3798,15.3798,15.6847,15.6847,16.0428,16.4968,16.6568,16.6568,18.4354,19.1691,19.1691,19.7716,20.0234,20.0234,20.4757,20.4757,20.7954,21.0518,21.0518,21.4471,21.6991,21.6991,22.1356,22.1686,22.2059,22.2062,23.5382,23.6309,23.6371,23.7274,23.8598,23.8665,24.1537,24.2058
7.234442822697368,-64.5269,-64.5268,-64.5268,-64.5267,-64.487,-64.4869,-64.4869,-64.4868,-64.4868,-64.4868,-64.4868,-64.4867,-64.4284,-64.4284,-64.4283,-64.4282,-64.341,-64.3409,-10.1989,-10.1985,-8.1683,-8.1683,-6.7964,-6.7932,-1.0247,-1.0246,-0.9483,-0.8382,-0.7873,-0.7873,-0.5176,-0.5176,0.1565,0.1565,0.4022,0.6057,1.1107,1.1107,1.234,1.234,2.0682,2.1153,2.2277,2.2512,2.2899,2.29,2.3801,2.3802,2.6834,2.6835,2.7046,2.7046,2.8142,2.8294,2.848,2.848,2.9197,2.9197,2.961,2.984,3.1417,3.1417,3.177,3.191,3.2987,3.3033,3.893,3.8931,4.4502,4.4502,7.1652,7.3101,8.5002,8.5002,9.7533,9.7533,10.8209,10.8209,11.6613,11.6613,11.7733,11.7733,12.1131,12.2105,12.2105,12.5999,13.6203,14.0014,14.0754,14.0754,14.7623,14.7938,14.8052,14.8052,15.3922,15.3922,15.6841,15.6841,16.0515,16.4498,16.6098,16.6099,18.5176,19.2328,19.2328,19.6949,20.0283,20.0283,20.453,20.453,20.8289,21.055,21.055,21.4067,21.655,21.655,22.1297,22.1561,22.1999,22.1999,23.5978,23.64,23.6423,23.7955,23.8564,23.8608,24.1528,24.1571
7.243997160149198,-64.5269,-64.5268,-64.5268,-64.5267,-64.487,-64.4869,-64.4869,-64.4868,-64.4868,-64.4868,-64.4868,-64.4867,-64.4284,-64.4284,-64.4283,-64.4282,-64.341,-64.3409,-10.1989,-10.1986,-8.1683,-8.1683,-6.7961,-6.7934,-1.0257,-1.0257,-0.9418,-0.8463,-0.7838,-0.7838,-0.5207,-0.5207,0.1575,0.1575,0.416,0.5926,1.1107,1.1107,1.2338,1.2338,2.072,2.1129,2.229,2.2494,2.29,2.29,2.3799,2.38,2.6841,2.6841,2.7041,2.7042,2.8151,2.8283,2.852,2.8521,2.914,2.914,2.9627,2.9826,3.1447,3.1447,3.178,3.1901,3.299,3.303,3.8865,3.8865,4.4565,4.4565,7.1743,7.3002,8.4827,8.4827,9.8033,9.8033,10.7778,10.7778,11.6652,11.6652,11.7752,11.7752,12.1405,12.1978,12.1978,12.5604,13.6485,13.9746,14.1247,14.1247,14.7774,14.7801,14.7801,14.8015,15.4031,15.4031,15.6843,15.6843,16.0624,16.4045,16.5666,16.5666,18.601,19.2934,19.2934,19.616,20.0325,20.0325,20.4299,20.43,20.864,21.0581,21.0581,21.3648,21.6144,21.6144,22.1248,22.1456,22.1946,22.1946,23.6471,23.6499,23.6538,23.8537,23.856,23.8612,24.1566,24.1629
7.253551497601029,-64.5269,-64.5268,-64.5268,-64.5267,-64.487,-64.4869,-64.4869,-64.4868,-64.4868,-64.4868,-64.4868,-64.4867,-64.4284,-64.4284,-64.4283,-64.4283,-64.341,-64.341,-10.1988,-10.1986,-8.1683,-8.1683,-6.7959,-6.7937,-1.0267,-1.0267,-0.935,-0.8546,-0.7807,-0.7807,-0.5236,-0.5236,0.1583,0.1584,0.4302,0.579,1.1108,1.1108,1.2337,1.2337,2.0759,2.1104,2.2303,2.2475,2.2901,2.2901,2.3798,2.3798,2.6847,2.6848,2.7037,2.7037,2.816,2.8271,2.8563,2.8563,2.9084,2.9084,2.9643,2.9811,3.1473,3.1474,3.1789,3.1891,3.2993,3.3027,3.8807,3.8807,4.462,4.462,7.1839,7.29,8.4677,8.4677,9.8506,9.8506,10.7363,10.7363,11.6685,11.6685,11.7771,11.7771,12.1693,12.1869,12.1869,12.5212,13.6764,13.9478,14.1718,14.1718,14.7547,14.7547,14.7906,14.8085,15.4125,15.4125,15.6853,15.6853,16.0756,16.3613,16.528,16.528,18.6853,19.3497,19.3497,19.5352,20.0356,20.0356,20.4074,20.4074,20.9006,21.0612,21.0612,21.3218,21.5781,21.5781,22.1209,22.137,22.19,22.19,23.6527,23.6542,23.7123,23.8509,23.8522,23.9096,24.1508,24.1542
7.263105835052859,-64.5269,-64.5268,-64.5268,-64.5267,-64.4869,-64.4869,-64.4868,-64.4868,-64.4868,-64.4868,-64.4868,-64.4867,-64.4283,-64.4283,-64.4283,-64.4283,-64.341,-64.3409,-10.1988,-10.1986,-8.1683,-8.1683,-6.7957,-6.7939,-1.0275,-1.0275,-0.9278,-0.8629,-0.778,-0.778,-0.5261,-0.5261,0.1591,0.1591,0.4449,0.5648,1.1108,1.1108,1.2336,1.2336,2.0798,2.1076,2.2317,2.2456,2.2901,2.2902,2.3796,2.3796,2.6853,2.6853,2.7033,2.7033,2.817,2.8259,2.8607,2.8608,2.9028,2.9028,2.966,2.9796,3.1496,3.1496,3.18,3.1881,3.2997,3.3024,3.8759,3.8759,4.4666,4.4666,7.1939,7.2795,8.4553,8.4553,9.8938,9.8938,10.6977,10.6977,11.6712,11.6712,11.7787,11.7787,12.1778,12.1778,12.1996,12.4825,13.7042,13.9209,14.2152,14.2152,14.7298,14.7298,14.8017,14.8146,15.4201,15.4201,15.6869,15.6869,16.0914,16.3204,16.4948,16.4948,18.7703,19.3998,19.3999,19.4528,20.0376,20.0376,20.3864,20.3865,20.9387,21.0641,21.0641,21.2782,21.547,21.547,22.1179,22.13,22.1862,22.1863,23.6572,23.661,23.7646,23.8482,23.8521,23.95,24.1494,24.1621
7.27266017250469,-64.5269,-64.5268,-64.5268,-64.5267,-64.4869,-64.4869,-64.4868,-64.4868,-64.4868,-64.4868,-64.4868,-64.4867,-64.4284,-64.4284,-64.4283,-64.4283,-64.341,-64.341,-10.1988,-10.1986,-8.1683,-8.1683,-6.7955,-6.7941,-1.0281,-1.0281,-0.9203,-0.8713,-0.7758,-0.7758,-0.5282,-0.5282,0.1597,0.1597,0.4598,0.5503,1.1108,1.1108,1.2335,1.2335,2.0837,2.1047,2.2332,2.2437,2.2902,2.2902,2.3795,2.3795,2.6858,2.6858,2.7029,2.703,2.818,2.8247,2.8654,2.8654,2.8972,2.8972,2.9677,2.978,3.1514,3.1514,3.181,3.1871,3.3,3.3021,3.872,3.872,4.4703,4.4703,7.2041,7.2688,8.4456,8.4456,9.9311,9.9311,10.6639,10.6639,11.6732,11.6732,11.7801,11.7801,12.1706,12.1706,12.2313,12.4442,13.7317,13.894,14.2533,14.2533,14.7066,14.7066,14.8105,14.8193,15.426,15.426,15.6887,15.6887,16.1099,16.282,16.4679,16.4679,18.8559,19.3693,19.4421,19.4421,20.0385,20.0385,20.3682,20.3682,20.9781,21.0666,21.0666,21.2341,21.5218,21.5218,22.1159,22.1245,22.1833,22.1833,23.6624,23.6668,23.8191,23.8477,23.8646,23.9721,24.1509,24.1572
7.28221450995652,-64.5269,-64.5268,-64.5268,-64.5267,-64.4869,-64.4869,-64.4868,-64.4868,-64.4868,-64.4868,-64.4868,-64.4867,-64.4284,-64.4283,-64.4283,-64.4283,-64.341,-64.3409,-10.1988,-10.1987,-8.1683,-8.1683,-6.7953,-6.7943,-1.0286,-1.0286,-0.9126,-0.8798,-0.7742,-0.7742,-0.5297,-0.5297,0.1601,0.1601,0.4749,0.5355,1.1109,1.1109,1.2334,1.2334,2.0875,2.1015,2.2348,2.2418,2.2902,2.2902,2.3794,2.3794,2.6861,2.6862,2.7027,2.7027,2.8191,2.8236,2.8702,2.8702,2.8918,2.8918,2.9695,2.9763,3.1527,3.1527,3.182,3.1861,3.3004,3.3018,3.8692,3.8692,4.473,4.473,7.2147,7.258,8.4386,8.4386,9.9603,9.9604,10.6371,10.6371,11.6747,11.6747,11.7811,11.7811,12.1654,12.1654,12.2642,12.4065,13.759,13.8672,14.2838,14.2838,14.687,14.687,14.8172,14.8226,15.4301,15.4301,15.6905,15.6905,16.1313,16.2461,16.448,16.448,18.9418,19.2848,19.4744,19.4744,20.0386,20.0386,20.3539,20.354,21.0187,21.0686,21.0686,21.1901,21.5033,21.5033,22.1147,22.1203,22.1811,22.1812,23.6653,23.6802,23.8451,23.8568,23.875,23.9787,24.1491,24.1794
7.291768847408351,-64.5269,-64.5268,-64.5268,-64.5267,-64.4869,-64.4869,-64.4868,-64.4868,-64.4868,-64.4868,-64.4868,-64.4867,-64.4284,-64.4283,-64.4283,-64.4283,-64.341,-64.3409,-10.1987,-10.1987,-8.1683,-8.1683,-6.795,-6.7946,-1.0289,-1.0289,-0.9046,-0.8882,-0.7732,-0.7732,-0.5306,-0.5306,0.1603,0.1603,0.4901,0.5205,1.1109,1.1109,1.2334,1.2334,2.0912,2.0982,2.2365,2.24,2.2902,2.2902,2.3793,2.3794,2.6863,2.6864,2.7025,2.7026,2.8201,2.8224,2.875,2.875,2.8866,2.8866,2.9712,2.9747,3.1535,3.1535,3.183,3.1851,3.3007,3.3014,3.8675,3.8675,4.4746,4.4746,7.2254,7.2471,8.4344,8.4344,9.9792,9.9792,10.6197,10.6197,11.6755,11.6755,11.7817,11.7817,12.1623,12.1623,12.2983,12.3696,13.7862,13.8402,14.3039,14.3039,14.6736,14.6736,14.8216,14.8242,15.4325,15.4325,15.6917,15.6917,16.1556,16.2131,16.4358,16.4358,19.0278,19.1995,19.4948,19.4948,20.0384,20.0384,20.3449,20.3449,21.0604,21.0698,21.0698,21.1463,21.492,21.492,22.1146,22.1173,22.1798,22.1798,23.6641,23.6669,23.8432,23.848,23.9043,23.9634,24.1459,24.1477
7.301323184860181,-64.5269,-64.5268,-64.5268,-64.5267,-64.4869,-64.4869,-64.4868,-64.4868,-64.4868,-64.4868,-64.4868,-64.4867,-64.4283,-64.4283,-64.4283,-64.4283,-64.341,-64.3409,-10.1987,-10.1987,-8.1683,-8.1683,-6.7948,-6.7948,-1.029,-1.029,-0.8964,-0.8964,-0.7728,-0.7728,-0.5309,-0.5309,0.1604,0.1604,0.5053,0.5053,1.1109,1.1109,1.2334,1.2334,2.0948,2.0948,2.2382,2.2382,2.2902,2.2903,2.3793,2.3793,2.6864,2.6865,2.7025,2.7025,2.8212,2.8213,2.8782,2.8783,2.8832,2.8832,2.973,2.973,3.1537,3.1538,3.1841,3.1841,3.3011,3.3011,3.8669,3.8669,4.4751,4.4751,7.2362,7.2362,8.433,8.433,9.9858,9.9858,10.6137,10.6137,11.6758,11.6758,11.7819,11.7819,12.1612,12.1612,12.3335,12.3335,13.8133,13.8133,14.311,14.311,14.6687,14.6687,14.8239,14.8239,15.4333,15.4333,15.6922,15.6922,16.1829,16.1829,16.4317,16.4317,19.1138,19.1138,19.5018,19.5018,20.0382,20.0382,20.3417,20.3417,21.0703,21.0703,21.103,21.103,21.4882,21.4882,22.1154,22.1154,22.1794,22.1794,23.665,23.6687,23.8435,23.847,23.9387,23.9417,24.1466,24.1512
